[30-May-2026 07:38:21] PHP Notice:  Undefined variable: mess in /var/www/html/prof/Garden/Greenhous_prodi.php on line 43
[30-May-2026 07:38:21] PHP Notice:  Undefined variable: mess in /var/www/html/prof/Garden/Greenhous_prodi.php on line 58
[30-May-2026 07:38:21] PHP Notice:  Undefined variable: mess in /var/www/html/prof/Garden/Greenhous_prodi.php on line 135
[30-May-2026 07:38:21] PHP Notice:  Undefined variable: id_city in /var/www/html/prof/Garden/Greenhous_prodi.php on line 221
[30-May-2026 07:38:21] PHP Notice:  Undefined variable: add_abadi in /var/www/html/prof/Garden/Greenhous_prodi.php on line 222
[30-May-2026 07:38:21] PHP Notice:  Undefined variable: add_city in /var/www/html/prof/Garden/Greenhous_prodi.php on line 223
[30-May-2026 07:38:21] PHP Notice:  Undefined variable: t_mar in /var/www/html/prof/Garden/Greenh_prod.php on line 332
[30-May-2026 07:38:21] PHP Notice:  Undefined variable: z_dep in /var/www/html/prof/Garden/Greenh_prod.php on line 337
[30-May-2026 07:38:21] PHP Notice:  Undefined variable: t_zan in /var/www/html/prof/Garden/Greenh_prod.php on line 343
[30-May-2026 07:38:21] PHP Notice:  Undefined variable: lisan in /var/www/html/prof/Garden/Greenh_prod.php on line 347
[30-May-2026 07:38:21] PHP Notice:  Undefined variable: m_fani in /var/www/html/prof/Garden/Greenh_prod.php on line 355
[30-May-2026 07:38:21] PHP Notice:  Undefined variable: m_fani in /var/www/html/prof/Garden/Greenh_prod.php on line 356
[30-May-2026 07:38:21] PHP Notice:  Undefined variable: t_mar in /var/www/html/prof/Garden/Greenh_prod.php on line 361
[30-May-2026 07:38:21] PHP Notice:  Undefined variable: gar_ma in /var/www/html/prof/Garden/Greenh_prod.php on line 380
[30-May-2026 07:38:21] PHP Notice:  Undefined variable: gar_m in /var/www/html/prof/Garden/Greenh_prod.php on line 383
[30-May-2026 07:38:21] PHP Notice:  Undefined variable: gar_ja in /var/www/html/prof/Garden/Greenh_prod.php on line 386
[30-May-2026 07:38:21] PHP Notice:  Undefined variable: gar_j in /var/www/html/prof/Garden/Greenh_prod.php on line 389
[30-May-2026 07:38:21] PHP Notice:  Undefined variable: hash_ma in /var/www/html/prof/Garden/Greenh_prod.php on line 395
[30-May-2026 07:38:21] PHP Notice:  Undefined variable: hash_m in /var/www/html/prof/Garden/Greenh_prod.php on line 398
[30-May-2026 07:38:21] PHP Notice:  Undefined variable: hash_ja in /var/www/html/prof/Garden/Greenh_prod.php on line 401
[30-May-2026 07:38:21] PHP Notice:  Undefined variable: hash_j in /var/www/html/prof/Garden/Greenh_prod.php on line 404
[30-May-2026 07:38:21] PHP Notice:  Undefined variable: zof_ma in /var/www/html/prof/Garden/Greenh_prod.php on line 410
[30-May-2026 07:38:21] PHP Notice:  Undefined variable: zof_m in /var/www/html/prof/Garden/Greenh_prod.php on line 413
[30-May-2026 07:38:21] PHP Notice:  Undefined variable: zof_ja in /var/www/html/prof/Garden/Greenh_prod.php on line 416
[30-May-2026 07:38:21] PHP Notice:  Undefined variable: zof_j in /var/www/html/prof/Garden/Greenh_prod.php on line 419
[30-May-2026 07:38:21] PHP Notice:  Undefined variable: kod_h3_a in /var/www/html/prof/Garden/Greenh_prod.php on line 446
[30-May-2026 07:38:21] PHP Notice:  Undefined variable: kod_h3_m in /var/www/html/prof/Garden/Greenh_prod.php on line 449
[30-May-2026 07:38:21] PHP Notice:  Undefined variable: kod_h2_a in /var/www/html/prof/Garden/Greenh_prod.php on line 453
[30-May-2026 07:38:21] PHP Notice:  Undefined variable: kod_h2_m in /var/www/html/prof/Garden/Greenh_prod.php on line 456
[30-May-2026 07:38:21] PHP Notice:  Undefined variable: kod_h1_a in /var/www/html/prof/Garden/Greenh_prod.php on line 460
[30-May-2026 07:38:21] PHP Notice:  Undefined variable: kod_h1_m in /var/www/html/prof/Garden/Greenh_prod.php on line 463
[30-May-2026 07:38:21] PHP Notice:  Undefined variable: kod_sh3_a in /var/www/html/prof/Garden/Greenh_prod.php on line 470
[30-May-2026 07:38:21] PHP Notice:  Undefined variable: kod_sh3_m in /var/www/html/prof/Garden/Greenh_prod.php on line 473
[30-May-2026 07:38:21] PHP Notice:  Undefined variable: kod_sh2_a in /var/www/html/prof/Garden/Greenh_prod.php on line 477
[30-May-2026 07:38:21] PHP Notice:  Undefined variable: kod_sh2_m in /var/www/html/prof/Garden/Greenh_prod.php on line 480
[30-May-2026 07:38:21] PHP Notice:  Undefined variable: kod_sh1_a in /var/www/html/prof/Garden/Greenh_prod.php on line 484
[30-May-2026 07:38:21] PHP Notice:  Undefined variable: kod_sh1_m in /var/www/html/prof/Garden/Greenh_prod.php on line 487
[30-May-2026 07:38:21] PHP Notice:  Undefined variable: kod_bio3_a in /var/www/html/prof/Garden/Greenh_prod.php on line 494
[30-May-2026 07:38:21] PHP Notice:  Undefined variable: kod_bio3_m in /var/www/html/prof/Garden/Greenh_prod.php on line 497
[30-May-2026 07:38:21] PHP Notice:  Undefined variable: kod_bio2_a in /var/www/html/prof/Garden/Greenh_prod.php on line 501
[30-May-2026 07:38:21] PHP Notice:  Undefined variable: kod_bio2_m in /var/www/html/prof/Garden/Greenh_prod.php on line 504
[30-May-2026 07:38:21] PHP Notice:  Undefined variable: kod_bio1_a in /var/www/html/prof/Garden/Greenh_prod.php on line 508
[30-May-2026 07:38:21] PHP Notice:  Undefined variable: kod_bio1_m in /var/www/html/prof/Garden/Greenh_prod.php on line 511
[30-May-2026 07:38:21] PHP Notice:  Undefined variable: barg_m in /var/www/html/prof/Garden/Greenh_prod.php on line 541
[30-May-2026 07:38:21] PHP Notice:  Undefined variable: gazoil_m in /var/www/html/prof/Garden/Greenh_prod.php on line 545
[30-May-2026 07:38:21] PHP Notice:  Undefined variable: benz_m in /var/www/html/prof/Garden/Greenh_prod.php on line 548
[30-May-2026 07:38:21] PHP Notice:  Undefined variable: ab_m in /var/www/html/prof/Garden/Greenh_prod.php on line 551
[30-May-2026 07:38:21] PHP Notice:  Undefined variable: barg_a in /var/www/html/prof/Garden/Greenh_prod.php on line 563
[30-May-2026 07:38:21] PHP Notice:  Undefined variable: gazoil_a in /var/www/html/prof/Garden/Greenh_prod.php on line 567
[30-May-2026 07:38:21] PHP Notice:  Undefined variable: benz_a in /var/www/html/prof/Garden/Greenh_prod.php on line 570
[30-May-2026 07:38:21] PHP Notice:  Undefined variable: ab_a in /var/www/html/prof/Garden/Greenh_prod.php on line 573
[30-May-2026 07:38:21] PHP Notice:  Undefined variable: bazr_a in /var/www/html/prof/Garden/Greenh_prod.php on line 594
[30-May-2026 07:38:21] PHP Notice:  Undefined variable: bazr_m in /var/www/html/prof/Garden/Greenh_prod.php on line 598
[30-May-2026 07:38:21] PHP Notice:  Undefined variable: nesha_a in /var/www/html/prof/Garden/Greenh_prod.php on line 606
[30-May-2026 07:38:21] PHP Notice:  Undefined variable: nesha_m in /var/www/html/prof/Garden/Greenh_prod.php on line 611
[30-May-2026 07:38:21] PHP Notice:  Undefined variable: t_zgard in /var/www/html/prof/Garden/Greenh_prod.php on line 620
[30-May-2026 07:38:21] PHP Notice:  Undefined variable: t_hshekar in /var/www/html/prof/Garden/Greenh_prod.php on line 625
[30-May-2026 07:38:21] PHP Notice:  Undefined variable: b_say in /var/www/html/prof/Garden/Greenh_prod.php on line 647
[30-May-2026 07:38:21] PHP Notice:  Undefined variable: b_pet in /var/www/html/prof/Garden/Greenh_prod.php on line 650
[30-May-2026 07:38:21] PHP Notice:  Undefined variable: b_per in /var/www/html/prof/Garden/Greenh_prod.php on line 653
[30-May-2026 07:38:21] PHP Notice:  Undefined variable: b_mas in /var/www/html/prof/Garden/Greenh_prod.php on line 656
[30-May-2026 07:38:21] PHP Notice:  Undefined variable: b_coco in /var/www/html/prof/Garden/Greenh_prod.php on line 659
[30-May-2026 07:38:21] PHP Notice:  Undefined variable: id in /var/www/html/prof/Garden/Greenh_prod.php on line 697
[30-May-2026 07:38:21] PHP Notice:  Undefined variable: id in /var/www/html/prof/Garden/Greenh_prod.php on line 700
[30-May-2026 07:38:21] PHP Notice:  Undefined variable: id in /var/www/html/prof/Garden/Greenh_prod.php on line 713
[30-May-2026 07:38:21] PHP Notice:  Undefined variable: id in /var/www/html/prof/Garden/Greenh_prod.php on line 723
[30-May-2026 07:38:21] PHP Notice:  Undefined variable: mah_name in /var/www/html/prof/Garden/Greenh_prod.php on line 837
[30-May-2026 07:38:21] PHP Notice:  Undefined variable: mah_name in /var/www/html/prof/Garden/Greenh_prod.php on line 837
[30-May-2026 07:38:21] PHP Notice:  Undefined variable: number in /var/www/html/prof/Garden/Greenh_prod.php on line 887
[30-May-2026 07:38:24] PHP Notice:  Undefined variable: id_mar in /var/www/html/prof/Garden/ajax_Green.php on line 12
[30-May-2026 07:38:24] PHP Notice:  Undefined variable: id_mar in /var/www/html/prof/Garden/ajax_Green.php on line 12
[30-May-2026 07:38:24] PHP Notice:  Undefined variable: id_mar in /var/www/html/prof/Garden/ajax_Green.php on line 12
[30-May-2026 07:38:24] PHP Notice:  Undefined variable: id_mar in /var/www/html/prof/Garden/ajax_Green.php on line 12
[30-May-2026 07:38:24] PHP Notice:  Undefined variable: id_mar in /var/www/html/prof/Garden/ajax_Green.php on line 12
[30-May-2026 07:38:24] PHP Notice:  Undefined variable: id_mar in /var/www/html/prof/Garden/ajax_Green.php on line 12
[30-May-2026 07:38:24] PHP Notice:  Undefined variable: id_mar in /var/www/html/prof/Garden/ajax_Green.php on line 12
[30-May-2026 07:38:24] PHP Notice:  Undefined variable: id_mar in /var/www/html/prof/Garden/ajax_Green.php on line 12
[30-May-2026 07:38:36] PHP Notice:  Undefined variable: id_mar in /var/www/html/prof/Garden/ajax_Green.php on line 12
[30-May-2026 07:38:36] PHP Notice:  Undefined variable: id_mar in /var/www/html/prof/Garden/ajax_Green.php on line 12
[30-May-2026 07:38:36] PHP Notice:  Undefined variable: id_mar in /var/www/html/prof/Garden/ajax_Green.php on line 12
[30-May-2026 07:38:36] PHP Notice:  Undefined variable: id_mar in /var/www/html/prof/Garden/ajax_Green.php on line 12
[30-May-2026 07:38:36] PHP Notice:  Undefined variable: id_mar in /var/www/html/prof/Garden/ajax_Green.php on line 12
[30-May-2026 07:38:36] PHP Notice:  Undefined variable: id_mar in /var/www/html/prof/Garden/ajax_Green.php on line 12
[30-May-2026 07:38:36] PHP Notice:  Undefined variable: id_mar in /var/www/html/prof/Garden/ajax_Green.php on line 12
[30-May-2026 07:38:36] PHP Notice:  Undefined variable: id_mar in /var/www/html/prof/Garden/ajax_Green.php on line 12
[30-May-2026 07:38:36] PHP Notice:  Undefined variable: id in /var/www/html/prof/Garden/Greenh_prod.php on line 697
[30-May-2026 07:38:36] PHP Notice:  Undefined variable: id in /var/www/html/prof/Garden/Greenh_prod.php on line 700
[30-May-2026 07:38:36] PHP Notice:  Undefined variable: mah_name in /var/www/html/prof/Garden/Greenh_prod.php on line 837
[30-May-2026 07:38:36] PHP Notice:  Undefined variable: mah_name in /var/www/html/prof/Garden/Greenh_prod.php on line 837
[30-May-2026 07:38:36] PHP Notice:  Undefined variable: number in /var/www/html/prof/Garden/Greenh_prod.php on line 887
[30-May-2026 07:38:38] PHP Notice:  Undefined variable: id_mar in /var/www/html/prof/Garden/ajax_Green.php on line 12
[30-May-2026 07:38:38] PHP Notice:  Undefined variable: id_mar in /var/www/html/prof/Garden/ajax_Green.php on line 12
[30-May-2026 07:38:38] PHP Notice:  Undefined variable: id_mar in /var/www/html/prof/Garden/ajax_Green.php on line 12
[30-May-2026 07:38:38] PHP Notice:  Undefined variable: id_mar in /var/www/html/prof/Garden/ajax_Green.php on line 12
[30-May-2026 07:38:40] PHP Notice:  Undefined variable: y_prod in /var/www/html/prof/Garden/list_Greenhous_nonP.php on line 126
[30-May-2026 07:38:40] PHP Notice:  Undefined variable: y_prod in /var/www/html/prof/Garden/list_Greenhous_nonP.php on line 127
[30-May-2026 07:38:40] PHP Notice:  Undefined variable: y_prod in /var/www/html/prof/Garden/list_Greenhous_nonP.php on line 128
[30-May-2026 07:38:40] PHP Notice:  Undefined variable: y_prod in /var/www/html/prof/Garden/list_Greenhous_nonP.php on line 129
[30-May-2026 07:38:40] PHP Notice:  Undefined variable: id_ostan1 in /var/www/html/prof/Garden/list_Greenhous_nonP.php on line 138
[30-May-2026 07:38:40] PHP Notice:  Undefined variable: add_abadi in /var/www/html/prof/Garden/list_Greenhous_nonP.php on line 183
[30-May-2026 07:38:40] PHP Notice:  Undefined variable: add_abadi in /var/www/html/prof/Garden/list_Greenhous_nonP.php on line 183
[30-May-2026 07:38:40] PHP Notice:  Undefined variable: add_abadi in /var/www/html/prof/Garden/list_Greenhous_nonP.php on line 183
[30-May-2026 07:38:40] PHP Notice:  Undefined variable: add_abadi in /var/www/html/prof/Garden/list_Greenhous_nonP.php on line 183
[30-May-2026 07:38:40] PHP Notice:  Undefined variable: add_abadi in /var/www/html/prof/Garden/list_Greenhous_nonP.php on line 183
[30-May-2026 07:38:40] PHP Notice:  Undefined variable: add_abadi in /var/www/html/prof/Garden/list_Greenhous_nonP.php on line 183
[30-May-2026 07:38:40] PHP Notice:  Undefined variable: add_abadi in /var/www/html/prof/Garden/list_Greenhous_nonP.php on line 183
[30-May-2026 07:38:40] PHP Notice:  Undefined variable: add_abadi in /var/www/html/prof/Garden/list_Greenhous_nonP.php on line 183
[30-May-2026 07:38:40] PHP Notice:  Undefined variable: add_abadi in /var/www/html/prof/Garden/list_Greenhous_nonP.php on line 183
[30-May-2026 07:38:40] PHP Notice:  Undefined variable: add_abadi in /var/www/html/prof/Garden/list_Greenhous_nonP.php on line 183
[30-May-2026 07:38:40] PHP Notice:  Undefined variable: add_abadi in /var/www/html/prof/Garden/list_Greenhous_nonP.php on line 183
[30-May-2026 07:38:40] PHP Notice:  Undefined variable: add_abadi in /var/www/html/prof/Garden/list_Greenhous_nonP.php on line 183
[30-May-2026 07:38:40] PHP Notice:  Undefined variable: add_abadi in /var/www/html/prof/Garden/list_Greenhous_nonP.php on line 183
[30-May-2026 07:38:40] PHP Notice:  Undefined variable: add_abadi in /var/www/html/prof/Garden/list_Greenhous_nonP.php on line 183
[30-May-2026 07:38:40] PHP Notice:  Undefined variable: add_abadi in /var/www/html/prof/Garden/list_Greenhous_nonP.php on line 183
[30-May-2026 07:38:40] PHP Notice:  Undefined variable: add_abadi in /var/www/html/prof/Garden/list_Greenhous_nonP.php on line 183
[30-May-2026 07:38:40] PHP Notice:  Undefined variable: add_abadi in /var/www/html/prof/Garden/list_Greenhous_nonP.php on line 183
[30-May-2026 07:38:40] PHP Notice:  Undefined variable: add_abadi in /var/www/html/prof/Garden/list_Greenhous_nonP.php on line 183
[30-May-2026 07:38:40] PHP Notice:  Undefined variable: add_abadi in /var/www/html/prof/Garden/list_Greenhous_nonP.php on line 183
[30-May-2026 07:38:40] PHP Notice:  Undefined variable: add_abadi in /var/www/html/prof/Garden/list_Greenhous_nonP.php on line 183
[30-May-2026 07:38:40] PHP Notice:  Undefined variable: add_abadi in /var/www/html/prof/Garden/list_Greenhous_nonP.php on line 183
[30-May-2026 07:38:40] PHP Notice:  Undefined variable: add_abadi in /var/www/html/prof/Garden/list_Greenhous_nonP.php on line 183
[30-May-2026 07:38:40] PHP Notice:  Undefined variable: add_abadi in /var/www/html/prof/Garden/list_Greenhous_nonP.php on line 183
[30-May-2026 07:38:40] PHP Notice:  Undefined variable: add_abadi in /var/www/html/prof/Garden/list_Greenhous_nonP.php on line 183
[30-May-2026 07:38:40] PHP Notice:  Undefined variable: add_abadi in /var/www/html/prof/Garden/list_Greenhous_nonP.php on line 183
[30-May-2026 07:38:40] PHP Notice:  Undefined variable: add_abadi in /var/www/html/prof/Garden/list_Greenhous_nonP.php on line 183
[30-May-2026 07:38:40] PHP Notice:  Undefined variable: add_abadi in /var/www/html/prof/Garden/list_Greenhous_nonP.php on line 183
[30-May-2026 07:38:40] PHP Notice:  Undefined variable: add_abadi in /var/www/html/prof/Garden/list_Greenhous_nonP.php on line 183
[30-May-2026 07:38:40] PHP Notice:  Undefined variable: add_abadi in /var/www/html/prof/Garden/list_Greenhous_nonP.php on line 183
[30-May-2026 07:38:40] PHP Notice:  Undefined variable: add_abadi in /var/www/html/prof/Garden/list_Greenhous_nonP.php on line 183
[30-May-2026 07:38:40] PHP Notice:  Undefined variable: add_abadi in /var/www/html/prof/Garden/list_Greenhous_nonP.php on line 183
[30-May-2026 07:38:40] PHP Notice:  Undefined variable: add_abadi in /var/www/html/prof/Garden/list_Greenhous_nonP.php on line 183
[30-May-2026 07:38:40] PHP Notice:  Undefined variable: add_abadi in /var/www/html/prof/Garden/list_Greenhous_nonP.php on line 183
[30-May-2026 07:38:40] PHP Notice:  Undefined variable: add_abadi in /var/www/html/prof/Garden/list_Greenhous_nonP.php on line 183
[30-May-2026 07:38:40] PHP Notice:  Undefined variable: add_abadi in /var/www/html/prof/Garden/list_Greenhous_nonP.php on line 183
[30-May-2026 07:38:40] PHP Notice:  Undefined variable: add_abadi in /var/www/html/prof/Garden/list_Greenhous_nonP.php on line 183
[30-May-2026 07:38:40] PHP Notice:  Undefined variable: add_abadi in /var/www/html/prof/Garden/list_Greenhous_nonP.php on line 183
[30-May-2026 07:38:40] PHP Notice:  Undefined variable: add_abadi in /var/www/html/prof/Garden/list_Greenhous_nonP.php on line 183
[30-May-2026 07:38:40] PHP Notice:  Undefined variable: add_abadi in /var/www/html/prof/Garden/list_Greenhous_nonP.php on line 183
[30-May-2026 07:38:40] PHP Notice:  Undefined variable: add_abadi in /var/www/html/prof/Garden/list_Greenhous_nonP.php on line 183
[30-May-2026 07:38:40] PHP Notice:  Undefined variable: add_abadi in /var/www/html/prof/Garden/list_Greenhous_nonP.php on line 183
[30-May-2026 07:38:40] PHP Notice:  Undefined variable: add_abadi in /var/www/html/prof/Garden/list_Greenhous_nonP.php on line 183
[30-May-2026 07:38:40] PHP Notice:  Undefined variable: add_abadi in /var/www/html/prof/Garden/list_Greenhous_nonP.php on line 183
[30-May-2026 07:38:40] PHP Notice:  Undefined variable: add_abadi in /var/www/html/prof/Garden/list_Greenhous_nonP.php on line 183
[30-May-2026 07:38:40] PHP Notice:  Undefined variable: add_abadi in /var/www/html/prof/Garden/list_Greenhous_nonP.php on line 183
[30-May-2026 07:38:40] PHP Notice:  Undefined variable: add_abadi in /var/www/html/prof/Garden/list_Greenhous_nonP.php on line 183
[30-May-2026 07:38:40] PHP Notice:  Undefined variable: add_abadi in /var/www/html/prof/Garden/list_Greenhous_nonP.php on line 183
[30-May-2026 07:38:40] PHP Notice:  Undefined variable: add_abadi in /var/www/html/prof/Garden/list_Greenhous_nonP.php on line 183
[30-May-2026 07:38:40] PHP Notice:  Undefined variable: add_abadi in /var/www/html/prof/Garden/list_Greenhous_nonP.php on line 183
[30-May-2026 07:38:40] PHP Notice:  Undefined variable: add_abadi in /var/www/html/prof/Garden/list_Greenhous_nonP.php on line 183
[30-May-2026 07:38:40] PHP Notice:  Undefined variable: add_abadi in /var/www/html/prof/Garden/list_Greenhous_nonP.php on line 183
[30-May-2026 07:38:40] PHP Notice:  Undefined variable: add_abadi in /var/www/html/prof/Garden/list_Greenhous_nonP.php on line 183
[30-May-2026 07:38:40] PHP Notice:  Undefined variable: add_abadi in /var/www/html/prof/Garden/list_Greenhous_nonP.php on line 183
[30-May-2026 07:38:40] PHP Notice:  Undefined variable: add_abadi in /var/www/html/prof/Garden/list_Greenhous_nonP.php on line 183
[30-May-2026 07:38:40] PHP Notice:  Undefined variable: add_abadi in /var/www/html/prof/Garden/list_Greenhous_nonP.php on line 183
[30-May-2026 07:38:40] PHP Notice:  Undefined variable: add_abadi in /var/www/html/prof/Garden/list_Greenhous_nonP.php on line 183
[30-May-2026 07:38:40] PHP Notice:  Undefined variable: add_abadi in /var/www/html/prof/Garden/list_Greenhous_nonP.php on line 183
[30-May-2026 07:38:40] PHP Notice:  Undefined variable: add_abadi in /var/www/html/prof/Garden/list_Greenhous_nonP.php on line 183
[30-May-2026 07:38:40] PHP Notice:  Undefined variable: add_abadi in /var/www/html/prof/Garden/list_Greenhous_nonP.php on line 183
[30-May-2026 07:38:40] PHP Notice:  Undefined variable: add_abadi in /var/www/html/prof/Garden/list_Greenhous_nonP.php on line 183
[30-May-2026 07:38:40] PHP Notice:  Undefined variable: add_abadi in /var/www/html/prof/Garden/list_Greenhous_nonP.php on line 183
[30-May-2026 07:38:40] PHP Notice:  Undefined variable: add_abadi in /var/www/html/prof/Garden/list_Greenhous_nonP.php on line 183
[30-May-2026 07:38:40] PHP Notice:  Undefined variable: add_abadi in /var/www/html/prof/Garden/list_Greenhous_nonP.php on line 183
[30-May-2026 07:38:40] PHP Notice:  Undefined variable: add_abadi in /var/www/html/prof/Garden/list_Greenhous_nonP.php on line 183
[30-May-2026 07:38:40] PHP Notice:  Undefined variable: add_abadi in /var/www/html/prof/Garden/list_Greenhous_nonP.php on line 183
[30-May-2026 07:38:40] PHP Notice:  Undefined variable: add_abadi in /var/www/html/prof/Garden/list_Greenhous_nonP.php on line 183
[30-May-2026 07:38:40] PHP Notice:  Undefined variable: add_abadi in /var/www/html/prof/Garden/list_Greenhous_nonP.php on line 183
[30-May-2026 07:38:40] PHP Notice:  Undefined variable: add_abadi in /var/www/html/prof/Garden/list_Greenhous_nonP.php on line 183
[30-May-2026 07:38:40] PHP Notice:  Undefined variable: add_abadi in /var/www/html/prof/Garden/list_Greenhous_nonP.php on line 183
[30-May-2026 07:38:40] PHP Notice:  Undefined variable: add_abadi in /var/www/html/prof/Garden/list_Greenhous_nonP.php on line 183
[30-May-2026 07:38:40] PHP Notice:  Undefined variable: add_abadi in /var/www/html/prof/Garden/list_Greenhous_nonP.php on line 183
[30-May-2026 07:38:40] PHP Notice:  Undefined variable: add_abadi in /var/www/html/prof/Garden/list_Greenhous_nonP.php on line 183
[30-May-2026 07:38:40] PHP Notice:  Undefined variable: add_abadi in /var/www/html/prof/Garden/list_Greenhous_nonP.php on line 183
[30-May-2026 07:38:40] PHP Notice:  Undefined variable: add_abadi in /var/www/html/prof/Garden/list_Greenhous_nonP.php on line 183
[30-May-2026 07:38:40] PHP Notice:  Undefined variable: add_abadi in /var/www/html/prof/Garden/list_Greenhous_nonP.php on line 183
[30-May-2026 07:38:40] PHP Notice:  Undefined variable: add_abadi in /var/www/html/prof/Garden/list_Greenhous_nonP.php on line 183
[30-May-2026 07:38:40] PHP Notice:  Undefined variable: add_abadi in /var/www/html/prof/Garden/list_Greenhous_nonP.php on line 183
[30-May-2026 07:38:40] PHP Notice:  Undefined variable: add_abadi in /var/www/html/prof/Garden/list_Greenhous_nonP.php on line 183
[30-May-2026 07:38:40] PHP Notice:  Undefined variable: add_abadi in /var/www/html/prof/Garden/list_Greenhous_nonP.php on line 183
[30-May-2026 07:38:40] PHP Notice:  Undefined variable: add_abadi in /var/www/html/prof/Garden/list_Greenhous_nonP.php on line 183
[30-May-2026 07:38:40] PHP Notice:  Undefined variable: add_abadi in /var/www/html/prof/Garden/list_Greenhous_nonP.php on line 183
[30-May-2026 07:38:40] PHP Notice:  Undefined variable: add_abadi in /var/www/html/prof/Garden/list_Greenhous_nonP.php on line 183
[30-May-2026 07:38:40] PHP Notice:  Undefined variable: add_abadi in /var/www/html/prof/Garden/list_Greenhous_nonP.php on line 183
[30-May-2026 07:38:40] PHP Notice:  Undefined variable: add_abadi in /var/www/html/prof/Garden/list_Greenhous_nonP.php on line 183
[30-May-2026 07:38:40] PHP Notice:  Undefined variable: add_abadi in /var/www/html/prof/Garden/list_Greenhous_nonP.php on line 183
[30-May-2026 07:38:40] PHP Notice:  Undefined variable: add_abadi in /var/www/html/prof/Garden/list_Greenhous_nonP.php on line 183
[30-May-2026 07:38:40] PHP Notice:  Undefined variable: add_abadi in /var/www/html/prof/Garden/list_Greenhous_nonP.php on line 183
[30-May-2026 07:38:40] PHP Notice:  Undefined variable: add_abadi in /var/www/html/prof/Garden/list_Greenhous_nonP.php on line 183
[30-May-2026 07:38:40] PHP Notice:  Undefined variable: add_abadi in /var/www/html/prof/Garden/list_Greenhous_nonP.php on line 183
[30-May-2026 07:38:40] PHP Notice:  Undefined variable: add_abadi in /var/www/html/prof/Garden/list_Greenhous_nonP.php on line 183
[30-May-2026 07:38:40] PHP Notice:  Undefined variable: add_abadi in /var/www/html/prof/Garden/list_Greenhous_nonP.php on line 183
[30-May-2026 07:38:40] PHP Notice:  Undefined variable: add_abadi in /var/www/html/prof/Garden/list_Greenhous_nonP.php on line 183
[30-May-2026 07:38:40] PHP Notice:  Undefined variable: add_abadi in /var/www/html/prof/Garden/list_Greenhous_nonP.php on line 183
[30-May-2026 07:38:40] PHP Notice:  Undefined variable: add_abadi in /var/www/html/prof/Garden/list_Greenhous_nonP.php on line 183
[30-May-2026 07:38:40] PHP Notice:  Undefined variable: add_abadi in /var/www/html/prof/Garden/list_Greenhous_nonP.php on line 183
[30-May-2026 07:38:40] PHP Notice:  Undefined variable: add_abadi in /var/www/html/prof/Garden/list_Greenhous_nonP.php on line 183
[30-May-2026 07:38:40] PHP Notice:  Undefined variable: add_abadi in /var/www/html/prof/Garden/list_Greenhous_nonP.php on line 183
[30-May-2026 07:38:40] PHP Notice:  Undefined variable: add_abadi in /var/www/html/prof/Garden/list_Greenhous_nonP.php on line 183
[30-May-2026 07:38:40] PHP Notice:  Undefined variable: add_abadi in /var/www/html/prof/Garden/list_Greenhous_nonP.php on line 183
[30-May-2026 07:38:40] PHP Notice:  Undefined variable: add_abadi in /var/www/html/prof/Garden/list_Greenhous_nonP.php on line 183
[30-May-2026 07:38:40] PHP Notice:  Undefined variable: add_abadi in /var/www/html/prof/Garden/list_Greenhous_nonP.php on line 183
[30-May-2026 07:38:40] PHP Notice:  Undefined variable: add_abadi in /var/www/html/prof/Garden/list_Greenhous_nonP.php on line 183
[30-May-2026 07:38:40] PHP Notice:  Undefined variable: add_abadi in /var/www/html/prof/Garden/list_Greenhous_nonP.php on line 183
[30-May-2026 07:38:40] PHP Notice:  Undefined variable: add_abadi in /var/www/html/prof/Garden/list_Greenhous_nonP.php on line 183
[30-May-2026 07:38:40] PHP Notice:  Undefined variable: add_abadi in /var/www/html/prof/Garden/list_Greenhous_nonP.php on line 183
[30-May-2026 07:38:40] PHP Notice:  Undefined variable: add_abadi in /var/www/html/prof/Garden/list_Greenhous_nonP.php on line 183
[30-May-2026 07:38:40] PHP Notice:  Undefined variable: add_abadi in /var/www/html/prof/Garden/list_Greenhous_nonP.php on line 183
[30-May-2026 07:38:40] PHP Notice:  Undefined variable: add_abadi in /var/www/html/prof/Garden/list_Greenhous_nonP.php on line 183
[30-May-2026 07:38:40] PHP Notice:  Undefined variable: add_abadi in /var/www/html/prof/Garden/list_Greenhous_nonP.php on line 183
[30-May-2026 07:38:40] PHP Notice:  Undefined variable: add_abadi in /var/www/html/prof/Garden/list_Greenhous_nonP.php on line 183
[30-May-2026 07:38:40] PHP Notice:  Undefined variable: add_abadi in /var/www/html/prof/Garden/list_Greenhous_nonP.php on line 183
[30-May-2026 07:38:40] PHP Notice:  Undefined variable: add_abadi in /var/www/html/prof/Garden/list_Greenhous_nonP.php on line 183
[30-May-2026 07:38:40] PHP Notice:  Undefined variable: add_abadi in /var/www/html/prof/Garden/list_Greenhous_nonP.php on line 183
[30-May-2026 07:38:40] PHP Notice:  Undefined variable: add_abadi in /var/www/html/prof/Garden/list_Greenhous_nonP.php on line 183
[30-May-2026 07:38:40] PHP Notice:  Undefined variable: add_abadi in /var/www/html/prof/Garden/list_Greenhous_nonP.php on line 183
[30-May-2026 07:38:40] PHP Notice:  Undefined variable: add_abadi in /var/www/html/prof/Garden/list_Greenhous_nonP.php on line 183
[30-May-2026 07:38:40] PHP Notice:  Undefined variable: add_abadi in /var/www/html/prof/Garden/list_Greenhous_nonP.php on line 183
[30-May-2026 07:38:40] PHP Notice:  Undefined variable: add_abadi in /var/www/html/prof/Garden/list_Greenhous_nonP.php on line 183
[30-May-2026 07:38:40] PHP Notice:  Undefined variable: add_abadi in /var/www/html/prof/Garden/list_Greenhous_nonP.php on line 183
[30-May-2026 07:38:40] PHP Notice:  Undefined variable: add_abadi in /var/www/html/prof/Garden/list_Greenhous_nonP.php on line 183
[30-May-2026 07:38:40] PHP Notice:  Undefined variable: add_abadi in /var/www/html/prof/Garden/list_Greenhous_nonP.php on line 183
[30-May-2026 07:38:40] PHP Notice:  Undefined variable: add_abadi in /var/www/html/prof/Garden/list_Greenhous_nonP.php on line 183
[30-May-2026 07:38:40] PHP Notice:  Undefined variable: add_abadi in /var/www/html/prof/Garden/list_Greenhous_nonP.php on line 183
[30-May-2026 07:38:40] PHP Notice:  Undefined variable: add_abadi in /var/www/html/prof/Garden/list_Greenhous_nonP.php on line 183
[30-May-2026 07:38:40] PHP Notice:  Undefined variable: add_abadi in /var/www/html/prof/Garden/list_Greenhous_nonP.php on line 183
[30-May-2026 07:38:40] PHP Notice:  Undefined variable: add_abadi in /var/www/html/prof/Garden/list_Greenhous_nonP.php on line 183
[30-May-2026 07:38:40] PHP Notice:  Undefined variable: add_abadi in /var/www/html/prof/Garden/list_Greenhous_nonP.php on line 183
[30-May-2026 07:38:40] PHP Notice:  Undefined variable: add_abadi in /var/www/html/prof/Garden/list_Greenhous_nonP.php on line 183
[30-May-2026 07:38:40] PHP Notice:  Undefined variable: add_abadi in /var/www/html/prof/Garden/list_Greenhous_nonP.php on line 183
[30-May-2026 07:38:40] PHP Notice:  Undefined variable: add_abadi in /var/www/html/prof/Garden/list_Greenhous_nonP.php on line 183
[30-May-2026 07:38:40] PHP Notice:  Undefined variable: add_abadi in /var/www/html/prof/Garden/list_Greenhous_nonP.php on line 183
[30-May-2026 07:38:40] PHP Notice:  Undefined variable: add_abadi in /var/www/html/prof/Garden/list_Greenhous_nonP.php on line 183
[30-May-2026 07:38:40] PHP Notice:  Undefined variable: add_abadi in /var/www/html/prof/Garden/list_Greenhous_nonP.php on line 183
[30-May-2026 07:38:40] PHP Notice:  Undefined variable: add_abadi in /var/www/html/prof/Garden/list_Greenhous_nonP.php on line 183
[30-May-2026 07:38:40] PHP Notice:  Undefined variable: add_abadi in /var/www/html/prof/Garden/list_Greenhous_nonP.php on line 183
[30-May-2026 07:38:40] PHP Notice:  Undefined variable: add_abadi in /var/www/html/prof/Garden/list_Greenhous_nonP.php on line 183
[30-May-2026 07:38:40] PHP Notice:  Undefined variable: add_abadi in /var/www/html/prof/Garden/list_Greenhous_nonP.php on line 183
[30-May-2026 07:38:40] PHP Notice:  Undefined variable: add_abadi in /var/www/html/prof/Garden/list_Greenhous_nonP.php on line 183
[30-May-2026 07:38:40] PHP Notice:  Undefined variable: add_abadi in /var/www/html/prof/Garden/list_Greenhous_nonP.php on line 183
[30-May-2026 07:38:40] PHP Notice:  Undefined variable: add_abadi in /var/www/html/prof/Garden/list_Greenhous_nonP.php on line 183
[30-May-2026 07:38:40] PHP Notice:  Undefined variable: add_abadi in /var/www/html/prof/Garden/list_Greenhous_nonP.php on line 183
[30-May-2026 07:38:40] PHP Notice:  Undefined variable: add_abadi in /var/www/html/prof/Garden/list_Greenhous_nonP.php on line 183
[30-May-2026 07:38:40] PHP Notice:  Undefined variable: add_abadi in /var/www/html/prof/Garden/list_Greenhous_nonP.php on line 183
[30-May-2026 07:38:40] PHP Notice:  Undefined variable: add_abadi in /var/www/html/prof/Garden/list_Greenhous_nonP.php on line 183
[30-May-2026 07:38:40] PHP Notice:  Undefined variable: add_abadi in /var/www/html/prof/Garden/list_Greenhous_nonP.php on line 183
[30-May-2026 07:38:40] PHP Notice:  Undefined variable: add_abadi in /var/www/html/prof/Garden/list_Greenhous_nonP.php on line 183
[30-May-2026 07:38:40] PHP Notice:  Undefined variable: add_abadi in /var/www/html/prof/Garden/list_Greenhous_nonP.php on line 183
[30-May-2026 07:38:40] PHP Notice:  Undefined variable: add_abadi in /var/www/html/prof/Garden/list_Greenhous_nonP.php on line 183
[30-May-2026 07:38:40] PHP Notice:  Undefined variable: add_abadi in /var/www/html/prof/Garden/list_Greenhous_nonP.php on line 183
[30-May-2026 07:38:40] PHP Notice:  Undefined variable: add_abadi in /var/www/html/prof/Garden/list_Greenhous_nonP.php on line 183
[30-May-2026 07:38:40] PHP Notice:  Undefined variable: add_abadi in /var/www/html/prof/Garden/list_Greenhous_nonP.php on line 183
[30-May-2026 07:38:40] PHP Notice:  Undefined variable: add_abadi in /var/www/html/prof/Garden/list_Greenhous_nonP.php on line 183
[30-May-2026 07:38:40] PHP Notice:  Undefined variable: add_abadi in /var/www/html/prof/Garden/list_Greenhous_nonP.php on line 183
[30-May-2026 07:38:40] PHP Notice:  Undefined variable: add_abadi in /var/www/html/prof/Garden/list_Greenhous_nonP.php on line 183
[30-May-2026 07:38:40] PHP Notice:  Undefined variable: add_abadi in /var/www/html/prof/Garden/list_Greenhous_nonP.php on line 183
[30-May-2026 07:38:40] PHP Notice:  Undefined variable: add_abadi in /var/www/html/prof/Garden/list_Greenhous_nonP.php on line 183
[30-May-2026 07:38:40] PHP Notice:  Undefined variable: add_abadi in /var/www/html/prof/Garden/list_Greenhous_nonP.php on line 183
[30-May-2026 07:38:40] PHP Notice:  Undefined variable: add_abadi in /var/www/html/prof/Garden/list_Greenhous_nonP.php on line 183
[30-May-2026 07:38:40] PHP Notice:  Undefined variable: add_abadi in /var/www/html/prof/Garden/list_Greenhous_nonP.php on line 183
[30-May-2026 07:38:40] PHP Notice:  Undefined variable: add_abadi in /var/www/html/prof/Garden/list_Greenhous_nonP.php on line 183
[30-May-2026 07:38:40] PHP Notice:  Undefined variable: add_abadi in /var/www/html/prof/Garden/list_Greenhous_nonP.php on line 183
[30-May-2026 07:38:40] PHP Notice:  Undefined variable: add_abadi in /var/www/html/prof/Garden/list_Greenhous_nonP.php on line 183
[30-May-2026 07:38:40] PHP Notice:  Undefined variable: add_abadi in /var/www/html/prof/Garden/list_Greenhous_nonP.php on line 183
[30-May-2026 07:38:40] PHP Notice:  Undefined variable: add_abadi in /var/www/html/prof/Garden/list_Greenhous_nonP.php on line 183
[30-May-2026 07:38:40] PHP Notice:  Undefined variable: add_abadi in /var/www/html/prof/Garden/list_Greenhous_nonP.php on line 183
[30-May-2026 07:38:40] PHP Notice:  Undefined variable: add_abadi in /var/www/html/prof/Garden/list_Greenhous_nonP.php on line 183
[30-May-2026 07:38:40] PHP Notice:  Undefined variable: add_abadi in /var/www/html/prof/Garden/list_Greenhous_nonP.php on line 183
[30-May-2026 07:38:40] PHP Notice:  Undefined variable: add_abadi in /var/www/html/prof/Garden/list_Greenhous_nonP.php on line 183
[30-May-2026 07:38:40] PHP Notice:  Undefined variable: add_abadi in /var/www/html/prof/Garden/list_Greenhous_nonP.php on line 183
[30-May-2026 07:38:40] PHP Notice:  Undefined variable: add_abadi in /var/www/html/prof/Garden/list_Greenhous_nonP.php on line 183
[30-May-2026 07:38:40] PHP Notice:  Undefined variable: add_abadi in /var/www/html/prof/Garden/list_Greenhous_nonP.php on line 183
[30-May-2026 07:38:40] PHP Notice:  Undefined variable: add_abadi in /var/www/html/prof/Garden/list_Greenhous_nonP.php on line 183
[30-May-2026 07:38:40] PHP Notice:  Undefined variable: add_abadi in /var/www/html/prof/Garden/list_Greenhous_nonP.php on line 183
[30-May-2026 07:38:40] PHP Notice:  Undefined variable: add_abadi in /var/www/html/prof/Garden/list_Greenhous_nonP.php on line 183
[30-May-2026 07:38:40] PHP Notice:  Undefined variable: add_abadi in /var/www/html/prof/Garden/list_Greenhous_nonP.php on line 183
[30-May-2026 07:38:40] PHP Notice:  Undefined variable: add_abadi in /var/www/html/prof/Garden/list_Greenhous_nonP.php on line 183
[30-May-2026 07:38:40] PHP Notice:  Undefined variable: add_abadi in /var/www/html/prof/Garden/list_Greenhous_nonP.php on line 183
[30-May-2026 07:38:40] PHP Notice:  Undefined variable: add_abadi in /var/www/html/prof/Garden/list_Greenhous_nonP.php on line 183
[30-May-2026 07:38:40] PHP Notice:  Undefined variable: add_abadi in /var/www/html/prof/Garden/list_Greenhous_nonP.php on line 183
[30-May-2026 07:38:40] PHP Notice:  Undefined variable: add_abadi in /var/www/html/prof/Garden/list_Greenhous_nonP.php on line 183
[30-May-2026 07:38:40] PHP Notice:  Undefined variable: add_abadi in /var/www/html/prof/Garden/list_Greenhous_nonP.php on line 183
[30-May-2026 07:38:40] PHP Notice:  Undefined variable: add_abadi in /var/www/html/prof/Garden/list_Greenhous_nonP.php on line 183
[30-May-2026 07:38:40] PHP Notice:  Undefined variable: add_abadi in /var/www/html/prof/Garden/list_Greenhous_nonP.php on line 183
[30-May-2026 07:38:40] PHP Notice:  Undefined variable: add_abadi in /var/www/html/prof/Garden/list_Greenhous_nonP.php on line 183
[30-May-2026 07:38:40] PHP Notice:  Undefined variable: add_abadi in /var/www/html/prof/Garden/list_Greenhous_nonP.php on line 183
[30-May-2026 07:38:40] PHP Notice:  Undefined variable: add_abadi in /var/www/html/prof/Garden/list_Greenhous_nonP.php on line 183
[30-May-2026 07:38:40] PHP Notice:  Undefined variable: add_abadi in /var/www/html/prof/Garden/list_Greenhous_nonP.php on line 183
[30-May-2026 07:38:40] PHP Notice:  Undefined variable: add_abadi in /var/www/html/prof/Garden/list_Greenhous_nonP.php on line 183
[30-May-2026 07:38:40] PHP Notice:  Undefined variable: add_abadi in /var/www/html/prof/Garden/list_Greenhous_nonP.php on line 183
[30-May-2026 07:38:40] PHP Notice:  Undefined variable: add_abadi in /var/www/html/prof/Garden/list_Greenhous_nonP.php on line 183
[30-May-2026 07:38:40] PHP Notice:  Undefined variable: add_abadi in /var/www/html/prof/Garden/list_Greenhous_nonP.php on line 183
[30-May-2026 07:38:40] PHP Notice:  Undefined variable: add_abadi in /var/www/html/prof/Garden/list_Greenhous_nonP.php on line 183
[30-May-2026 07:38:40] PHP Notice:  Undefined variable: add_abadi in /var/www/html/prof/Garden/list_Greenhous_nonP.php on line 183
[30-May-2026 07:38:40] PHP Notice:  Undefined variable: add_abadi in /var/www/html/prof/Garden/list_Greenhous_nonP.php on line 183
[30-May-2026 07:38:40] PHP Notice:  Undefined variable: add_abadi in /var/www/html/prof/Garden/list_Greenhous_nonP.php on line 183
[30-May-2026 07:38:40] PHP Notice:  Undefined variable: add_abadi in /var/www/html/prof/Garden/list_Greenhous_nonP.php on line 183
[30-May-2026 07:38:40] PHP Notice:  Undefined variable: add_abadi in /var/www/html/prof/Garden/list_Greenhous_nonP.php on line 183
[30-May-2026 07:38:40] PHP Notice:  Undefined variable: add_abadi in /var/www/html/prof/Garden/list_Greenhous_nonP.php on line 183
[30-May-2026 07:38:40] PHP Notice:  Undefined variable: add_abadi in /var/www/html/prof/Garden/list_Greenhous_nonP.php on line 183
[30-May-2026 07:38:40] PHP Notice:  Undefined variable: add_abadi in /var/www/html/prof/Garden/list_Greenhous_nonP.php on line 183
[30-May-2026 07:38:40] PHP Notice:  Undefined variable: add_abadi in /var/www/html/prof/Garden/list_Greenhous_nonP.php on line 183
[30-May-2026 07:38:40] PHP Notice:  Undefined variable: add_abadi in /var/www/html/prof/Garden/list_Greenhous_nonP.php on line 183
[30-May-2026 07:38:40] PHP Notice:  Undefined variable: add_abadi in /var/www/html/prof/Garden/list_Greenhous_nonP.php on line 183
[30-May-2026 07:38:40] PHP Notice:  Undefined variable: add_abadi in /var/www/html/prof/Garden/list_Greenhous_nonP.php on line 183
[30-May-2026 07:38:40] PHP Notice:  Undefined variable: add_abadi in /var/www/html/prof/Garden/list_Greenhous_nonP.php on line 183
[30-May-2026 07:38:40] PHP Notice:  Undefined variable: add_abadi in /var/www/html/prof/Garden/list_Greenhous_nonP.php on line 183
[30-May-2026 07:38:40] PHP Notice:  Undefined variable: add_abadi in /var/www/html/prof/Garden/list_Greenhous_nonP.php on line 183
[30-May-2026 07:38:40] PHP Notice:  Undefined variable: add_abadi in /var/www/html/prof/Garden/list_Greenhous_nonP.php on line 183
[30-May-2026 07:38:40] PHP Notice:  Undefined variable: add_abadi in /var/www/html/prof/Garden/list_Greenhous_nonP.php on line 183
[30-May-2026 07:38:40] PHP Notice:  Undefined variable: add_abadi in /var/www/html/prof/Garden/list_Greenhous_nonP.php on line 183
[30-May-2026 07:38:40] PHP Notice:  Undefined variable: add_abadi in /var/www/html/prof/Garden/list_Greenhous_nonP.php on line 183
[30-May-2026 07:38:40] PHP Notice:  Undefined variable: add_abadi in /var/www/html/prof/Garden/list_Greenhous_nonP.php on line 183
[30-May-2026 07:38:40] PHP Notice:  Undefined variable: add_abadi in /var/www/html/prof/Garden/list_Greenhous_nonP.php on line 183
[30-May-2026 07:38:40] PHP Notice:  Undefined variable: add_abadi in /var/www/html/prof/Garden/list_Greenhous_nonP.php on line 183
[30-May-2026 07:38:40] PHP Notice:  Undefined variable: add_abadi in /var/www/html/prof/Garden/list_Greenhous_nonP.php on line 183
[30-May-2026 07:38:40] PHP Notice:  Undefined variable: add_abadi in /var/www/html/prof/Garden/list_Greenhous_nonP.php on line 183
[30-May-2026 07:38:40] PHP Notice:  Undefined variable: add_abadi in /var/www/html/prof/Garden/list_Greenhous_nonP.php on line 183
[30-May-2026 07:38:40] PHP Notice:  Undefined variable: add_abadi in /var/www/html/prof/Garden/list_Greenhous_nonP.php on line 183
[30-May-2026 07:38:40] PHP Notice:  Undefined variable: add_abadi in /var/www/html/prof/Garden/list_Greenhous_nonP.php on line 183
[30-May-2026 07:38:40] PHP Notice:  Undefined variable: add_abadi in /var/www/html/prof/Garden/list_Greenhous_nonP.php on line 183
[30-May-2026 07:38:40] PHP Notice:  Undefined variable: add_abadi in /var/www/html/prof/Garden/list_Greenhous_nonP.php on line 183
[30-May-2026 07:38:40] PHP Notice:  Undefined variable: add_abadi in /var/www/html/prof/Garden/list_Greenhous_nonP.php on line 183
[30-May-2026 07:38:40] PHP Notice:  Undefined variable: add_abadi in /var/www/html/prof/Garden/list_Greenhous_nonP.php on line 183
[30-May-2026 07:38:40] PHP Notice:  Undefined variable: add_abadi in /var/www/html/prof/Garden/list_Greenhous_nonP.php on line 183
[30-May-2026 07:38:40] PHP Notice:  Undefined variable: add_abadi in /var/www/html/prof/Garden/list_Greenhous_nonP.php on line 183
[30-May-2026 07:38:40] PHP Notice:  Undefined variable: add_abadi in /var/www/html/prof/Garden/list_Greenhous_nonP.php on line 183
[30-May-2026 07:38:40] PHP Notice:  Undefined variable: add_abadi in /var/www/html/prof/Garden/list_Greenhous_nonP.php on line 183
[30-May-2026 07:38:40] PHP Notice:  Undefined variable: add_abadi in /var/www/html/prof/Garden/list_Greenhous_nonP.php on line 183
[30-May-2026 07:38:40] PHP Notice:  Undefined variable: add_abadi in /var/www/html/prof/Garden/list_Greenhous_nonP.php on line 183
[30-May-2026 07:38:40] PHP Notice:  Undefined variable: add_abadi in /var/www/html/prof/Garden/list_Greenhous_nonP.php on line 183
[30-May-2026 07:38:40] PHP Notice:  Undefined variable: add_abadi in /var/www/html/prof/Garden/list_Greenhous_nonP.php on line 183
[30-May-2026 07:38:40] PHP Notice:  Undefined variable: add_abadi in /var/www/html/prof/Garden/list_Greenhous_nonP.php on line 183
[30-May-2026 07:38:40] PHP Notice:  Undefined variable: add_abadi in /var/www/html/prof/Garden/list_Greenhous_nonP.php on line 183
[30-May-2026 07:38:40] PHP Notice:  Undefined variable: add_abadi in /var/www/html/prof/Garden/list_Greenhous_nonP.php on line 183
[30-May-2026 07:38:40] PHP Notice:  Undefined variable: add_abadi in /var/www/html/prof/Garden/list_Greenhous_nonP.php on line 183
[30-May-2026 07:38:40] PHP Notice:  Undefined variable: add_abadi in /var/www/html/prof/Garden/list_Greenhous_nonP.php on line 183
[30-May-2026 07:38:40] PHP Notice:  Undefined variable: add_abadi in /var/www/html/prof/Garden/list_Greenhous_nonP.php on line 183
[30-May-2026 07:38:40] PHP Notice:  Undefined variable: add_abadi in /var/www/html/prof/Garden/list_Greenhous_nonP.php on line 183
[30-May-2026 07:38:40] PHP Notice:  Undefined variable: add_abadi in /var/www/html/prof/Garden/list_Greenhous_nonP.php on line 183
[30-May-2026 07:38:40] PHP Notice:  Undefined variable: add_abadi in /var/www/html/prof/Garden/list_Greenhous_nonP.php on line 183
[30-May-2026 07:38:40] PHP Notice:  Undefined variable: add_abadi in /var/www/html/prof/Garden/list_Greenhous_nonP.php on line 183
[30-May-2026 07:38:40] PHP Notice:  Undefined variable: add_abadi in /var/www/html/prof/Garden/list_Greenhous_nonP.php on line 183
[30-May-2026 07:38:40] PHP Notice:  Undefined variable: add_abadi in /var/www/html/prof/Garden/list_Greenhous_nonP.php on line 183
[30-May-2026 07:38:40] PHP Notice:  Undefined variable: add_abadi in /var/www/html/prof/Garden/list_Greenhous_nonP.php on line 183
[30-May-2026 07:38:40] PHP Notice:  Undefined variable: add_abadi in /var/www/html/prof/Garden/list_Greenhous_nonP.php on line 183
[30-May-2026 07:38:40] PHP Notice:  Undefined variable: add_abadi in /var/www/html/prof/Garden/list_Greenhous_nonP.php on line 183
[30-May-2026 07:38:40] PHP Notice:  Undefined variable: add_abadi in /var/www/html/prof/Garden/list_Greenhous_nonP.php on line 183
[30-May-2026 07:38:40] PHP Notice:  Undefined variable: add_abadi in /var/www/html/prof/Garden/list_Greenhous_nonP.php on line 183
[30-May-2026 07:38:40] PHP Notice:  Undefined variable: add_abadi in /var/www/html/prof/Garden/list_Greenhous_nonP.php on line 183
[30-May-2026 07:38:40] PHP Notice:  Undefined variable: add_abadi in /var/www/html/prof/Garden/list_Greenhous_nonP.php on line 183
[30-May-2026 07:38:40] PHP Notice:  Undefined variable: add_abadi in /var/www/html/prof/Garden/list_Greenhous_nonP.php on line 183
[30-May-2026 07:38:40] PHP Notice:  Undefined variable: add_abadi in /var/www/html/prof/Garden/list_Greenhous_nonP.php on line 183
[30-May-2026 07:38:40] PHP Notice:  Undefined variable: add_abadi in /var/www/html/prof/Garden/list_Greenhous_nonP.php on line 183
[30-May-2026 07:38:40] PHP Notice:  Undefined variable: add_abadi in /var/www/html/prof/Garden/list_Greenhous_nonP.php on line 183
[30-May-2026 07:38:40] PHP Notice:  Undefined variable: add_abadi in /var/www/html/prof/Garden/list_Greenhous_nonP.php on line 183
[30-May-2026 07:38:40] PHP Notice:  Undefined variable: add_abadi in /var/www/html/prof/Garden/list_Greenhous_nonP.php on line 183
[30-May-2026 07:38:40] PHP Notice:  Undefined variable: add_abadi in /var/www/html/prof/Garden/list_Greenhous_nonP.php on line 183
[30-May-2026 07:38:40] PHP Notice:  Undefined variable: add_abadi in /var/www/html/prof/Garden/list_Greenhous_nonP.php on line 183
[30-May-2026 07:38:40] PHP Notice:  Undefined variable: add_abadi in /var/www/html/prof/Garden/list_Greenhous_nonP.php on line 183
[30-May-2026 07:38:40] PHP Notice:  Undefined variable: add_abadi in /var/www/html/prof/Garden/list_Greenhous_nonP.php on line 183
[30-May-2026 07:38:40] PHP Notice:  Undefined variable: add_abadi in /var/www/html/prof/Garden/list_Greenhous_nonP.php on line 183
[30-May-2026 07:38:40] PHP Notice:  Undefined variable: add_abadi in /var/www/html/prof/Garden/list_Greenhous_nonP.php on line 183
[30-May-2026 07:38:40] PHP Notice:  Undefined variable: add_abadi in /var/www/html/prof/Garden/list_Greenhous_nonP.php on line 183
[30-May-2026 07:38:40] PHP Notice:  Undefined variable: add_abadi in /var/www/html/prof/Garden/list_Greenhous_nonP.php on line 183
[30-May-2026 07:38:40] PHP Notice:  Undefined variable: add_abadi in /var/www/html/prof/Garden/list_Greenhous_nonP.php on line 183
[30-May-2026 07:38:40] PHP Notice:  Undefined variable: add_abadi in /var/www/html/prof/Garden/list_Greenhous_nonP.php on line 183
[30-May-2026 07:38:40] PHP Notice:  Undefined variable: add_abadi in /var/www/html/prof/Garden/list_Greenhous_nonP.php on line 183
[30-May-2026 07:38:40] PHP Notice:  Undefined variable: add_abadi in /var/www/html/prof/Garden/list_Greenhous_nonP.php on line 183
[30-May-2026 07:38:40] PHP Notice:  Undefined variable: add_abadi in /var/www/html/prof/Garden/list_Greenhous_nonP.php on line 183
[30-May-2026 07:38:40] PHP Notice:  Undefined variable: add_abadi in /var/www/html/prof/Garden/list_Greenhous_nonP.php on line 183
[30-May-2026 07:38:40] PHP Notice:  Undefined variable: add_abadi in /var/www/html/prof/Garden/list_Greenhous_nonP.php on line 183
[30-May-2026 07:38:40] PHP Notice:  Undefined variable: add_abadi in /var/www/html/prof/Garden/list_Greenhous_nonP.php on line 183
[30-May-2026 07:38:40] PHP Notice:  Undefined variable: add_abadi in /var/www/html/prof/Garden/list_Greenhous_nonP.php on line 183
[30-May-2026 07:38:40] PHP Notice:  Undefined variable: add_abadi in /var/www/html/prof/Garden/list_Greenhous_nonP.php on line 183
[30-May-2026 07:38:40] PHP Notice:  Undefined variable: add_abadi in /var/www/html/prof/Garden/list_Greenhous_nonP.php on line 183
[30-May-2026 07:38:40] PHP Notice:  Undefined variable: add_abadi in /var/www/html/prof/Garden/list_Greenhous_nonP.php on line 183
[30-May-2026 07:38:40] PHP Notice:  Undefined variable: add_abadi in /var/www/html/prof/Garden/list_Greenhous_nonP.php on line 183
[30-May-2026 07:38:40] PHP Notice:  Undefined variable: add_city in /var/www/html/prof/Garden/list_Greenhous_nonP.php on line 217
[30-May-2026 07:38:40] PHP Notice:  Undefined variable: m_cod_m in /var/www/html/prof/Garden/list_Greenhous_nonP.php on line 224
[30-May-2026 07:38:40] PHP Notice:  Undefined variable: bah_cod_m in /var/www/html/prof/Garden/list_Greenhous_nonP.php on line 228
[30-May-2026 07:38:40] PHP Notice:  Undefined variable: sys_kesh in /var/www/html/prof/Garden/list_Greenhous_nonP.php on line 236
[30-May-2026 07:38:40] PHP Notice:  Undefined variable: sys_kesh in /var/www/html/prof/Garden/list_Greenhous_nonP.php on line 237
[30-May-2026 07:38:40] PHP Notice:  Undefined variable: sys_kesh in /var/www/html/prof/Garden/list_Greenhous_nonP.php on line 238
[30-May-2026 07:38:40] PHP Notice:  Undefined variable: no_kesht in /var/www/html/prof/Garden/list_Greenhous_nonP.php on line 246
[30-May-2026 07:38:40] PHP Notice:  Undefined variable: no_kesht in /var/www/html/prof/Garden/list_Greenhous_nonP.php on line 247
[30-May-2026 07:38:40] PHP Notice:  Undefined variable: no_gol in /var/www/html/prof/Garden/list_Greenhous_nonP.php on line 257
[30-May-2026 07:38:40] PHP Notice:  Undefined variable: no_gol in /var/www/html/prof/Garden/list_Greenhous_nonP.php on line 258
[30-May-2026 07:38:40] PHP Notice:  Undefined variable: no_gol in /var/www/html/prof/Garden/list_Greenhous_nonP.php on line 259
[30-May-2026 07:38:40] PHP Notice:  Undefined variable: no_gol in /var/www/html/prof/Garden/list_Greenhous_nonP.php on line 260
[30-May-2026 07:38:40] PHP Notice:  Undefined variable: no_saz in /var/www/html/prof/Garden/list_Greenhous_nonP.php on line 267
[30-May-2026 07:38:40] PHP Notice:  Undefined variable: no_saz in /var/www/html/prof/Garden/list_Greenhous_nonP.php on line 268
[30-May-2026 07:38:40] PHP Notice:  Undefined variable: no_saz in /var/www/html/prof/Garden/list_Greenhous_nonP.php on line 269
[30-May-2026 07:38:40] PHP Notice:  Undefined variable: no_saz in /var/www/html/prof/Garden/list_Greenhous_nonP.php on line 270
[30-May-2026 07:38:40] PHP Notice:  Undefined variable: sys_hot in /var/www/html/prof/Garden/list_Greenhous_nonP.php on line 279
[30-May-2026 07:38:40] PHP Notice:  Undefined variable: sys_hot in /var/www/html/prof/Garden/list_Greenhous_nonP.php on line 280
[30-May-2026 07:38:40] PHP Notice:  Undefined variable: sys_hot in /var/www/html/prof/Garden/list_Greenhous_nonP.php on line 281
[30-May-2026 07:38:40] PHP Notice:  Undefined variable: no_moj in /var/www/html/prof/Garden/list_Greenhous_nonP.php on line 288
[30-May-2026 07:38:40] PHP Notice:  Undefined variable: no_moj in /var/www/html/prof/Garden/list_Greenhous_nonP.php on line 289
[30-May-2026 07:38:40] PHP Notice:  Undefined variable: no_moj in /var/www/html/prof/Garden/list_Greenhous_nonP.php on line 290
[30-May-2026 07:38:40] PHP Notice:  Undefined variable: no_moj in /var/www/html/prof/Garden/list_Greenhous_nonP.php on line 291
[30-May-2026 07:38:40] PHP Notice:  Undefined variable: no_moj in /var/www/html/prof/Garden/list_Greenhous_nonP.php on line 292
[30-May-2026 07:38:40] PHP Notice:  Undefined variable: query1 in /var/www/html/prof/Garden/list_Greenhous_nonP.php on line 450
[30-May-2026 07:38:40] PHP Notice:  Undefined variable: limit in /var/www/html/prof/Garden/list_Greenhous_nonP.php on line 453
[30-May-2026 07:38:40] PHP Warning:  Division by zero in /var/www/html/prof/Garden/list_Greenhous_nonP.php on line 453
[30-May-2026 07:38:40] PHP Notice:  Undefined variable: id in /var/www/html/prof/Garden/list_Greenhous_nonP.php on line 454
[30-May-2026 07:38:40] PHP Notice:  Undefined variable: id in /var/www/html/prof/Garden/list_Greenhous_nonP.php on line 479
[30-May-2026 07:38:41] PHP Notice:  Undefined variable: id_mar in /var/www/html/prof/Garden/ajax_Green.php on line 12
[30-May-2026 07:38:41] PHP Notice:  Undefined variable: id_mar in /var/www/html/prof/Garden/ajax_Green.php on line 12
[30-May-2026 07:38:41] PHP Notice:  Undefined variable: id_mar in /var/www/html/prof/Garden/ajax_Green.php on line 12
[30-May-2026 07:38:41] PHP Notice:  Undefined variable: id_mar in /var/www/html/prof/Garden/ajax_Green.php on line 12
[30-May-2026 07:38:41] PHP Notice:  Undefined variable: id_mar in /var/www/html/prof/Garden/ajax_Green.php on line 12
[30-May-2026 07:38:41] PHP Notice:  Undefined variable: id_mar in /var/www/html/prof/Garden/ajax_Green.php on line 12
[30-May-2026 07:38:41] PHP Notice:  Undefined variable: id_mar in /var/www/html/prof/Garden/ajax_Green.php on line 12
[30-May-2026 07:38:41] PHP Notice:  Undefined variable: id_mar in /var/www/html/prof/Garden/ajax_Green.php on line 12
[30-May-2026 07:38:42] PHP Notice:  Undefined index: no_mush in /var/www/html/prof/Garden/list_Greenhous_nonP.php on line 19
[30-May-2026 07:38:42] PHP Notice:  Undefined index: m_ab in /var/www/html/prof/Garden/list_Greenhous_nonP.php on line 20
[30-May-2026 07:38:42] PHP Notice:  Undefined variable: id_ostan1 in /var/www/html/prof/Garden/list_Greenhous_nonP.php on line 138
[30-May-2026 07:38:42] PHP Notice:  Undefined index: no_bah in /var/www/html/prof/Garden/list_Greenhous_nonP.php on line 437
[30-May-2026 07:38:42] PHP Notice:  Undefined index: no_bah in /var/www/html/prof/Garden/list_Greenhous_nonP.php on line 437
[30-May-2026 07:38:42] PHP Notice:  Undefined index: no_bah in /var/www/html/prof/Garden/list_Greenhous_nonP.php on line 437
[30-May-2026 07:38:42] PHP Notice:  Undefined index: no_bah in /var/www/html/prof/Garden/list_Greenhous_nonP.php on line 437
[30-May-2026 07:38:42] PHP Notice:  Undefined index: no_bah in /var/www/html/prof/Garden/list_Greenhous_nonP.php on line 437
[30-May-2026 07:38:42] PHP Notice:  Undefined index: no_bah in /var/www/html/prof/Garden/list_Greenhous_nonP.php on line 437
[30-May-2026 07:38:42] PHP Notice:  Undefined index: no_bah in /var/www/html/prof/Garden/list_Greenhous_nonP.php on line 437
[30-May-2026 07:38:42] PHP Notice:  Undefined index: no_bah in /var/www/html/prof/Garden/list_Greenhous_nonP.php on line 437
[30-May-2026 07:38:42] PHP Notice:  Undefined index: no_bah in /var/www/html/prof/Garden/list_Greenhous_nonP.php on line 437
[30-May-2026 07:38:42] PHP Notice:  Undefined index: no_bah in /var/www/html/prof/Garden/list_Greenhous_nonP.php on line 437
[30-May-2026 07:38:42] PHP Notice:  Undefined index: no_bah in /var/www/html/prof/Garden/list_Greenhous_nonP.php on line 437
[30-May-2026 07:38:42] PHP Notice:  Undefined index: no_bah in /var/www/html/prof/Garden/list_Greenhous_nonP.php on line 437
[30-May-2026 07:38:42] PHP Notice:  Undefined index: no_bah in /var/www/html/prof/Garden/list_Greenhous_nonP.php on line 437
[30-May-2026 07:38:42] PHP Notice:  Undefined index: no_bah in /var/www/html/prof/Garden/list_Greenhous_nonP.php on line 437
[30-May-2026 07:38:42] PHP Notice:  Undefined index: no_bah in /var/www/html/prof/Garden/list_Greenhous_nonP.php on line 437
[30-May-2026 07:38:42] PHP Notice:  Undefined index: no_bah in /var/www/html/prof/Garden/list_Greenhous_nonP.php on line 437
[30-May-2026 07:38:42] PHP Notice:  Undefined index: no_bah in /var/www/html/prof/Garden/list_Greenhous_nonP.php on line 437
[30-May-2026 07:38:42] PHP Notice:  Undefined index: no_bah in /var/www/html/prof/Garden/list_Greenhous_nonP.php on line 437
[30-May-2026 07:38:42] PHP Notice:  Undefined index: no_bah in /var/www/html/prof/Garden/list_Greenhous_nonP.php on line 437
[30-May-2026 07:38:42] PHP Notice:  Undefined index: no_bah in /var/www/html/prof/Garden/list_Greenhous_nonP.php on line 437
[30-May-2026 07:38:42] PHP Notice:  Undefined index: no_bah in /var/www/html/prof/Garden/list_Greenhous_nonP.php on line 437
[30-May-2026 07:38:42] PHP Notice:  Undefined index: no_bah in /var/www/html/prof/Garden/list_Greenhous_nonP.php on line 437
[30-May-2026 07:38:42] PHP Notice:  Undefined index: no_bah in /var/www/html/prof/Garden/list_Greenhous_nonP.php on line 437
[30-May-2026 07:38:42] PHP Notice:  Undefined index: no_bah in /var/www/html/prof/Garden/list_Greenhous_nonP.php on line 437
[30-May-2026 07:38:42] PHP Notice:  Undefined index: no_bah in /var/www/html/prof/Garden/list_Greenhous_nonP.php on line 437
[30-May-2026 07:38:42] PHP Notice:  Undefined variable: id in /var/www/html/prof/Garden/list_Greenhous_nonP.php on line 454
[30-May-2026 07:38:42] PHP Notice:  Undefined variable: id in /var/www/html/prof/Garden/list_Greenhous_nonP.php on line 479
[30-May-2026 07:38:42] PHP Notice:  Undefined variable: id in /var/www/html/prof/Garden/list_Greenhous_nonP.php on line 482
[30-May-2026 07:38:42] PHP Notice:  Undefined variable: id in /var/www/html/prof/Garden/list_Greenhous_nonP.php on line 507
[30-May-2026 07:38:42] PHP Notice:  Undefined variable: id in /var/www/html/prof/Garden/list_Greenhous_nonP.php on line 507
[30-May-2026 07:38:49] PHP Notice:  Undefined index: bah_cod_m in /var/www/html/prof/Garden/Greenhous_prodi.php on line 9
[30-May-2026 07:38:49] PHP Notice:  Undefined index: unit_id in /var/www/html/prof/Garden/Greenhous_prodi.php on line 10
[30-May-2026 07:38:49] PHP Notice:  Undefined index: y_prod in /var/www/html/prof/Garden/Greenhous_prodi.php on line 14
[30-May-2026 07:38:49] PHP Notice:  Undefined index: v_unit in /var/www/html/prof/Garden/Greenhous_prodi.php on line 15
[30-May-2026 07:38:49] PHP Notice:  Undefined index: unit_id in /var/www/html/prof/Garden/Greenhous_prodi.php on line 16
[30-May-2026 07:38:49] PHP Notice:  Undefined index: num_bah in /var/www/html/prof/Garden/Greenhous_prodi.php on line 17
[30-May-2026 07:38:49] PHP Notice:  Undefined variable: mess in /var/www/html/prof/Garden/Greenhous_prodi.php on line 135
[30-May-2026 07:38:49] PHP Notice:  Undefined variable: row in /var/www/html/prof/Garden/Greenhous_prodi.php on line 197
[30-May-2026 07:38:49] PHP Notice:  Undefined variable: row in /var/www/html/prof/Garden/Greenhous_prodi.php on line 219
[30-May-2026 07:38:49] PHP Notice:  Undefined variable: add_abadi in /var/www/html/prof/Garden/Greenhous_prodi.php on line 222
[30-May-2026 07:38:49] PHP Notice:  Undefined variable: add_city in /var/www/html/prof/Garden/Greenhous_prodi.php on line 223
[30-May-2026 07:38:52] PHP Notice:  Undefined variable: mess in /var/www/html/prof/Garden/Greenhous_prodi.php on line 135
[30-May-2026 07:38:52] PHP Notice:  Undefined variable: add_abadi in /var/www/html/prof/Garden/Greenhous_prodi.php on line 222
[30-May-2026 07:38:52] PHP Notice:  Undefined variable: add_city in /var/www/html/prof/Garden/Greenhous_prodi.php on line 223
[30-May-2026 07:39:00] PHP Notice:  Undefined variable: mess in /var/www/html/prof/Garden/Greenhous_prodi.php on line 43
[30-May-2026 07:39:00] PHP Notice:  Undefined variable: mess in /var/www/html/prof/Garden/Greenhous_prodi.php on line 58
[30-May-2026 07:39:00] PHP Notice:  Undefined variable: mess in /var/www/html/prof/Garden/Greenhous_prodi.php on line 135
[30-May-2026 07:39:00] PHP Notice:  Undefined variable: add_abadi in /var/www/html/prof/Garden/Greenhous_prodi.php on line 222
[30-May-2026 07:39:00] PHP Notice:  Undefined variable: add_city in /var/www/html/prof/Garden/Greenhous_prodi.php on line 223
[30-May-2026 07:39:00] PHP Notice:  Undefined variable: t_mar in /var/www/html/prof/Garden/Greenh_prod.php on line 332
[30-May-2026 07:39:00] PHP Notice:  Undefined variable: z_dep in /var/www/html/prof/Garden/Greenh_prod.php on line 337
[30-May-2026 07:39:00] PHP Notice:  Undefined variable: t_zan in /var/www/html/prof/Garden/Greenh_prod.php on line 343
[30-May-2026 07:39:00] PHP Notice:  Undefined variable: lisan in /var/www/html/prof/Garden/Greenh_prod.php on line 347
[30-May-2026 07:39:00] PHP Notice:  Undefined variable: m_fani in /var/www/html/prof/Garden/Greenh_prod.php on line 355
[30-May-2026 07:39:00] PHP Notice:  Undefined variable: m_fani in /var/www/html/prof/Garden/Greenh_prod.php on line 356
[30-May-2026 07:39:00] PHP Notice:  Undefined variable: t_mar in /var/www/html/prof/Garden/Greenh_prod.php on line 361
[30-May-2026 07:39:00] PHP Notice:  Undefined variable: gar_ma in /var/www/html/prof/Garden/Greenh_prod.php on line 380
[30-May-2026 07:39:00] PHP Notice:  Undefined variable: gar_m in /var/www/html/prof/Garden/Greenh_prod.php on line 383
[30-May-2026 07:39:00] PHP Notice:  Undefined variable: gar_ja in /var/www/html/prof/Garden/Greenh_prod.php on line 386
[30-May-2026 07:39:00] PHP Notice:  Undefined variable: gar_j in /var/www/html/prof/Garden/Greenh_prod.php on line 389
[30-May-2026 07:39:00] PHP Notice:  Undefined variable: hash_ma in /var/www/html/prof/Garden/Greenh_prod.php on line 395
[30-May-2026 07:39:00] PHP Notice:  Undefined variable: hash_m in /var/www/html/prof/Garden/Greenh_prod.php on line 398
[30-May-2026 07:39:00] PHP Notice:  Undefined variable: hash_ja in /var/www/html/prof/Garden/Greenh_prod.php on line 401
[30-May-2026 07:39:00] PHP Notice:  Undefined variable: hash_j in /var/www/html/prof/Garden/Greenh_prod.php on line 404
[30-May-2026 07:39:00] PHP Notice:  Undefined variable: zof_ma in /var/www/html/prof/Garden/Greenh_prod.php on line 410
[30-May-2026 07:39:00] PHP Notice:  Undefined variable: zof_m in /var/www/html/prof/Garden/Greenh_prod.php on line 413
[30-May-2026 07:39:00] PHP Notice:  Undefined variable: zof_ja in /var/www/html/prof/Garden/Greenh_prod.php on line 416
[30-May-2026 07:39:00] PHP Notice:  Undefined variable: zof_j in /var/www/html/prof/Garden/Greenh_prod.php on line 419
[30-May-2026 07:39:00] PHP Notice:  Undefined variable: kod_h3_a in /var/www/html/prof/Garden/Greenh_prod.php on line 446
[30-May-2026 07:39:00] PHP Notice:  Undefined variable: kod_h3_m in /var/www/html/prof/Garden/Greenh_prod.php on line 449
[30-May-2026 07:39:00] PHP Notice:  Undefined variable: kod_h2_a in /var/www/html/prof/Garden/Greenh_prod.php on line 453
[30-May-2026 07:39:00] PHP Notice:  Undefined variable: kod_h2_m in /var/www/html/prof/Garden/Greenh_prod.php on line 456
[30-May-2026 07:39:00] PHP Notice:  Undefined variable: kod_h1_a in /var/www/html/prof/Garden/Greenh_prod.php on line 460
[30-May-2026 07:39:00] PHP Notice:  Undefined variable: kod_h1_m in /var/www/html/prof/Garden/Greenh_prod.php on line 463
[30-May-2026 07:39:00] PHP Notice:  Undefined variable: kod_sh3_a in /var/www/html/prof/Garden/Greenh_prod.php on line 470
[30-May-2026 07:39:00] PHP Notice:  Undefined variable: kod_sh3_m in /var/www/html/prof/Garden/Greenh_prod.php on line 473
[30-May-2026 07:39:00] PHP Notice:  Undefined variable: kod_sh2_a in /var/www/html/prof/Garden/Greenh_prod.php on line 477
[30-May-2026 07:39:00] PHP Notice:  Undefined variable: kod_sh2_m in /var/www/html/prof/Garden/Greenh_prod.php on line 480
[30-May-2026 07:39:00] PHP Notice:  Undefined variable: kod_sh1_a in /var/www/html/prof/Garden/Greenh_prod.php on line 484
[30-May-2026 07:39:00] PHP Notice:  Undefined variable: kod_sh1_m in /var/www/html/prof/Garden/Greenh_prod.php on line 487
[30-May-2026 07:39:00] PHP Notice:  Undefined variable: kod_bio3_a in /var/www/html/prof/Garden/Greenh_prod.php on line 494
[30-May-2026 07:39:00] PHP Notice:  Undefined variable: kod_bio3_m in /var/www/html/prof/Garden/Greenh_prod.php on line 497
[30-May-2026 07:39:00] PHP Notice:  Undefined variable: kod_bio2_a in /var/www/html/prof/Garden/Greenh_prod.php on line 501
[30-May-2026 07:39:00] PHP Notice:  Undefined variable: kod_bio2_m in /var/www/html/prof/Garden/Greenh_prod.php on line 504
[30-May-2026 07:39:00] PHP Notice:  Undefined variable: kod_bio1_a in /var/www/html/prof/Garden/Greenh_prod.php on line 508
[30-May-2026 07:39:00] PHP Notice:  Undefined variable: kod_bio1_m in /var/www/html/prof/Garden/Greenh_prod.php on line 511
[30-May-2026 07:39:00] PHP Notice:  Undefined variable: barg_m in /var/www/html/prof/Garden/Greenh_prod.php on line 541
[30-May-2026 07:39:00] PHP Notice:  Undefined variable: gazoil_m in /var/www/html/prof/Garden/Greenh_prod.php on line 545
[30-May-2026 07:39:00] PHP Notice:  Undefined variable: benz_m in /var/www/html/prof/Garden/Greenh_prod.php on line 548
[30-May-2026 07:39:00] PHP Notice:  Undefined variable: ab_m in /var/www/html/prof/Garden/Greenh_prod.php on line 551
[30-May-2026 07:39:00] PHP Notice:  Undefined variable: barg_a in /var/www/html/prof/Garden/Greenh_prod.php on line 563
[30-May-2026 07:39:00] PHP Notice:  Undefined variable: gazoil_a in /var/www/html/prof/Garden/Greenh_prod.php on line 567
[30-May-2026 07:39:00] PHP Notice:  Undefined variable: benz_a in /var/www/html/prof/Garden/Greenh_prod.php on line 570
[30-May-2026 07:39:00] PHP Notice:  Undefined variable: ab_a in /var/www/html/prof/Garden/Greenh_prod.php on line 573
[30-May-2026 07:39:00] PHP Notice:  Undefined variable: bazr_a in /var/www/html/prof/Garden/Greenh_prod.php on line 594
[30-May-2026 07:39:00] PHP Notice:  Undefined variable: bazr_m in /var/www/html/prof/Garden/Greenh_prod.php on line 598
[30-May-2026 07:39:00] PHP Notice:  Undefined variable: nesha_a in /var/www/html/prof/Garden/Greenh_prod.php on line 606
[30-May-2026 07:39:00] PHP Notice:  Undefined variable: nesha_m in /var/www/html/prof/Garden/Greenh_prod.php on line 611
[30-May-2026 07:39:00] PHP Notice:  Undefined variable: t_zgard in /var/www/html/prof/Garden/Greenh_prod.php on line 620
[30-May-2026 07:39:00] PHP Notice:  Undefined variable: t_hshekar in /var/www/html/prof/Garden/Greenh_prod.php on line 625
[30-May-2026 07:39:00] PHP Notice:  Undefined variable: b_say in /var/www/html/prof/Garden/Greenh_prod.php on line 647
[30-May-2026 07:39:00] PHP Notice:  Undefined variable: b_pet in /var/www/html/prof/Garden/Greenh_prod.php on line 650
[30-May-2026 07:39:00] PHP Notice:  Undefined variable: b_per in /var/www/html/prof/Garden/Greenh_prod.php on line 653
[30-May-2026 07:39:00] PHP Notice:  Undefined variable: b_mas in /var/www/html/prof/Garden/Greenh_prod.php on line 656
[30-May-2026 07:39:00] PHP Notice:  Undefined variable: b_coco in /var/www/html/prof/Garden/Greenh_prod.php on line 659
[30-May-2026 07:39:00] PHP Notice:  Undefined variable: id in /var/www/html/prof/Garden/Greenh_prod.php on line 697
[30-May-2026 07:39:00] PHP Notice:  Undefined variable: id in /var/www/html/prof/Garden/Greenh_prod.php on line 700
[30-May-2026 07:39:00] PHP Notice:  Undefined variable: id in /var/www/html/prof/Garden/Greenh_prod.php on line 713
[30-May-2026 07:39:00] PHP Notice:  Undefined variable: id in /var/www/html/prof/Garden/Greenh_prod.php on line 723
[30-May-2026 07:39:00] PHP Notice:  Undefined variable: mah_name in /var/www/html/prof/Garden/Greenh_prod.php on line 837
[30-May-2026 07:39:00] PHP Notice:  Undefined variable: mah_name in /var/www/html/prof/Garden/Greenh_prod.php on line 837
[30-May-2026 07:39:00] PHP Notice:  Undefined variable: number in /var/www/html/prof/Garden/Greenh_prod.php on line 887
[30-May-2026 07:39:04] PHP Notice:  Undefined variable: id in /var/www/html/prof/Garden/Greenh_prod.php on line 697
[30-May-2026 07:39:04] PHP Notice:  Undefined variable: id in /var/www/html/prof/Garden/Greenh_prod.php on line 700
[30-May-2026 07:39:04] PHP Notice:  Undefined variable: mah_name in /var/www/html/prof/Garden/Greenh_prod.php on line 837
[30-May-2026 07:39:04] PHP Notice:  Undefined variable: mah_name in /var/www/html/prof/Garden/Greenh_prod.php on line 837
[30-May-2026 07:39:04] PHP Notice:  Undefined variable: number in /var/www/html/prof/Garden/Greenh_prod.php on line 887
[30-May-2026 07:39:11] PHP Notice:  Undefined variable: query1 in /var/www/html/prof/Garden/Garden_edit_T_new.php on line 457
[30-May-2026 07:39:11] PHP Notice:  Undefined variable: limit in /var/www/html/prof/Garden/Garden_edit_T_new.php on line 460
[30-May-2026 07:39:11] PHP Warning:  Division by zero in /var/www/html/prof/Garden/Garden_edit_T_new.php on line 460
[30-May-2026 07:39:11] PHP Notice:  Undefined variable: id in /var/www/html/prof/Garden/Garden_edit_T_new.php on line 486
[30-May-2026 07:39:11] PHP Notice:  Undefined variable: id in /var/www/html/prof/Garden/Garden_edit_T_new.php on line 487
[30-May-2026 07:39:11] PHP Notice:  Undefined variable: id in /var/www/html/prof/Garden/Garden_edit_T_new.php on line 492
[30-May-2026 07:39:11] PHP Notice:  Undefined variable: id in /var/www/html/prof/Garden/Garden_edit_T_new.php on line 538
[30-May-2026 07:39:11] PHP Notice:  Undefined variable: query1 in /var/www/html/prof/Garden/Garden_edit_T_new.php on line 457
[30-May-2026 07:39:11] PHP Notice:  Undefined variable: limit in /var/www/html/prof/Garden/Garden_edit_T_new.php on line 460
[30-May-2026 07:39:11] PHP Warning:  Division by zero in /var/www/html/prof/Garden/Garden_edit_T_new.php on line 460
[30-May-2026 07:39:11] PHP Notice:  Undefined variable: id in /var/www/html/prof/Garden/Garden_edit_T_new.php on line 486
[30-May-2026 07:39:11] PHP Notice:  Undefined variable: id in /var/www/html/prof/Garden/Garden_edit_T_new.php on line 487
[30-May-2026 07:39:11] PHP Notice:  Undefined variable: id in /var/www/html/prof/Garden/Garden_edit_T_new.php on line 492
[30-May-2026 07:39:11] PHP Notice:  Undefined variable: id in /var/www/html/prof/Garden/Garden_edit_T_new.php on line 538
[30-May-2026 07:39:18] PHP Notice:  Undefined index: bah_cod_m in /var/www/html/prof/Garden/Greenhous_prodi.php on line 9
[30-May-2026 07:39:18] PHP Notice:  Undefined index: unit_id in /var/www/html/prof/Garden/Greenhous_prodi.php on line 10
[30-May-2026 07:39:18] PHP Notice:  Undefined index: y_prod in /var/www/html/prof/Garden/Greenhous_prodi.php on line 14
[30-May-2026 07:39:18] PHP Notice:  Undefined index: v_unit in /var/www/html/prof/Garden/Greenhous_prodi.php on line 15
[30-May-2026 07:39:18] PHP Notice:  Undefined index: unit_id in /var/www/html/prof/Garden/Greenhous_prodi.php on line 16
[30-May-2026 07:39:18] PHP Notice:  Undefined index: num_bah in /var/www/html/prof/Garden/Greenhous_prodi.php on line 17
[30-May-2026 07:39:18] PHP Notice:  Undefined variable: mess in /var/www/html/prof/Garden/Greenhous_prodi.php on line 135
[30-May-2026 07:39:18] PHP Notice:  Undefined variable: row in /var/www/html/prof/Garden/Greenhous_prodi.php on line 197
[30-May-2026 07:39:18] PHP Notice:  Undefined variable: row in /var/www/html/prof/Garden/Greenhous_prodi.php on line 219
[30-May-2026 07:39:18] PHP Notice:  Undefined variable: add_abadi in /var/www/html/prof/Garden/Greenhous_prodi.php on line 222
[30-May-2026 07:39:18] PHP Notice:  Undefined variable: add_city in /var/www/html/prof/Garden/Greenhous_prodi.php on line 223
[30-May-2026 07:39:29] PHP Notice:  Undefined variable: query1 in /var/www/html/prof/Garden/Garden_rep15.php on line 435
[30-May-2026 07:39:29] PHP Notice:  Undefined variable: limit in /var/www/html/prof/Garden/Garden_rep15.php on line 438
[30-May-2026 07:39:29] PHP Warning:  Division by zero in /var/www/html/prof/Garden/Garden_rep15.php on line 438
[30-May-2026 07:39:29] PHP Notice:  Undefined variable: id in /var/www/html/prof/Garden/Garden_rep15.php on line 461
[30-May-2026 07:39:29] PHP Notice:  Undefined variable: id in /var/www/html/prof/Garden/Garden_rep15.php on line 462
[30-May-2026 07:39:29] PHP Notice:  Undefined variable: id in /var/www/html/prof/Garden/Garden_rep15.php on line 467
[30-May-2026 07:39:29] PHP Notice:  Undefined variable: id in /var/www/html/prof/Garden/Garden_rep15.php on line 513
[30-May-2026 07:39:31] PHP Notice:  Undefined variable: mess in /var/www/html/prof/Garden/Greenhous_prodi.php on line 135
[30-May-2026 07:39:31] PHP Notice:  Undefined variable: add_abadi in /var/www/html/prof/Garden/Greenhous_prodi.php on line 222
[30-May-2026 07:39:31] PHP Notice:  Undefined variable: add_city in /var/www/html/prof/Garden/Greenhous_prodi.php on line 223
[30-May-2026 07:39:32] PHP Notice:  Undefined index: no_bah in /var/www/html/prof/Garden/liste_Mush_prod.php on line 132
[30-May-2026 07:39:39] PHP Notice:  Undefined variable: mess in /var/www/html/prof/Garden/Greenhous_prodi.php on line 43
[30-May-2026 07:39:39] PHP Notice:  Undefined variable: mess in /var/www/html/prof/Garden/Greenhous_prodi.php on line 58
[30-May-2026 07:39:39] PHP Notice:  Undefined variable: mess in /var/www/html/prof/Garden/Greenhous_prodi.php on line 135
[30-May-2026 07:39:39] PHP Notice:  Undefined variable: add_abadi in /var/www/html/prof/Garden/Greenhous_prodi.php on line 222
[30-May-2026 07:39:39] PHP Notice:  Undefined variable: add_city in /var/www/html/prof/Garden/Greenhous_prodi.php on line 223
[30-May-2026 07:39:39] PHP Notice:  Undefined variable: t_mar in /var/www/html/prof/Garden/Greenh_prod.php on line 332
[30-May-2026 07:39:39] PHP Notice:  Undefined variable: z_dep in /var/www/html/prof/Garden/Greenh_prod.php on line 337
[30-May-2026 07:39:39] PHP Notice:  Undefined variable: t_zan in /var/www/html/prof/Garden/Greenh_prod.php on line 343
[30-May-2026 07:39:39] PHP Notice:  Undefined variable: lisan in /var/www/html/prof/Garden/Greenh_prod.php on line 347
[30-May-2026 07:39:39] PHP Notice:  Undefined variable: m_fani in /var/www/html/prof/Garden/Greenh_prod.php on line 355
[30-May-2026 07:39:39] PHP Notice:  Undefined variable: m_fani in /var/www/html/prof/Garden/Greenh_prod.php on line 356
[30-May-2026 07:39:39] PHP Notice:  Undefined variable: t_mar in /var/www/html/prof/Garden/Greenh_prod.php on line 361
[30-May-2026 07:39:39] PHP Notice:  Undefined variable: gar_ma in /var/www/html/prof/Garden/Greenh_prod.php on line 380
[30-May-2026 07:39:39] PHP Notice:  Undefined variable: gar_m in /var/www/html/prof/Garden/Greenh_prod.php on line 383
[30-May-2026 07:39:39] PHP Notice:  Undefined variable: gar_ja in /var/www/html/prof/Garden/Greenh_prod.php on line 386
[30-May-2026 07:39:39] PHP Notice:  Undefined variable: gar_j in /var/www/html/prof/Garden/Greenh_prod.php on line 389
[30-May-2026 07:39:39] PHP Notice:  Undefined variable: hash_ma in /var/www/html/prof/Garden/Greenh_prod.php on line 395
[30-May-2026 07:39:39] PHP Notice:  Undefined variable: hash_m in /var/www/html/prof/Garden/Greenh_prod.php on line 398
[30-May-2026 07:39:39] PHP Notice:  Undefined variable: hash_ja in /var/www/html/prof/Garden/Greenh_prod.php on line 401
[30-May-2026 07:39:39] PHP Notice:  Undefined variable: hash_j in /var/www/html/prof/Garden/Greenh_prod.php on line 404
[30-May-2026 07:39:39] PHP Notice:  Undefined variable: zof_ma in /var/www/html/prof/Garden/Greenh_prod.php on line 410
[30-May-2026 07:39:39] PHP Notice:  Undefined variable: zof_m in /var/www/html/prof/Garden/Greenh_prod.php on line 413
[30-May-2026 07:39:39] PHP Notice:  Undefined variable: zof_ja in /var/www/html/prof/Garden/Greenh_prod.php on line 416
[30-May-2026 07:39:39] PHP Notice:  Undefined variable: zof_j in /var/www/html/prof/Garden/Greenh_prod.php on line 419
[30-May-2026 07:39:39] PHP Notice:  Undefined variable: kod_h3_a in /var/www/html/prof/Garden/Greenh_prod.php on line 446
[30-May-2026 07:39:39] PHP Notice:  Undefined variable: kod_h3_m in /var/www/html/prof/Garden/Greenh_prod.php on line 449
[30-May-2026 07:39:39] PHP Notice:  Undefined variable: kod_h2_a in /var/www/html/prof/Garden/Greenh_prod.php on line 453
[30-May-2026 07:39:39] PHP Notice:  Undefined variable: kod_h2_m in /var/www/html/prof/Garden/Greenh_prod.php on line 456
[30-May-2026 07:39:39] PHP Notice:  Undefined variable: kod_h1_a in /var/www/html/prof/Garden/Greenh_prod.php on line 460
[30-May-2026 07:39:39] PHP Notice:  Undefined variable: kod_h1_m in /var/www/html/prof/Garden/Greenh_prod.php on line 463
[30-May-2026 07:39:39] PHP Notice:  Undefined variable: kod_sh3_a in /var/www/html/prof/Garden/Greenh_prod.php on line 470
[30-May-2026 07:39:39] PHP Notice:  Undefined variable: kod_sh3_m in /var/www/html/prof/Garden/Greenh_prod.php on line 473
[30-May-2026 07:39:39] PHP Notice:  Undefined variable: kod_sh2_a in /var/www/html/prof/Garden/Greenh_prod.php on line 477
[30-May-2026 07:39:39] PHP Notice:  Undefined variable: kod_sh2_m in /var/www/html/prof/Garden/Greenh_prod.php on line 480
[30-May-2026 07:39:39] PHP Notice:  Undefined variable: kod_sh1_a in /var/www/html/prof/Garden/Greenh_prod.php on line 484
[30-May-2026 07:39:39] PHP Notice:  Undefined variable: kod_sh1_m in /var/www/html/prof/Garden/Greenh_prod.php on line 487
[30-May-2026 07:39:39] PHP Notice:  Undefined variable: kod_bio3_a in /var/www/html/prof/Garden/Greenh_prod.php on line 494
[30-May-2026 07:39:39] PHP Notice:  Undefined variable: kod_bio3_m in /var/www/html/prof/Garden/Greenh_prod.php on line 497
[30-May-2026 07:39:39] PHP Notice:  Undefined variable: kod_bio2_a in /var/www/html/prof/Garden/Greenh_prod.php on line 501
[30-May-2026 07:39:39] PHP Notice:  Undefined variable: kod_bio2_m in /var/www/html/prof/Garden/Greenh_prod.php on line 504
[30-May-2026 07:39:39] PHP Notice:  Undefined variable: kod_bio1_a in /var/www/html/prof/Garden/Greenh_prod.php on line 508
[30-May-2026 07:39:39] PHP Notice:  Undefined variable: kod_bio1_m in /var/www/html/prof/Garden/Greenh_prod.php on line 511
[30-May-2026 07:39:39] PHP Notice:  Undefined variable: barg_m in /var/www/html/prof/Garden/Greenh_prod.php on line 541
[30-May-2026 07:39:39] PHP Notice:  Undefined variable: gazoil_m in /var/www/html/prof/Garden/Greenh_prod.php on line 545
[30-May-2026 07:39:39] PHP Notice:  Undefined variable: benz_m in /var/www/html/prof/Garden/Greenh_prod.php on line 548
[30-May-2026 07:39:39] PHP Notice:  Undefined variable: ab_m in /var/www/html/prof/Garden/Greenh_prod.php on line 551
[30-May-2026 07:39:39] PHP Notice:  Undefined variable: barg_a in /var/www/html/prof/Garden/Greenh_prod.php on line 563
[30-May-2026 07:39:39] PHP Notice:  Undefined variable: gazoil_a in /var/www/html/prof/Garden/Greenh_prod.php on line 567
[30-May-2026 07:39:39] PHP Notice:  Undefined variable: benz_a in /var/www/html/prof/Garden/Greenh_prod.php on line 570
[30-May-2026 07:39:39] PHP Notice:  Undefined variable: ab_a in /var/www/html/prof/Garden/Greenh_prod.php on line 573
[30-May-2026 07:39:39] PHP Notice:  Undefined variable: bazr_a in /var/www/html/prof/Garden/Greenh_prod.php on line 594
[30-May-2026 07:39:39] PHP Notice:  Undefined variable: bazr_m in /var/www/html/prof/Garden/Greenh_prod.php on line 598
[30-May-2026 07:39:39] PHP Notice:  Undefined variable: nesha_a in /var/www/html/prof/Garden/Greenh_prod.php on line 606
[30-May-2026 07:39:39] PHP Notice:  Undefined variable: nesha_m in /var/www/html/prof/Garden/Greenh_prod.php on line 611
[30-May-2026 07:39:39] PHP Notice:  Undefined variable: t_zgard in /var/www/html/prof/Garden/Greenh_prod.php on line 620
[30-May-2026 07:39:39] PHP Notice:  Undefined variable: t_hshekar in /var/www/html/prof/Garden/Greenh_prod.php on line 625
[30-May-2026 07:39:39] PHP Notice:  Undefined variable: b_say in /var/www/html/prof/Garden/Greenh_prod.php on line 647
[30-May-2026 07:39:39] PHP Notice:  Undefined variable: b_pet in /var/www/html/prof/Garden/Greenh_prod.php on line 650
[30-May-2026 07:39:39] PHP Notice:  Undefined variable: b_per in /var/www/html/prof/Garden/Greenh_prod.php on line 653
[30-May-2026 07:39:39] PHP Notice:  Undefined variable: b_mas in /var/www/html/prof/Garden/Greenh_prod.php on line 656
[30-May-2026 07:39:39] PHP Notice:  Undefined variable: b_coco in /var/www/html/prof/Garden/Greenh_prod.php on line 659
[30-May-2026 07:39:39] PHP Notice:  Undefined variable: id in /var/www/html/prof/Garden/Greenh_prod.php on line 697
[30-May-2026 07:39:39] PHP Notice:  Undefined variable: id in /var/www/html/prof/Garden/Greenh_prod.php on line 700
[30-May-2026 07:39:39] PHP Notice:  Undefined variable: id in /var/www/html/prof/Garden/Greenh_prod.php on line 713
[30-May-2026 07:39:39] PHP Notice:  Undefined variable: id in /var/www/html/prof/Garden/Greenh_prod.php on line 723
[30-May-2026 07:39:39] PHP Notice:  Undefined variable: mah_name in /var/www/html/prof/Garden/Greenh_prod.php on line 837
[30-May-2026 07:39:39] PHP Notice:  Undefined variable: mah_name in /var/www/html/prof/Garden/Greenh_prod.php on line 837
[30-May-2026 07:39:39] PHP Notice:  Undefined variable: number in /var/www/html/prof/Garden/Greenh_prod.php on line 887
[30-May-2026 07:39:54] PHP Notice:  Undefined variable: query1 in /var/www/html/prof/Garden/Garden_edit_T_new.php on line 457
[30-May-2026 07:39:54] PHP Notice:  Undefined variable: limit in /var/www/html/prof/Garden/Garden_edit_T_new.php on line 460
[30-May-2026 07:39:54] PHP Warning:  Division by zero in /var/www/html/prof/Garden/Garden_edit_T_new.php on line 460
[30-May-2026 07:39:54] PHP Notice:  Undefined variable: id in /var/www/html/prof/Garden/Garden_edit_T_new.php on line 486
[30-May-2026 07:39:54] PHP Notice:  Undefined variable: id in /var/www/html/prof/Garden/Garden_edit_T_new.php on line 487
[30-May-2026 07:39:54] PHP Notice:  Undefined variable: id in /var/www/html/prof/Garden/Garden_edit_T_new.php on line 492
[30-May-2026 07:39:54] PHP Notice:  Undefined variable: id in /var/www/html/prof/Garden/Garden_edit_T_new.php on line 538
[30-May-2026 07:39:54] PHP Notice:  Undefined variable: query1 in /var/www/html/prof/Garden/Garden_edit_T_new.php on line 457
[30-May-2026 07:39:54] PHP Notice:  Undefined variable: limit in /var/www/html/prof/Garden/Garden_edit_T_new.php on line 460
[30-May-2026 07:39:54] PHP Warning:  Division by zero in /var/www/html/prof/Garden/Garden_edit_T_new.php on line 460
[30-May-2026 07:39:54] PHP Notice:  Undefined variable: id in /var/www/html/prof/Garden/Garden_edit_T_new.php on line 486
[30-May-2026 07:39:54] PHP Notice:  Undefined variable: id in /var/www/html/prof/Garden/Garden_edit_T_new.php on line 487
[30-May-2026 07:39:54] PHP Notice:  Undefined variable: id in /var/www/html/prof/Garden/Garden_edit_T_new.php on line 492
[30-May-2026 07:39:54] PHP Notice:  Undefined variable: id in /var/www/html/prof/Garden/Garden_edit_T_new.php on line 538
[30-May-2026 07:40:04] PHP Notice:  Undefined index: cod_mah in /var/www/html/prof/Garden/Garden_rep15.php on line 396
[30-May-2026 07:40:04] PHP Notice:  Undefined index: cod_mah in /var/www/html/prof/Garden/Garden_rep15.php on line 396
[30-May-2026 07:40:04] PHP Notice:  Undefined index: cod_mah in /var/www/html/prof/Garden/Garden_rep15.php on line 396
[30-May-2026 07:40:04] PHP Notice:  Undefined index: cod_mah in /var/www/html/prof/Garden/Garden_rep15.php on line 396
[30-May-2026 07:40:04] PHP Notice:  Undefined index: cod_mah in /var/www/html/prof/Garden/Garden_rep15.php on line 396
[30-May-2026 07:40:04] PHP Notice:  Undefined index: cod_mah in /var/www/html/prof/Garden/Garden_rep15.php on line 396
[30-May-2026 07:40:04] PHP Notice:  Undefined index: cod_mah in /var/www/html/prof/Garden/Garden_rep15.php on line 396
[30-May-2026 07:40:04] PHP Notice:  Undefined index: cod_mah in /var/www/html/prof/Garden/Garden_rep15.php on line 396
[30-May-2026 07:40:04] PHP Notice:  Undefined index: cod_mah in /var/www/html/prof/Garden/Garden_rep15.php on line 396
[30-May-2026 07:40:04] PHP Notice:  Undefined index: cod_mah in /var/www/html/prof/Garden/Garden_rep15.php on line 396
[30-May-2026 07:40:04] PHP Notice:  Undefined index: cod_mah in /var/www/html/prof/Garden/Garden_rep15.php on line 396
[30-May-2026 07:40:04] PHP Notice:  Undefined index: cod_mah in /var/www/html/prof/Garden/Garden_rep15.php on line 396
[30-May-2026 07:40:04] PHP Notice:  Undefined index: cod_mah in /var/www/html/prof/Garden/Garden_rep15.php on line 396
[30-May-2026 07:40:04] PHP Notice:  Undefined index: cod_mah in /var/www/html/prof/Garden/Garden_rep15.php on line 396
[30-May-2026 07:40:04] PHP Notice:  Undefined index: cod_mah in /var/www/html/prof/Garden/Garden_rep15.php on line 396
[30-May-2026 07:40:04] PHP Notice:  Undefined index: cod_mah in /var/www/html/prof/Garden/Garden_rep15.php on line 396
[30-May-2026 07:40:04] PHP Notice:  Undefined index: cod_mah in /var/www/html/prof/Garden/Garden_rep15.php on line 396
[30-May-2026 07:40:04] PHP Notice:  Undefined index: cod_mah in /var/www/html/prof/Garden/Garden_rep15.php on line 396
[30-May-2026 07:40:04] PHP Notice:  Undefined index: cod_mah in /var/www/html/prof/Garden/Garden_rep15.php on line 396
[30-May-2026 07:40:04] PHP Notice:  Undefined index: cod_mah in /var/www/html/prof/Garden/Garden_rep15.php on line 396
[30-May-2026 07:40:04] PHP Notice:  Undefined index: cod_mah in /var/www/html/prof/Garden/Garden_rep15.php on line 396
[30-May-2026 07:40:04] PHP Notice:  Undefined index: cod_mah in /var/www/html/prof/Garden/Garden_rep15.php on line 396
[30-May-2026 07:40:04] PHP Notice:  Undefined index: cod_mah in /var/www/html/prof/Garden/Garden_rep15.php on line 396
[30-May-2026 07:40:04] PHP Notice:  Undefined index: cod_mah in /var/www/html/prof/Garden/Garden_rep15.php on line 396
[30-May-2026 07:40:04] PHP Notice:  Undefined index: cod_mah in /var/www/html/prof/Garden/Garden_rep15.php on line 396
[30-May-2026 07:40:11] PHP Notice:  Undefined index: date_1_kesh1 in /var/www/html/prof/Garden/Greenh_prod.php on line 122
[30-May-2026 07:40:11] PHP Notice:  Undefined index: date_2_kesh1 in /var/www/html/prof/Garden/Greenh_prod.php on line 123
[30-May-2026 07:40:11] PHP Notice:  Undefined index: date_1_bar1 in /var/www/html/prof/Garden/Greenh_prod.php on line 125
[30-May-2026 07:40:11] PHP Notice:  Undefined index: date_2_bar1 in /var/www/html/prof/Garden/Greenh_prod.php on line 126
[30-May-2026 07:40:11] PHP Notice:  Undefined variable: id in /var/www/html/prof/Garden/Greenh_prod.php on line 697
[30-May-2026 07:40:11] PHP Notice:  Undefined variable: id in /var/www/html/prof/Garden/Greenh_prod.php on line 700
[30-May-2026 07:40:11] PHP Notice:  Undefined variable: mah_name in /var/www/html/prof/Garden/Greenh_prod.php on line 837
[30-May-2026 07:40:11] PHP Notice:  Undefined variable: mah_name in /var/www/html/prof/Garden/Greenh_prod.php on line 837
[30-May-2026 07:40:11] PHP Notice:  Undefined variable: number in /var/www/html/prof/Garden/Greenh_prod.php on line 887
[30-May-2026 07:40:23] PHP Notice:  Undefined variable: id_city in /var/www/html/prof/Garden/liste_Greenhousn_old.php on line 153
[30-May-2026 07:40:23] PHP Notice:  Undefined variable: id_city in /var/www/html/prof/Garden/liste_Greenhousn_old.php on line 162
[30-May-2026 07:40:23] PHP Notice:  Undefined variable: id_city in /var/www/html/prof/Garden/liste_Greenhousn_old.php on line 174
[30-May-2026 07:40:23] PHP Notice:  Undefined variable: id_city in /var/www/html/prof/Garden/liste_Greenhousn_old.php on line 174
[30-May-2026 07:40:23] PHP Notice:  Undefined variable: id_city in /var/www/html/prof/Garden/liste_Greenhousn_old.php on line 174
[30-May-2026 07:40:23] PHP Notice:  Undefined variable: id_city in /var/www/html/prof/Garden/liste_Greenhousn_old.php on line 174
[30-May-2026 07:40:23] PHP Notice:  Undefined variable: id_city in /var/www/html/prof/Garden/liste_Greenhousn_old.php on line 174
[30-May-2026 07:40:23] PHP Notice:  Undefined variable: id_city in /var/www/html/prof/Garden/liste_Greenhousn_old.php on line 174
[30-May-2026 07:40:23] PHP Notice:  Undefined variable: id_city in /var/www/html/prof/Garden/liste_Greenhousn_old.php on line 174
[30-May-2026 07:40:23] PHP Notice:  Undefined variable: id_city in /var/www/html/prof/Garden/liste_Greenhousn_old.php on line 174
[30-May-2026 07:40:23] PHP Notice:  Undefined index: id_city5 in /var/www/html/prof/Garden/liste_Greenhousn_old.php on line 272
[30-May-2026 07:40:23] PHP Notice:  Undefined variable: id_city in /var/www/html/prof/Garden/liste_Greenhousn_old.php on line 284
[30-May-2026 07:40:23] PHP Notice:  Undefined variable: id_city in /var/www/html/prof/Garden/liste_Greenhousn_old.php on line 308
[30-May-2026 07:40:23] PHP Notice:  Undefined variable: add_abadi in /var/www/html/prof/Garden/liste_Greenhousn_old.php on line 387
[30-May-2026 07:40:23] PHP Notice:  Undefined variable: add_city in /var/www/html/prof/Garden/liste_Greenhousn_old.php on line 388
[30-May-2026 07:40:23] PHP Notice:  Undefined index: m_poul in /var/www/html/prof/Garden/liste_Greenhousn_old.php on line 393
[30-May-2026 07:40:23] PHP Notice:  Undefined variable: add_abadi in /var/www/html/prof/Garden/liste_Greenhousn_old.php on line 387
[30-May-2026 07:40:23] PHP Notice:  Undefined variable: add_city in /var/www/html/prof/Garden/liste_Greenhousn_old.php on line 388
[30-May-2026 07:40:23] PHP Notice:  Undefined index: m_poul in /var/www/html/prof/Garden/liste_Greenhousn_old.php on line 393
[30-May-2026 07:40:23] PHP Notice:  Undefined variable: add_abadi in /var/www/html/prof/Garden/liste_Greenhousn_old.php on line 387
[30-May-2026 07:40:23] PHP Notice:  Undefined variable: add_city in /var/www/html/prof/Garden/liste_Greenhousn_old.php on line 388
[30-May-2026 07:40:23] PHP Notice:  Undefined index: m_poul in /var/www/html/prof/Garden/liste_Greenhousn_old.php on line 393
[30-May-2026 07:40:23] PHP Notice:  Undefined variable: add_abadi in /var/www/html/prof/Garden/liste_Greenhousn_old.php on line 387
[30-May-2026 07:40:23] PHP Notice:  Undefined variable: add_city in /var/www/html/prof/Garden/liste_Greenhousn_old.php on line 388
[30-May-2026 07:40:23] PHP Notice:  Undefined index: m_poul in /var/www/html/prof/Garden/liste_Greenhousn_old.php on line 393
[30-May-2026 07:40:23] PHP Notice:  Undefined variable: add_abadi in /var/www/html/prof/Garden/liste_Greenhousn_old.php on line 387
[30-May-2026 07:40:23] PHP Notice:  Undefined variable: add_city in /var/www/html/prof/Garden/liste_Greenhousn_old.php on line 388
[30-May-2026 07:40:23] PHP Notice:  Undefined index: m_poul in /var/www/html/prof/Garden/liste_Greenhousn_old.php on line 393
[30-May-2026 07:40:23] PHP Notice:  Undefined variable: add_abadi in /var/www/html/prof/Garden/liste_Greenhousn_old.php on line 387
[30-May-2026 07:40:23] PHP Notice:  Undefined variable: add_city in /var/www/html/prof/Garden/liste_Greenhousn_old.php on line 388
[30-May-2026 07:40:23] PHP Notice:  Undefined index: m_poul in /var/www/html/prof/Garden/liste_Greenhousn_old.php on line 393
[30-May-2026 07:40:23] PHP Notice:  Undefined variable: add_abadi in /var/www/html/prof/Garden/liste_Greenhousn_old.php on line 387
[30-May-2026 07:40:23] PHP Notice:  Undefined variable: add_city in /var/www/html/prof/Garden/liste_Greenhousn_old.php on line 388
[30-May-2026 07:40:23] PHP Notice:  Undefined index: m_poul in /var/www/html/prof/Garden/liste_Greenhousn_old.php on line 393
[30-May-2026 07:40:23] PHP Notice:  Undefined variable: add_abadi in /var/www/html/prof/Garden/liste_Greenhousn_old.php on line 387
[30-May-2026 07:40:23] PHP Notice:  Undefined variable: add_city in /var/www/html/prof/Garden/liste_Greenhousn_old.php on line 388
[30-May-2026 07:40:23] PHP Notice:  Undefined index: m_poul in /var/www/html/prof/Garden/liste_Greenhousn_old.php on line 393
[30-May-2026 07:40:23] PHP Notice:  Undefined variable: add_abadi in /var/www/html/prof/Garden/liste_Greenhousn_old.php on line 387
[30-May-2026 07:40:23] PHP Notice:  Undefined variable: add_city in /var/www/html/prof/Garden/liste_Greenhousn_old.php on line 388
[30-May-2026 07:40:23] PHP Notice:  Undefined index: m_poul in /var/www/html/prof/Garden/liste_Greenhousn_old.php on line 393
[30-May-2026 07:40:23] PHP Notice:  Undefined variable: add_abadi in /var/www/html/prof/Garden/liste_Greenhousn_old.php on line 387
[30-May-2026 07:40:23] PHP Notice:  Undefined variable: add_city in /var/www/html/prof/Garden/liste_Greenhousn_old.php on line 388
[30-May-2026 07:40:23] PHP Notice:  Undefined index: m_poul in /var/www/html/prof/Garden/liste_Greenhousn_old.php on line 393
[30-May-2026 07:40:23] PHP Notice:  Undefined variable: add_abadi in /var/www/html/prof/Garden/liste_Greenhousn_old.php on line 387
[30-May-2026 07:40:23] PHP Notice:  Undefined variable: add_city in /var/www/html/prof/Garden/liste_Greenhousn_old.php on line 388
[30-May-2026 07:40:23] PHP Notice:  Undefined index: m_poul in /var/www/html/prof/Garden/liste_Greenhousn_old.php on line 393
[30-May-2026 07:40:23] PHP Notice:  Undefined variable: add_abadi in /var/www/html/prof/Garden/liste_Greenhousn_old.php on line 387
[30-May-2026 07:40:23] PHP Notice:  Undefined variable: add_city in /var/www/html/prof/Garden/liste_Greenhousn_old.php on line 388
[30-May-2026 07:40:23] PHP Notice:  Undefined index: m_poul in /var/www/html/prof/Garden/liste_Greenhousn_old.php on line 393
[30-May-2026 07:40:23] PHP Notice:  Undefined variable: add_abadi in /var/www/html/prof/Garden/liste_Greenhousn_old.php on line 387
[30-May-2026 07:40:23] PHP Notice:  Undefined variable: add_city in /var/www/html/prof/Garden/liste_Greenhousn_old.php on line 388
[30-May-2026 07:40:23] PHP Notice:  Undefined index: m_poul in /var/www/html/prof/Garden/liste_Greenhousn_old.php on line 393
[30-May-2026 07:40:23] PHP Notice:  Undefined variable: add_abadi in /var/www/html/prof/Garden/liste_Greenhousn_old.php on line 387
[30-May-2026 07:40:23] PHP Notice:  Undefined variable: add_city in /var/www/html/prof/Garden/liste_Greenhousn_old.php on line 388
[30-May-2026 07:40:23] PHP Notice:  Undefined index: m_poul in /var/www/html/prof/Garden/liste_Greenhousn_old.php on line 393
[30-May-2026 07:40:23] PHP Notice:  Undefined variable: add_abadi in /var/www/html/prof/Garden/liste_Greenhousn_old.php on line 387
[30-May-2026 07:40:23] PHP Notice:  Undefined variable: add_city in /var/www/html/prof/Garden/liste_Greenhousn_old.php on line 388
[30-May-2026 07:40:23] PHP Notice:  Undefined index: m_poul in /var/www/html/prof/Garden/liste_Greenhousn_old.php on line 393
[30-May-2026 07:40:23] PHP Notice:  Undefined variable: id_city in /var/www/html/prof/Garden/liste_Greenhousn_old.php on line 438
[30-May-2026 07:40:23] PHP Notice:  Undefined variable: id_city in /var/www/html/prof/Garden/liste_Greenhousn_old.php on line 458
[30-May-2026 07:40:23] PHP Notice:  Undefined variable: id_city in /var/www/html/prof/Garden/liste_Greenhousn_old.php on line 483
[30-May-2026 07:40:23] PHP Notice:  Undefined variable: id_city in /var/www/html/prof/Garden/liste_Greenhousn_old.php on line 483
[30-May-2026 07:40:23] PHP Notice:  Undefined variable: id_city in /var/www/html/prof/Garden/liste_Greenhousn_old.php on line 483
[30-May-2026 07:40:23] PHP Notice:  Undefined variable: id_city in /var/www/html/prof/Garden/liste_Greenhousn_old.php on line 483
[30-May-2026 07:40:23] PHP Notice:  Undefined variable: id_city in /var/www/html/prof/Garden/liste_Greenhousn_old.php on line 483
[30-May-2026 07:40:23] PHP Notice:  Undefined variable: id_city in /var/www/html/prof/Garden/liste_Greenhousn_old.php on line 483
[30-May-2026 07:40:23] PHP Notice:  Undefined variable: id_city in /var/www/html/prof/Garden/liste_Greenhousn_old.php on line 483
[30-May-2026 07:40:23] PHP Notice:  Undefined variable: id_city in /var/www/html/prof/Garden/liste_Greenhousn_old.php on line 483
[30-May-2026 07:40:23] PHP Notice:  Undefined variable: id_city in /var/www/html/prof/Garden/liste_Greenhousn_old.php on line 483
[30-May-2026 07:40:23] PHP Notice:  Undefined variable: id_city in /var/www/html/prof/Garden/liste_Greenhousn_old.php on line 483
[30-May-2026 07:40:23] PHP Notice:  Undefined variable: id_city in /var/www/html/prof/Garden/liste_Greenhousn_old.php on line 483
[30-May-2026 07:40:23] PHP Notice:  Undefined variable: id_city in /var/www/html/prof/Garden/liste_Greenhousn_old.php on line 483
[30-May-2026 07:40:23] PHP Notice:  Undefined variable: id_city in /var/www/html/prof/Garden/liste_Greenhousn_old.php on line 483
[30-May-2026 07:40:23] PHP Notice:  Undefined variable: id_city in /var/www/html/prof/Garden/liste_Greenhousn_old.php on line 483
[30-May-2026 07:40:23] PHP Notice:  Undefined variable: id_city in /var/www/html/prof/Garden/liste_Greenhousn_old.php on line 483
[30-May-2026 07:40:23] PHP Notice:  Undefined variable: id_city in /var/www/html/prof/Garden/liste_Greenhousn_old.php on line 483
[30-May-2026 07:40:23] PHP Notice:  Undefined variable: id_city in /var/www/html/prof/Garden/liste_Greenhousn_old.php on line 483
[30-May-2026 07:40:23] PHP Notice:  Undefined variable: id_city in /var/www/html/prof/Garden/liste_Greenhousn_old.php on line 483
[30-May-2026 07:40:23] PHP Notice:  Undefined variable: id_city in /var/www/html/prof/Garden/liste_Greenhousn_old.php on line 483
[30-May-2026 07:40:23] PHP Notice:  Undefined variable: id_city in /var/www/html/prof/Garden/liste_Greenhousn_old.php on line 483
[30-May-2026 07:40:23] PHP Notice:  Undefined variable: id_city in /var/www/html/prof/Garden/liste_Greenhousn_old.php on line 483
[30-May-2026 07:40:23] PHP Notice:  Undefined variable: id_city in /var/www/html/prof/Garden/liste_Greenhousn_old.php on line 483
[30-May-2026 07:40:23] PHP Notice:  Undefined variable: id_city in /var/www/html/prof/Garden/liste_Greenhousn_old.php on line 483
[30-May-2026 07:40:23] PHP Notice:  Undefined variable: id_city in /var/www/html/prof/Garden/liste_Greenhousn_old.php on line 483
[30-May-2026 07:40:23] PHP Notice:  Undefined variable: id_city in /var/www/html/prof/Garden/liste_Greenhousn_old.php on line 483
[30-May-2026 07:40:23] PHP Notice:  Undefined variable: id_city in /var/www/html/prof/Garden/liste_Greenhousn_old.php on line 483
[30-May-2026 07:40:23] PHP Notice:  Undefined variable: id_city in /var/www/html/prof/Garden/liste_Greenhousn_old.php on line 483
[30-May-2026 07:40:23] PHP Notice:  Undefined variable: id_city in /var/www/html/prof/Garden/liste_Greenhousn_old.php on line 483
[30-May-2026 07:40:23] PHP Notice:  Undefined variable: id_city in /var/www/html/prof/Garden/liste_Greenhousn_old.php on line 483
[30-May-2026 07:40:23] PHP Notice:  Undefined variable: id_city in /var/www/html/prof/Garden/liste_Greenhousn_old.php on line 483
[30-May-2026 07:40:23] PHP Notice:  Undefined variable: id_city in /var/www/html/prof/Garden/liste_Greenhousn_old.php on line 483
[30-May-2026 07:40:23] PHP Notice:  Undefined variable: id_city in /var/www/html/prof/Garden/liste_Greenhousn_old.php on line 483
[30-May-2026 07:40:23] PHP Notice:  Undefined variable: id_city in /var/www/html/prof/Garden/liste_Greenhousn_old.php on line 483
[30-May-2026 07:40:23] PHP Notice:  Undefined variable: id_city in /var/www/html/prof/Garden/liste_Greenhousn_old.php on line 483
[30-May-2026 07:40:23] PHP Notice:  Undefined variable: id_city in /var/www/html/prof/Garden/liste_Greenhousn_old.php on line 483
[30-May-2026 07:40:23] PHP Notice:  Undefined variable: id_city in /var/www/html/prof/Garden/liste_Greenhousn_old.php on line 483
[30-May-2026 07:40:23] PHP Notice:  Undefined variable: id_city in /var/www/html/prof/Garden/liste_Greenhousn_old.php on line 483
[30-May-2026 07:40:23] PHP Notice:  Undefined variable: id_city in /var/www/html/prof/Garden/liste_Greenhousn_old.php on line 483
[30-May-2026 07:40:23] PHP Notice:  Undefined variable: id_city in /var/www/html/prof/Garden/liste_Greenhousn_old.php on line 483
[30-May-2026 07:40:23] PHP Notice:  Undefined variable: id_city in /var/www/html/prof/Garden/liste_Greenhousn_old.php on line 483
[30-May-2026 07:40:23] PHP Notice:  Undefined variable: id_city in /var/www/html/prof/Garden/liste_Greenhousn_old.php on line 483
[30-May-2026 07:40:23] PHP Notice:  Undefined variable: id_city in /var/www/html/prof/Garden/liste_Greenhousn_old.php on line 483
[30-May-2026 07:40:23] PHP Notice:  Undefined variable: id_city in /var/www/html/prof/Garden/liste_Greenhousn_old.php on line 483
[30-May-2026 07:40:23] PHP Notice:  Undefined variable: id_city in /var/www/html/prof/Garden/liste_Greenhousn_old.php on line 483
[30-May-2026 07:40:23] PHP Notice:  Undefined variable: id_city in /var/www/html/prof/Garden/liste_Greenhousn_old.php on line 483
[30-May-2026 07:40:23] PHP Notice:  Undefined variable: id_city in /var/www/html/prof/Garden/liste_Greenhousn_old.php on line 483
[30-May-2026 07:40:23] PHP Notice:  Undefined variable: id_city in /var/www/html/prof/Garden/liste_Greenhousn_old.php on line 483
[30-May-2026 07:40:23] PHP Notice:  Undefined variable: id_city in /var/www/html/prof/Garden/liste_Greenhousn_old.php on line 483
[30-May-2026 07:40:23] PHP Notice:  Undefined variable: id_city in /var/www/html/prof/Garden/liste_Greenhousn_old.php on line 483
[30-May-2026 07:40:23] PHP Notice:  Undefined variable: id_city in /var/www/html/prof/Garden/liste_Greenhousn_old.php on line 483
[30-May-2026 07:40:23] PHP Notice:  Undefined variable: id_city in /var/www/html/prof/Garden/liste_Greenhousn_old.php on line 483
[30-May-2026 07:40:23] PHP Notice:  Undefined variable: id_city in /var/www/html/prof/Garden/liste_Greenhousn_old.php on line 483
[30-May-2026 07:40:23] PHP Notice:  Undefined variable: id_city in /var/www/html/prof/Garden/liste_Greenhousn_old.php on line 483
[30-May-2026 07:40:23] PHP Notice:  Undefined variable: id_city in /var/www/html/prof/Garden/liste_Greenhousn_old.php on line 483
[30-May-2026 07:40:23] PHP Notice:  Undefined variable: id_city in /var/www/html/prof/Garden/liste_Greenhousn_old.php on line 483
[30-May-2026 07:40:23] PHP Notice:  Undefined variable: id_city in /var/www/html/prof/Garden/liste_Greenhousn_old.php on line 483
[30-May-2026 07:40:23] PHP Notice:  Undefined variable: id_city in /var/www/html/prof/Garden/liste_Greenhousn_old.php on line 483
[30-May-2026 07:40:23] PHP Notice:  Undefined variable: id_city in /var/www/html/prof/Garden/liste_Greenhousn_old.php on line 483
[30-May-2026 07:40:23] PHP Notice:  Undefined variable: id_city in /var/www/html/prof/Garden/liste_Greenhousn_old.php on line 483
[30-May-2026 07:40:23] PHP Notice:  Undefined variable: id_city in /var/www/html/prof/Garden/liste_Greenhousn_old.php on line 483
[30-May-2026 07:40:23] PHP Notice:  Undefined variable: id_city in /var/www/html/prof/Garden/liste_Greenhousn_old.php on line 483
[30-May-2026 07:40:23] PHP Notice:  Undefined variable: id_city in /var/www/html/prof/Garden/liste_Greenhousn_old.php on line 483
[30-May-2026 07:40:23] PHP Notice:  Undefined variable: id_city in /var/www/html/prof/Garden/liste_Greenhousn_old.php on line 483
[30-May-2026 07:40:23] PHP Notice:  Undefined variable: id_city in /var/www/html/prof/Garden/liste_Greenhousn_old.php on line 483
[30-May-2026 07:40:23] PHP Notice:  Undefined variable: id_city in /var/www/html/prof/Garden/liste_Greenhousn_old.php on line 483
[30-May-2026 07:40:23] PHP Notice:  Undefined variable: id_city in /var/www/html/prof/Garden/liste_Greenhousn_old.php on line 483
[30-May-2026 07:40:23] PHP Notice:  Undefined variable: id_city in /var/www/html/prof/Garden/liste_Greenhousn_old.php on line 483
[30-May-2026 07:40:23] PHP Notice:  Undefined variable: id_city in /var/www/html/prof/Garden/liste_Greenhousn_old.php on line 483
[30-May-2026 07:40:23] PHP Notice:  Undefined variable: id_city in /var/www/html/prof/Garden/liste_Greenhousn_old.php on line 483
[30-May-2026 07:40:23] PHP Notice:  Undefined variable: id_city in /var/www/html/prof/Garden/liste_Greenhousn_old.php on line 483
[30-May-2026 07:40:23] PHP Notice:  Undefined variable: id_city in /var/www/html/prof/Garden/liste_Greenhousn_old.php on line 483
[30-May-2026 07:40:23] PHP Notice:  Undefined variable: id_city in /var/www/html/prof/Garden/liste_Greenhousn_old.php on line 483
[30-May-2026 07:40:23] PHP Notice:  Undefined variable: id_city in /var/www/html/prof/Garden/liste_Greenhousn_old.php on line 483
[30-May-2026 07:40:23] PHP Notice:  Undefined variable: id_city in /var/www/html/prof/Garden/liste_Greenhousn_old.php on line 483
[30-May-2026 07:40:23] PHP Notice:  Undefined variable: id_city in /var/www/html/prof/Garden/liste_Greenhousn_old.php on line 483
[30-May-2026 07:40:23] PHP Notice:  Undefined variable: id_city in /var/www/html/prof/Garden/liste_Greenhousn_old.php on line 483
[30-May-2026 07:40:23] PHP Notice:  Undefined variable: id_city in /var/www/html/prof/Garden/liste_Greenhousn_old.php on line 483
[30-May-2026 07:40:23] PHP Notice:  Undefined variable: id_city in /var/www/html/prof/Garden/liste_Greenhousn_old.php on line 483
[30-May-2026 07:40:23] PHP Notice:  Undefined variable: id_city in /var/www/html/prof/Garden/liste_Greenhousn_old.php on line 483
[30-May-2026 07:40:23] PHP Notice:  Undefined variable: id_city in /var/www/html/prof/Garden/liste_Greenhousn_old.php on line 483
[30-May-2026 07:40:23] PHP Notice:  Undefined variable: id_city in /var/www/html/prof/Garden/liste_Greenhousn_old.php on line 483
[30-May-2026 07:40:23] PHP Notice:  Undefined variable: id_city in /var/www/html/prof/Garden/liste_Greenhousn_old.php on line 483
[30-May-2026 07:40:23] PHP Notice:  Undefined variable: id_city in /var/www/html/prof/Garden/liste_Greenhousn_old.php on line 483
[30-May-2026 07:40:23] PHP Notice:  Undefined variable: id_city in /var/www/html/prof/Garden/liste_Greenhousn_old.php on line 483
[30-May-2026 07:40:23] PHP Notice:  Undefined variable: id_city in /var/www/html/prof/Garden/liste_Greenhousn_old.php on line 483
[30-May-2026 07:40:23] PHP Notice:  Undefined variable: id_city in /var/www/html/prof/Garden/liste_Greenhousn_old.php on line 483
[30-May-2026 07:40:23] PHP Notice:  Undefined variable: id_city in /var/www/html/prof/Garden/liste_Greenhousn_old.php on line 483
[30-May-2026 07:40:23] PHP Notice:  Undefined variable: id_city in /var/www/html/prof/Garden/liste_Greenhousn_old.php on line 483
[30-May-2026 07:40:23] PHP Notice:  Undefined variable: id_city in /var/www/html/prof/Garden/liste_Greenhousn_old.php on line 483
[30-May-2026 07:40:23] PHP Notice:  Undefined variable: id_city in /var/www/html/prof/Garden/liste_Greenhousn_old.php on line 483
[30-May-2026 07:40:23] PHP Notice:  Undefined variable: id_city in /var/www/html/prof/Garden/liste_Greenhousn_old.php on line 483
[30-May-2026 07:40:23] PHP Notice:  Undefined variable: id_city in /var/www/html/prof/Garden/liste_Greenhousn_old.php on line 483
[30-May-2026 07:40:23] PHP Notice:  Undefined variable: id_city in /var/www/html/prof/Garden/liste_Greenhousn_old.php on line 483
[30-May-2026 07:40:23] PHP Notice:  Undefined variable: id_city in /var/www/html/prof/Garden/liste_Greenhousn_old.php on line 483
[30-May-2026 07:40:23] PHP Notice:  Undefined variable: id_city in /var/www/html/prof/Garden/liste_Greenhousn_old.php on line 483
[30-May-2026 07:40:23] PHP Notice:  Undefined variable: id_city in /var/www/html/prof/Garden/liste_Greenhousn_old.php on line 483
[30-May-2026 07:40:23] PHP Notice:  Undefined variable: id_city in /var/www/html/prof/Garden/liste_Greenhousn_old.php on line 483
[30-May-2026 07:40:23] PHP Notice:  Undefined variable: id_city in /var/www/html/prof/Garden/liste_Greenhousn_old.php on line 483
[30-May-2026 07:40:23] PHP Notice:  Undefined variable: id_city in /var/www/html/prof/Garden/liste_Greenhousn_old.php on line 483
[30-May-2026 07:40:23] PHP Notice:  Undefined variable: id_city in /var/www/html/prof/Garden/liste_Greenhousn_old.php on line 483
[30-May-2026 07:40:23] PHP Notice:  Undefined variable: id_city in /var/www/html/prof/Garden/liste_Greenhousn_old.php on line 483
[30-May-2026 07:40:23] PHP Warning:  session_regenerate_id(): Cannot regenerate session id - headers already sent in /var/www/html/prof/Garden/liste_Greenhousn_old.php on line 513
[30-May-2026 07:40:24] PHP Notice:  Undefined variable: id in /var/www/html/prof/Garden/Greenh_prod.php on line 697
[30-May-2026 07:40:24] PHP Notice:  Undefined variable: id in /var/www/html/prof/Garden/Greenh_prod.php on line 700
[30-May-2026 07:40:24] PHP Notice:  Undefined variable: mah_name in /var/www/html/prof/Garden/Greenh_prod.php on line 837
[30-May-2026 07:40:24] PHP Notice:  Undefined variable: mah_name in /var/www/html/prof/Garden/Greenh_prod.php on line 837
[30-May-2026 07:40:24] PHP Notice:  Undefined variable: mah_name in /var/www/html/prof/Garden/Greenh_prod.php on line 837
[30-May-2026 07:40:24] PHP Notice:  Undefined variable: mah_name in /var/www/html/prof/Garden/Greenh_prod.php on line 837
[30-May-2026 07:40:24] PHP Notice:  Undefined variable: number in /var/www/html/prof/Garden/Greenh_prod.php on line 887
[30-May-2026 07:40:32] PHP Notice:  Undefined index: cod_mah in /var/www/html/prof/Garden/Garden_rep15.php on line 396
[30-May-2026 07:40:32] PHP Notice:  Undefined index: cod_mah in /var/www/html/prof/Garden/Garden_rep15.php on line 396
[30-May-2026 07:40:32] PHP Notice:  Undefined index: cod_mah in /var/www/html/prof/Garden/Garden_rep15.php on line 396
[30-May-2026 07:40:32] PHP Notice:  Undefined index: cod_mah in /var/www/html/prof/Garden/Garden_rep15.php on line 396
[30-May-2026 07:40:32] PHP Notice:  Undefined index: cod_mah in /var/www/html/prof/Garden/Garden_rep15.php on line 396
[30-May-2026 07:40:32] PHP Notice:  Undefined index: cod_mah in /var/www/html/prof/Garden/Garden_rep15.php on line 396
[30-May-2026 07:40:32] PHP Notice:  Undefined index: cod_mah in /var/www/html/prof/Garden/Garden_rep15.php on line 396
[30-May-2026 07:40:32] PHP Notice:  Undefined index: cod_mah in /var/www/html/prof/Garden/Garden_rep15.php on line 396
[30-May-2026 07:40:32] PHP Notice:  Undefined index: cod_mah in /var/www/html/prof/Garden/Garden_rep15.php on line 396
[30-May-2026 07:40:32] PHP Notice:  Undefined index: cod_mah in /var/www/html/prof/Garden/Garden_rep15.php on line 396
[30-May-2026 07:40:32] PHP Notice:  Undefined index: cod_mah in /var/www/html/prof/Garden/Garden_rep15.php on line 396
[30-May-2026 07:40:32] PHP Notice:  Undefined index: cod_mah in /var/www/html/prof/Garden/Garden_rep15.php on line 396
[30-May-2026 07:40:32] PHP Notice:  Undefined index: cod_mah in /var/www/html/prof/Garden/Garden_rep15.php on line 396
[30-May-2026 07:40:32] PHP Notice:  Undefined index: cod_mah in /var/www/html/prof/Garden/Garden_rep15.php on line 396
[30-May-2026 07:40:32] PHP Notice:  Undefined index: cod_mah in /var/www/html/prof/Garden/Garden_rep15.php on line 396
[30-May-2026 07:40:32] PHP Notice:  Undefined index: cod_mah in /var/www/html/prof/Garden/Garden_rep15.php on line 396
[30-May-2026 07:40:32] PHP Notice:  Undefined index: cod_mah in /var/www/html/prof/Garden/Garden_rep15.php on line 396
[30-May-2026 07:40:32] PHP Notice:  Undefined index: cod_mah in /var/www/html/prof/Garden/Garden_rep15.php on line 396
[30-May-2026 07:40:32] PHP Notice:  Undefined index: cod_mah in /var/www/html/prof/Garden/Garden_rep15.php on line 396
[30-May-2026 07:40:33] PHP Notice:  Undefined index: bah_cod_m in /var/www/html/prof/Garden/Greenhous_prodi.php on line 9
[30-May-2026 07:40:33] PHP Notice:  Undefined index: unit_id in /var/www/html/prof/Garden/Greenhous_prodi.php on line 10
[30-May-2026 07:40:33] PHP Notice:  Undefined index: y_prod in /var/www/html/prof/Garden/Greenhous_prodi.php on line 14
[30-May-2026 07:40:33] PHP Notice:  Undefined index: v_unit in /var/www/html/prof/Garden/Greenhous_prodi.php on line 15
[30-May-2026 07:40:33] PHP Notice:  Undefined index: unit_id in /var/www/html/prof/Garden/Greenhous_prodi.php on line 16
[30-May-2026 07:40:33] PHP Notice:  Undefined index: num_bah in /var/www/html/prof/Garden/Greenhous_prodi.php on line 17
[30-May-2026 07:40:33] PHP Notice:  Undefined variable: mess in /var/www/html/prof/Garden/Greenhous_prodi.php on line 135
[30-May-2026 07:40:33] PHP Notice:  Undefined variable: row in /var/www/html/prof/Garden/Greenhous_prodi.php on line 197
[30-May-2026 07:40:33] PHP Notice:  Undefined variable: row in /var/www/html/prof/Garden/Greenhous_prodi.php on line 219
[30-May-2026 07:40:33] PHP Notice:  Undefined variable: id_city in /var/www/html/prof/Garden/Greenhous_prodi.php on line 221
[30-May-2026 07:40:33] PHP Notice:  Undefined variable: add_abadi in /var/www/html/prof/Garden/Greenhous_prodi.php on line 222
[30-May-2026 07:40:33] PHP Notice:  Undefined variable: add_city in /var/www/html/prof/Garden/Greenhous_prodi.php on line 223
[30-May-2026 07:40:34] PHP Notice:  Undefined variable: id in /var/www/html/prof/Garden/Greenh_prod.php on line 697
[30-May-2026 07:40:34] PHP Notice:  Undefined variable: id in /var/www/html/prof/Garden/Greenh_prod.php on line 700
[30-May-2026 07:40:34] PHP Notice:  Undefined variable: mah_name in /var/www/html/prof/Garden/Greenh_prod.php on line 837
[30-May-2026 07:40:34] PHP Notice:  Undefined variable: mah_name in /var/www/html/prof/Garden/Greenh_prod.php on line 837
[30-May-2026 07:40:34] PHP Notice:  Undefined variable: number in /var/www/html/prof/Garden/Greenh_prod.php on line 887
[30-May-2026 07:40:37] PHP Notice:  Undefined variable: y_prod in /var/www/html/prof/Garden/list_Greenhous_nonP.php on line 126
[30-May-2026 07:40:37] PHP Notice:  Undefined variable: y_prod in /var/www/html/prof/Garden/list_Greenhous_nonP.php on line 127
[30-May-2026 07:40:37] PHP Notice:  Undefined variable: y_prod in /var/www/html/prof/Garden/list_Greenhous_nonP.php on line 128
[30-May-2026 07:40:37] PHP Notice:  Undefined variable: y_prod in /var/www/html/prof/Garden/list_Greenhous_nonP.php on line 129
[30-May-2026 07:40:37] PHP Notice:  Undefined variable: id_ostan1 in /var/www/html/prof/Garden/list_Greenhous_nonP.php on line 138
[30-May-2026 07:40:37] PHP Notice:  Undefined variable: add_abadi in /var/www/html/prof/Garden/list_Greenhous_nonP.php on line 183
[30-May-2026 07:40:37] PHP Notice:  Undefined variable: add_abadi in /var/www/html/prof/Garden/list_Greenhous_nonP.php on line 183
[30-May-2026 07:40:37] PHP Notice:  Undefined variable: add_abadi in /var/www/html/prof/Garden/list_Greenhous_nonP.php on line 183
[30-May-2026 07:40:37] PHP Notice:  Undefined variable: add_abadi in /var/www/html/prof/Garden/list_Greenhous_nonP.php on line 183
[30-May-2026 07:40:37] PHP Notice:  Undefined variable: add_abadi in /var/www/html/prof/Garden/list_Greenhous_nonP.php on line 183
[30-May-2026 07:40:37] PHP Notice:  Undefined variable: add_abadi in /var/www/html/prof/Garden/list_Greenhous_nonP.php on line 183
[30-May-2026 07:40:37] PHP Notice:  Undefined variable: add_abadi in /var/www/html/prof/Garden/list_Greenhous_nonP.php on line 183
[30-May-2026 07:40:37] PHP Notice:  Undefined variable: add_abadi in /var/www/html/prof/Garden/list_Greenhous_nonP.php on line 183
[30-May-2026 07:40:37] PHP Notice:  Undefined variable: add_abadi in /var/www/html/prof/Garden/list_Greenhous_nonP.php on line 183
[30-May-2026 07:40:37] PHP Notice:  Undefined variable: add_abadi in /var/www/html/prof/Garden/list_Greenhous_nonP.php on line 183
[30-May-2026 07:40:37] PHP Notice:  Undefined variable: add_abadi in /var/www/html/prof/Garden/list_Greenhous_nonP.php on line 183
[30-May-2026 07:40:37] PHP Notice:  Undefined variable: add_abadi in /var/www/html/prof/Garden/list_Greenhous_nonP.php on line 183
[30-May-2026 07:40:37] PHP Notice:  Undefined variable: add_abadi in /var/www/html/prof/Garden/list_Greenhous_nonP.php on line 183
[30-May-2026 07:40:37] PHP Notice:  Undefined variable: add_abadi in /var/www/html/prof/Garden/list_Greenhous_nonP.php on line 183
[30-May-2026 07:40:37] PHP Notice:  Undefined variable: add_abadi in /var/www/html/prof/Garden/list_Greenhous_nonP.php on line 183
[30-May-2026 07:40:37] PHP Notice:  Undefined variable: add_abadi in /var/www/html/prof/Garden/list_Greenhous_nonP.php on line 183
[30-May-2026 07:40:37] PHP Notice:  Undefined variable: add_abadi in /var/www/html/prof/Garden/list_Greenhous_nonP.php on line 183
[30-May-2026 07:40:37] PHP Notice:  Undefined variable: add_abadi in /var/www/html/prof/Garden/list_Greenhous_nonP.php on line 183
[30-May-2026 07:40:37] PHP Notice:  Undefined variable: add_abadi in /var/www/html/prof/Garden/list_Greenhous_nonP.php on line 183
[30-May-2026 07:40:37] PHP Notice:  Undefined variable: add_abadi in /var/www/html/prof/Garden/list_Greenhous_nonP.php on line 183
[30-May-2026 07:40:37] PHP Notice:  Undefined variable: add_abadi in /var/www/html/prof/Garden/list_Greenhous_nonP.php on line 183
[30-May-2026 07:40:37] PHP Notice:  Undefined variable: add_abadi in /var/www/html/prof/Garden/list_Greenhous_nonP.php on line 183
[30-May-2026 07:40:37] PHP Notice:  Undefined variable: add_abadi in /var/www/html/prof/Garden/list_Greenhous_nonP.php on line 183
[30-May-2026 07:40:37] PHP Notice:  Undefined variable: add_abadi in /var/www/html/prof/Garden/list_Greenhous_nonP.php on line 183
[30-May-2026 07:40:37] PHP Notice:  Undefined variable: add_abadi in /var/www/html/prof/Garden/list_Greenhous_nonP.php on line 183
[30-May-2026 07:40:37] PHP Notice:  Undefined variable: add_abadi in /var/www/html/prof/Garden/list_Greenhous_nonP.php on line 183
[30-May-2026 07:40:37] PHP Notice:  Undefined variable: add_abadi in /var/www/html/prof/Garden/list_Greenhous_nonP.php on line 183
[30-May-2026 07:40:37] PHP Notice:  Undefined variable: add_abadi in /var/www/html/prof/Garden/list_Greenhous_nonP.php on line 183
[30-May-2026 07:40:37] PHP Notice:  Undefined variable: add_abadi in /var/www/html/prof/Garden/list_Greenhous_nonP.php on line 183
[30-May-2026 07:40:37] PHP Notice:  Undefined variable: add_abadi in /var/www/html/prof/Garden/list_Greenhous_nonP.php on line 183
[30-May-2026 07:40:37] PHP Notice:  Undefined variable: add_abadi in /var/www/html/prof/Garden/list_Greenhous_nonP.php on line 183
[30-May-2026 07:40:37] PHP Notice:  Undefined variable: add_abadi in /var/www/html/prof/Garden/list_Greenhous_nonP.php on line 183
[30-May-2026 07:40:37] PHP Notice:  Undefined variable: add_abadi in /var/www/html/prof/Garden/list_Greenhous_nonP.php on line 183
[30-May-2026 07:40:37] PHP Notice:  Undefined variable: add_abadi in /var/www/html/prof/Garden/list_Greenhous_nonP.php on line 183
[30-May-2026 07:40:37] PHP Notice:  Undefined variable: add_abadi in /var/www/html/prof/Garden/list_Greenhous_nonP.php on line 183
[30-May-2026 07:40:37] PHP Notice:  Undefined variable: add_abadi in /var/www/html/prof/Garden/list_Greenhous_nonP.php on line 183
[30-May-2026 07:40:37] PHP Notice:  Undefined variable: add_abadi in /var/www/html/prof/Garden/list_Greenhous_nonP.php on line 183
[30-May-2026 07:40:37] PHP Notice:  Undefined variable: add_abadi in /var/www/html/prof/Garden/list_Greenhous_nonP.php on line 183
[30-May-2026 07:40:37] PHP Notice:  Undefined variable: add_abadi in /var/www/html/prof/Garden/list_Greenhous_nonP.php on line 183
[30-May-2026 07:40:37] PHP Notice:  Undefined variable: add_abadi in /var/www/html/prof/Garden/list_Greenhous_nonP.php on line 183
[30-May-2026 07:40:37] PHP Notice:  Undefined variable: add_abadi in /var/www/html/prof/Garden/list_Greenhous_nonP.php on line 183
[30-May-2026 07:40:37] PHP Notice:  Undefined variable: add_abadi in /var/www/html/prof/Garden/list_Greenhous_nonP.php on line 183
[30-May-2026 07:40:37] PHP Notice:  Undefined variable: add_abadi in /var/www/html/prof/Garden/list_Greenhous_nonP.php on line 183
[30-May-2026 07:40:37] PHP Notice:  Undefined variable: add_abadi in /var/www/html/prof/Garden/list_Greenhous_nonP.php on line 183
[30-May-2026 07:40:37] PHP Notice:  Undefined variable: add_abadi in /var/www/html/prof/Garden/list_Greenhous_nonP.php on line 183
[30-May-2026 07:40:37] PHP Notice:  Undefined variable: add_abadi in /var/www/html/prof/Garden/list_Greenhous_nonP.php on line 183
[30-May-2026 07:40:37] PHP Notice:  Undefined variable: add_abadi in /var/www/html/prof/Garden/list_Greenhous_nonP.php on line 183
[30-May-2026 07:40:37] PHP Notice:  Undefined variable: add_abadi in /var/www/html/prof/Garden/list_Greenhous_nonP.php on line 183
[30-May-2026 07:40:37] PHP Notice:  Undefined variable: add_abadi in /var/www/html/prof/Garden/list_Greenhous_nonP.php on line 183
[30-May-2026 07:40:37] PHP Notice:  Undefined variable: add_abadi in /var/www/html/prof/Garden/list_Greenhous_nonP.php on line 183
[30-May-2026 07:40:37] PHP Notice:  Undefined variable: add_abadi in /var/www/html/prof/Garden/list_Greenhous_nonP.php on line 183
[30-May-2026 07:40:37] PHP Notice:  Undefined variable: add_abadi in /var/www/html/prof/Garden/list_Greenhous_nonP.php on line 183
[30-May-2026 07:40:37] PHP Notice:  Undefined variable: add_abadi in /var/www/html/prof/Garden/list_Greenhous_nonP.php on line 183
[30-May-2026 07:40:37] PHP Notice:  Undefined variable: add_abadi in /var/www/html/prof/Garden/list_Greenhous_nonP.php on line 183
[30-May-2026 07:40:37] PHP Notice:  Undefined variable: add_abadi in /var/www/html/prof/Garden/list_Greenhous_nonP.php on line 183
[30-May-2026 07:40:37] PHP Notice:  Undefined variable: add_abadi in /var/www/html/prof/Garden/list_Greenhous_nonP.php on line 183
[30-May-2026 07:40:37] PHP Notice:  Undefined variable: add_abadi in /var/www/html/prof/Garden/list_Greenhous_nonP.php on line 183
[30-May-2026 07:40:37] PHP Notice:  Undefined variable: add_abadi in /var/www/html/prof/Garden/list_Greenhous_nonP.php on line 183
[30-May-2026 07:40:37] PHP Notice:  Undefined variable: add_abadi in /var/www/html/prof/Garden/list_Greenhous_nonP.php on line 183
[30-May-2026 07:40:37] PHP Notice:  Undefined variable: add_abadi in /var/www/html/prof/Garden/list_Greenhous_nonP.php on line 183
[30-May-2026 07:40:37] PHP Notice:  Undefined variable: add_abadi in /var/www/html/prof/Garden/list_Greenhous_nonP.php on line 183
[30-May-2026 07:40:37] PHP Notice:  Undefined variable: add_abadi in /var/www/html/prof/Garden/list_Greenhous_nonP.php on line 183
[30-May-2026 07:40:37] PHP Notice:  Undefined variable: add_abadi in /var/www/html/prof/Garden/list_Greenhous_nonP.php on line 183
[30-May-2026 07:40:37] PHP Notice:  Undefined variable: add_abadi in /var/www/html/prof/Garden/list_Greenhous_nonP.php on line 183
[30-May-2026 07:40:37] PHP Notice:  Undefined variable: add_abadi in /var/www/html/prof/Garden/list_Greenhous_nonP.php on line 183
[30-May-2026 07:40:37] PHP Notice:  Undefined variable: add_abadi in /var/www/html/prof/Garden/list_Greenhous_nonP.php on line 183
[30-May-2026 07:40:37] PHP Notice:  Undefined variable: add_abadi in /var/www/html/prof/Garden/list_Greenhous_nonP.php on line 183
[30-May-2026 07:40:37] PHP Notice:  Undefined variable: add_abadi in /var/www/html/prof/Garden/list_Greenhous_nonP.php on line 183
[30-May-2026 07:40:37] PHP Notice:  Undefined variable: add_abadi in /var/www/html/prof/Garden/list_Greenhous_nonP.php on line 183
[30-May-2026 07:40:37] PHP Notice:  Undefined variable: add_abadi in /var/www/html/prof/Garden/list_Greenhous_nonP.php on line 183
[30-May-2026 07:40:37] PHP Notice:  Undefined variable: add_abadi in /var/www/html/prof/Garden/list_Greenhous_nonP.php on line 183
[30-May-2026 07:40:37] PHP Notice:  Undefined variable: add_abadi in /var/www/html/prof/Garden/list_Greenhous_nonP.php on line 183
[30-May-2026 07:40:37] PHP Notice:  Undefined variable: add_abadi in /var/www/html/prof/Garden/list_Greenhous_nonP.php on line 183
[30-May-2026 07:40:37] PHP Notice:  Undefined variable: add_abadi in /var/www/html/prof/Garden/list_Greenhous_nonP.php on line 183
[30-May-2026 07:40:37] PHP Notice:  Undefined variable: add_abadi in /var/www/html/prof/Garden/list_Greenhous_nonP.php on line 183
[30-May-2026 07:40:37] PHP Notice:  Undefined variable: add_abadi in /var/www/html/prof/Garden/list_Greenhous_nonP.php on line 183
[30-May-2026 07:40:37] PHP Notice:  Undefined variable: add_abadi in /var/www/html/prof/Garden/list_Greenhous_nonP.php on line 183
[30-May-2026 07:40:37] PHP Notice:  Undefined variable: add_abadi in /var/www/html/prof/Garden/list_Greenhous_nonP.php on line 183
[30-May-2026 07:40:37] PHP Notice:  Undefined variable: add_abadi in /var/www/html/prof/Garden/list_Greenhous_nonP.php on line 183
[30-May-2026 07:40:37] PHP Notice:  Undefined variable: add_abadi in /var/www/html/prof/Garden/list_Greenhous_nonP.php on line 183
[30-May-2026 07:40:37] PHP Notice:  Undefined variable: add_abadi in /var/www/html/prof/Garden/list_Greenhous_nonP.php on line 183
[30-May-2026 07:40:37] PHP Notice:  Undefined variable: add_abadi in /var/www/html/prof/Garden/list_Greenhous_nonP.php on line 183
[30-May-2026 07:40:37] PHP Notice:  Undefined variable: add_abadi in /var/www/html/prof/Garden/list_Greenhous_nonP.php on line 183
[30-May-2026 07:40:37] PHP Notice:  Undefined variable: add_abadi in /var/www/html/prof/Garden/list_Greenhous_nonP.php on line 183
[30-May-2026 07:40:37] PHP Notice:  Undefined variable: add_abadi in /var/www/html/prof/Garden/list_Greenhous_nonP.php on line 183
[30-May-2026 07:40:37] PHP Notice:  Undefined variable: add_abadi in /var/www/html/prof/Garden/list_Greenhous_nonP.php on line 183
[30-May-2026 07:40:37] PHP Notice:  Undefined variable: add_abadi in /var/www/html/prof/Garden/list_Greenhous_nonP.php on line 183
[30-May-2026 07:40:37] PHP Notice:  Undefined variable: add_abadi in /var/www/html/prof/Garden/list_Greenhous_nonP.php on line 183
[30-May-2026 07:40:37] PHP Notice:  Undefined variable: add_abadi in /var/www/html/prof/Garden/list_Greenhous_nonP.php on line 183
[30-May-2026 07:40:37] PHP Notice:  Undefined variable: add_abadi in /var/www/html/prof/Garden/list_Greenhous_nonP.php on line 183
[30-May-2026 07:40:37] PHP Notice:  Undefined variable: add_abadi in /var/www/html/prof/Garden/list_Greenhous_nonP.php on line 183
[30-May-2026 07:40:37] PHP Notice:  Undefined variable: add_abadi in /var/www/html/prof/Garden/list_Greenhous_nonP.php on line 183
[30-May-2026 07:40:37] PHP Notice:  Undefined variable: add_abadi in /var/www/html/prof/Garden/list_Greenhous_nonP.php on line 183
[30-May-2026 07:40:37] PHP Notice:  Undefined variable: add_abadi in /var/www/html/prof/Garden/list_Greenhous_nonP.php on line 183
[30-May-2026 07:40:37] PHP Notice:  Undefined variable: add_abadi in /var/www/html/prof/Garden/list_Greenhous_nonP.php on line 183
[30-May-2026 07:40:37] PHP Notice:  Undefined variable: add_abadi in /var/www/html/prof/Garden/list_Greenhous_nonP.php on line 183
[30-May-2026 07:40:37] PHP Notice:  Undefined variable: add_abadi in /var/www/html/prof/Garden/list_Greenhous_nonP.php on line 183
[30-May-2026 07:40:37] PHP Notice:  Undefined variable: add_abadi in /var/www/html/prof/Garden/list_Greenhous_nonP.php on line 183
[30-May-2026 07:40:37] PHP Notice:  Undefined variable: add_abadi in /var/www/html/prof/Garden/list_Greenhous_nonP.php on line 183
[30-May-2026 07:40:37] PHP Notice:  Undefined variable: add_abadi in /var/www/html/prof/Garden/list_Greenhous_nonP.php on line 183
[30-May-2026 07:40:37] PHP Notice:  Undefined variable: add_abadi in /var/www/html/prof/Garden/list_Greenhous_nonP.php on line 183
[30-May-2026 07:40:37] PHP Notice:  Undefined variable: add_abadi in /var/www/html/prof/Garden/list_Greenhous_nonP.php on line 183
[30-May-2026 07:40:37] PHP Notice:  Undefined variable: add_abadi in /var/www/html/prof/Garden/list_Greenhous_nonP.php on line 183
[30-May-2026 07:40:37] PHP Notice:  Undefined variable: add_abadi in /var/www/html/prof/Garden/list_Greenhous_nonP.php on line 183
[30-May-2026 07:40:37] PHP Notice:  Undefined variable: add_abadi in /var/www/html/prof/Garden/list_Greenhous_nonP.php on line 183
[30-May-2026 07:40:37] PHP Notice:  Undefined variable: add_abadi in /var/www/html/prof/Garden/list_Greenhous_nonP.php on line 183
[30-May-2026 07:40:37] PHP Notice:  Undefined variable: add_abadi in /var/www/html/prof/Garden/list_Greenhous_nonP.php on line 183
[30-May-2026 07:40:37] PHP Notice:  Undefined variable: add_abadi in /var/www/html/prof/Garden/list_Greenhous_nonP.php on line 183
[30-May-2026 07:40:37] PHP Notice:  Undefined variable: add_abadi in /var/www/html/prof/Garden/list_Greenhous_nonP.php on line 183
[30-May-2026 07:40:37] PHP Notice:  Undefined variable: add_abadi in /var/www/html/prof/Garden/list_Greenhous_nonP.php on line 183
[30-May-2026 07:40:37] PHP Notice:  Undefined variable: add_abadi in /var/www/html/prof/Garden/list_Greenhous_nonP.php on line 183
[30-May-2026 07:40:37] PHP Notice:  Undefined variable: add_abadi in /var/www/html/prof/Garden/list_Greenhous_nonP.php on line 183
[30-May-2026 07:40:37] PHP Notice:  Undefined variable: add_abadi in /var/www/html/prof/Garden/list_Greenhous_nonP.php on line 183
[30-May-2026 07:40:37] PHP Notice:  Undefined variable: add_abadi in /var/www/html/prof/Garden/list_Greenhous_nonP.php on line 183
[30-May-2026 07:40:37] PHP Notice:  Undefined variable: add_abadi in /var/www/html/prof/Garden/list_Greenhous_nonP.php on line 183
[30-May-2026 07:40:37] PHP Notice:  Undefined variable: add_abadi in /var/www/html/prof/Garden/list_Greenhous_nonP.php on line 183
[30-May-2026 07:40:37] PHP Notice:  Undefined variable: add_abadi in /var/www/html/prof/Garden/list_Greenhous_nonP.php on line 183
[30-May-2026 07:40:37] PHP Notice:  Undefined variable: add_abadi in /var/www/html/prof/Garden/list_Greenhous_nonP.php on line 183
[30-May-2026 07:40:37] PHP Notice:  Undefined variable: add_abadi in /var/www/html/prof/Garden/list_Greenhous_nonP.php on line 183
[30-May-2026 07:40:37] PHP Notice:  Undefined variable: add_abadi in /var/www/html/prof/Garden/list_Greenhous_nonP.php on line 183
[30-May-2026 07:40:37] PHP Notice:  Undefined variable: add_abadi in /var/www/html/prof/Garden/list_Greenhous_nonP.php on line 183
[30-May-2026 07:40:37] PHP Notice:  Undefined variable: add_abadi in /var/www/html/prof/Garden/list_Greenhous_nonP.php on line 183
[30-May-2026 07:40:37] PHP Notice:  Undefined variable: add_abadi in /var/www/html/prof/Garden/list_Greenhous_nonP.php on line 183
[30-May-2026 07:40:37] PHP Notice:  Undefined variable: add_abadi in /var/www/html/prof/Garden/list_Greenhous_nonP.php on line 183
[30-May-2026 07:40:37] PHP Notice:  Undefined variable: add_abadi in /var/www/html/prof/Garden/list_Greenhous_nonP.php on line 183
[30-May-2026 07:40:37] PHP Notice:  Undefined variable: add_abadi in /var/www/html/prof/Garden/list_Greenhous_nonP.php on line 183
[30-May-2026 07:40:37] PHP Notice:  Undefined variable: add_abadi in /var/www/html/prof/Garden/list_Greenhous_nonP.php on line 183
[30-May-2026 07:40:37] PHP Notice:  Undefined variable: add_abadi in /var/www/html/prof/Garden/list_Greenhous_nonP.php on line 183
[30-May-2026 07:40:37] PHP Notice:  Undefined variable: add_abadi in /var/www/html/prof/Garden/list_Greenhous_nonP.php on line 183
[30-May-2026 07:40:37] PHP Notice:  Undefined variable: add_abadi in /var/www/html/prof/Garden/list_Greenhous_nonP.php on line 183
[30-May-2026 07:40:37] PHP Notice:  Undefined variable: add_abadi in /var/www/html/prof/Garden/list_Greenhous_nonP.php on line 183
[30-May-2026 07:40:37] PHP Notice:  Undefined variable: add_abadi in /var/www/html/prof/Garden/list_Greenhous_nonP.php on line 183
[30-May-2026 07:40:37] PHP Notice:  Undefined variable: add_abadi in /var/www/html/prof/Garden/list_Greenhous_nonP.php on line 183
[30-May-2026 07:40:37] PHP Notice:  Undefined variable: add_abadi in /var/www/html/prof/Garden/list_Greenhous_nonP.php on line 183
[30-May-2026 07:40:37] PHP Notice:  Undefined variable: add_abadi in /var/www/html/prof/Garden/list_Greenhous_nonP.php on line 183
[30-May-2026 07:40:37] PHP Notice:  Undefined variable: add_abadi in /var/www/html/prof/Garden/list_Greenhous_nonP.php on line 183
[30-May-2026 07:40:37] PHP Notice:  Undefined variable: add_abadi in /var/www/html/prof/Garden/list_Greenhous_nonP.php on line 183
[30-May-2026 07:40:37] PHP Notice:  Undefined variable: add_abadi in /var/www/html/prof/Garden/list_Greenhous_nonP.php on line 183
[30-May-2026 07:40:37] PHP Notice:  Undefined variable: add_abadi in /var/www/html/prof/Garden/list_Greenhous_nonP.php on line 183
[30-May-2026 07:40:37] PHP Notice:  Undefined variable: add_abadi in /var/www/html/prof/Garden/list_Greenhous_nonP.php on line 183
[30-May-2026 07:40:37] PHP Notice:  Undefined variable: add_abadi in /var/www/html/prof/Garden/list_Greenhous_nonP.php on line 183
[30-May-2026 07:40:37] PHP Notice:  Undefined variable: add_abadi in /var/www/html/prof/Garden/list_Greenhous_nonP.php on line 183
[30-May-2026 07:40:37] PHP Notice:  Undefined variable: add_abadi in /var/www/html/prof/Garden/list_Greenhous_nonP.php on line 183
[30-May-2026 07:40:37] PHP Notice:  Undefined variable: add_abadi in /var/www/html/prof/Garden/list_Greenhous_nonP.php on line 183
[30-May-2026 07:40:37] PHP Notice:  Undefined variable: add_abadi in /var/www/html/prof/Garden/list_Greenhous_nonP.php on line 183
[30-May-2026 07:40:37] PHP Notice:  Undefined variable: add_abadi in /var/www/html/prof/Garden/list_Greenhous_nonP.php on line 183
[30-May-2026 07:40:37] PHP Notice:  Undefined variable: add_abadi in /var/www/html/prof/Garden/list_Greenhous_nonP.php on line 183
[30-May-2026 07:40:37] PHP Notice:  Undefined variable: add_abadi in /var/www/html/prof/Garden/list_Greenhous_nonP.php on line 183
[30-May-2026 07:40:37] PHP Notice:  Undefined variable: add_abadi in /var/www/html/prof/Garden/list_Greenhous_nonP.php on line 183
[30-May-2026 07:40:37] PHP Notice:  Undefined variable: add_abadi in /var/www/html/prof/Garden/list_Greenhous_nonP.php on line 183
[30-May-2026 07:40:37] PHP Notice:  Undefined variable: add_abadi in /var/www/html/prof/Garden/list_Greenhous_nonP.php on line 183
[30-May-2026 07:40:37] PHP Notice:  Undefined variable: add_abadi in /var/www/html/prof/Garden/list_Greenhous_nonP.php on line 183
[30-May-2026 07:40:37] PHP Notice:  Undefined variable: add_abadi in /var/www/html/prof/Garden/list_Greenhous_nonP.php on line 183
[30-May-2026 07:40:37] PHP Notice:  Undefined variable: add_abadi in /var/www/html/prof/Garden/list_Greenhous_nonP.php on line 183
[30-May-2026 07:40:37] PHP Notice:  Undefined variable: add_abadi in /var/www/html/prof/Garden/list_Greenhous_nonP.php on line 183
[30-May-2026 07:40:37] PHP Notice:  Undefined variable: add_abadi in /var/www/html/prof/Garden/list_Greenhous_nonP.php on line 183
[30-May-2026 07:40:37] PHP Notice:  Undefined variable: add_abadi in /var/www/html/prof/Garden/list_Greenhous_nonP.php on line 183
[30-May-2026 07:40:37] PHP Notice:  Undefined variable: add_abadi in /var/www/html/prof/Garden/list_Greenhous_nonP.php on line 183
[30-May-2026 07:40:37] PHP Notice:  Undefined variable: add_abadi in /var/www/html/prof/Garden/list_Greenhous_nonP.php on line 183
[30-May-2026 07:40:37] PHP Notice:  Undefined variable: add_abadi in /var/www/html/prof/Garden/list_Greenhous_nonP.php on line 183
[30-May-2026 07:40:37] PHP Notice:  Undefined variable: add_abadi in /var/www/html/prof/Garden/list_Greenhous_nonP.php on line 183
[30-May-2026 07:40:37] PHP Notice:  Undefined variable: add_abadi in /var/www/html/prof/Garden/list_Greenhous_nonP.php on line 183
[30-May-2026 07:40:37] PHP Notice:  Undefined variable: add_abadi in /var/www/html/prof/Garden/list_Greenhous_nonP.php on line 183
[30-May-2026 07:40:37] PHP Notice:  Undefined variable: add_abadi in /var/www/html/prof/Garden/list_Greenhous_nonP.php on line 183
[30-May-2026 07:40:37] PHP Notice:  Undefined variable: add_abadi in /var/www/html/prof/Garden/list_Greenhous_nonP.php on line 183
[30-May-2026 07:40:37] PHP Notice:  Undefined variable: add_abadi in /var/www/html/prof/Garden/list_Greenhous_nonP.php on line 183
[30-May-2026 07:40:37] PHP Notice:  Undefined variable: add_abadi in /var/www/html/prof/Garden/list_Greenhous_nonP.php on line 183
[30-May-2026 07:40:37] PHP Notice:  Undefined variable: add_abadi in /var/www/html/prof/Garden/list_Greenhous_nonP.php on line 183
[30-May-2026 07:40:37] PHP Notice:  Undefined variable: add_abadi in /var/www/html/prof/Garden/list_Greenhous_nonP.php on line 183
[30-May-2026 07:40:37] PHP Notice:  Undefined variable: add_abadi in /var/www/html/prof/Garden/list_Greenhous_nonP.php on line 183
[30-May-2026 07:40:37] PHP Notice:  Undefined variable: add_abadi in /var/www/html/prof/Garden/list_Greenhous_nonP.php on line 183
[30-May-2026 07:40:37] PHP Notice:  Undefined variable: add_abadi in /var/www/html/prof/Garden/list_Greenhous_nonP.php on line 183
[30-May-2026 07:40:37] PHP Notice:  Undefined variable: add_abadi in /var/www/html/prof/Garden/list_Greenhous_nonP.php on line 183
[30-May-2026 07:40:37] PHP Notice:  Undefined variable: add_abadi in /var/www/html/prof/Garden/list_Greenhous_nonP.php on line 183
[30-May-2026 07:40:37] PHP Notice:  Undefined variable: add_abadi in /var/www/html/prof/Garden/list_Greenhous_nonP.php on line 183
[30-May-2026 07:40:37] PHP Notice:  Undefined variable: add_abadi in /var/www/html/prof/Garden/list_Greenhous_nonP.php on line 183
[30-May-2026 07:40:37] PHP Notice:  Undefined variable: add_abadi in /var/www/html/prof/Garden/list_Greenhous_nonP.php on line 183
[30-May-2026 07:40:37] PHP Notice:  Undefined variable: add_abadi in /var/www/html/prof/Garden/list_Greenhous_nonP.php on line 183
[30-May-2026 07:40:37] PHP Notice:  Undefined variable: add_abadi in /var/www/html/prof/Garden/list_Greenhous_nonP.php on line 183
[30-May-2026 07:40:37] PHP Notice:  Undefined variable: add_abadi in /var/www/html/prof/Garden/list_Greenhous_nonP.php on line 183
[30-May-2026 07:40:37] PHP Notice:  Undefined variable: add_abadi in /var/www/html/prof/Garden/list_Greenhous_nonP.php on line 183
[30-May-2026 07:40:37] PHP Notice:  Undefined variable: add_abadi in /var/www/html/prof/Garden/list_Greenhous_nonP.php on line 183
[30-May-2026 07:40:37] PHP Notice:  Undefined variable: add_abadi in /var/www/html/prof/Garden/list_Greenhous_nonP.php on line 183
[30-May-2026 07:40:37] PHP Notice:  Undefined variable: add_abadi in /var/www/html/prof/Garden/list_Greenhous_nonP.php on line 183
[30-May-2026 07:40:37] PHP Notice:  Undefined variable: add_abadi in /var/www/html/prof/Garden/list_Greenhous_nonP.php on line 183
[30-May-2026 07:40:37] PHP Notice:  Undefined variable: add_abadi in /var/www/html/prof/Garden/list_Greenhous_nonP.php on line 183
[30-May-2026 07:40:37] PHP Notice:  Undefined variable: add_abadi in /var/www/html/prof/Garden/list_Greenhous_nonP.php on line 183
[30-May-2026 07:40:37] PHP Notice:  Undefined variable: add_abadi in /var/www/html/prof/Garden/list_Greenhous_nonP.php on line 183
[30-May-2026 07:40:37] PHP Notice:  Undefined variable: add_abadi in /var/www/html/prof/Garden/list_Greenhous_nonP.php on line 183
[30-May-2026 07:40:37] PHP Notice:  Undefined variable: add_abadi in /var/www/html/prof/Garden/list_Greenhous_nonP.php on line 183
[30-May-2026 07:40:37] PHP Notice:  Undefined variable: add_abadi in /var/www/html/prof/Garden/list_Greenhous_nonP.php on line 183
[30-May-2026 07:40:37] PHP Notice:  Undefined variable: add_abadi in /var/www/html/prof/Garden/list_Greenhous_nonP.php on line 183
[30-May-2026 07:40:37] PHP Notice:  Undefined variable: add_abadi in /var/www/html/prof/Garden/list_Greenhous_nonP.php on line 183
[30-May-2026 07:40:37] PHP Notice:  Undefined variable: add_abadi in /var/www/html/prof/Garden/list_Greenhous_nonP.php on line 183
[30-May-2026 07:40:37] PHP Notice:  Undefined variable: add_abadi in /var/www/html/prof/Garden/list_Greenhous_nonP.php on line 183
[30-May-2026 07:40:37] PHP Notice:  Undefined variable: add_abadi in /var/www/html/prof/Garden/list_Greenhous_nonP.php on line 183
[30-May-2026 07:40:37] PHP Notice:  Undefined variable: add_abadi in /var/www/html/prof/Garden/list_Greenhous_nonP.php on line 183
[30-May-2026 07:40:37] PHP Notice:  Undefined variable: add_abadi in /var/www/html/prof/Garden/list_Greenhous_nonP.php on line 183
[30-May-2026 07:40:37] PHP Notice:  Undefined variable: add_abadi in /var/www/html/prof/Garden/list_Greenhous_nonP.php on line 183
[30-May-2026 07:40:37] PHP Notice:  Undefined variable: add_abadi in /var/www/html/prof/Garden/list_Greenhous_nonP.php on line 183
[30-May-2026 07:40:37] PHP Notice:  Undefined variable: add_abadi in /var/www/html/prof/Garden/list_Greenhous_nonP.php on line 183
[30-May-2026 07:40:37] PHP Notice:  Undefined variable: add_abadi in /var/www/html/prof/Garden/list_Greenhous_nonP.php on line 183
[30-May-2026 07:40:37] PHP Notice:  Undefined variable: add_abadi in /var/www/html/prof/Garden/list_Greenhous_nonP.php on line 183
[30-May-2026 07:40:37] PHP Notice:  Undefined variable: add_abadi in /var/www/html/prof/Garden/list_Greenhous_nonP.php on line 183
[30-May-2026 07:40:37] PHP Notice:  Undefined variable: add_abadi in /var/www/html/prof/Garden/list_Greenhous_nonP.php on line 183
[30-May-2026 07:40:37] PHP Notice:  Undefined variable: add_abadi in /var/www/html/prof/Garden/list_Greenhous_nonP.php on line 183
[30-May-2026 07:40:37] PHP Notice:  Undefined variable: add_abadi in /var/www/html/prof/Garden/list_Greenhous_nonP.php on line 183
[30-May-2026 07:40:37] PHP Notice:  Undefined variable: add_abadi in /var/www/html/prof/Garden/list_Greenhous_nonP.php on line 183
[30-May-2026 07:40:37] PHP Notice:  Undefined variable: add_abadi in /var/www/html/prof/Garden/list_Greenhous_nonP.php on line 183
[30-May-2026 07:40:37] PHP Notice:  Undefined variable: add_abadi in /var/www/html/prof/Garden/list_Greenhous_nonP.php on line 183
[30-May-2026 07:40:37] PHP Notice:  Undefined variable: add_abadi in /var/www/html/prof/Garden/list_Greenhous_nonP.php on line 183
[30-May-2026 07:40:37] PHP Notice:  Undefined variable: add_abadi in /var/www/html/prof/Garden/list_Greenhous_nonP.php on line 183
[30-May-2026 07:40:37] PHP Notice:  Undefined variable: add_abadi in /var/www/html/prof/Garden/list_Greenhous_nonP.php on line 183
[30-May-2026 07:40:37] PHP Notice:  Undefined variable: add_abadi in /var/www/html/prof/Garden/list_Greenhous_nonP.php on line 183
[30-May-2026 07:40:37] PHP Notice:  Undefined variable: add_abadi in /var/www/html/prof/Garden/list_Greenhous_nonP.php on line 183
[30-May-2026 07:40:37] PHP Notice:  Undefined variable: add_abadi in /var/www/html/prof/Garden/list_Greenhous_nonP.php on line 183
[30-May-2026 07:40:37] PHP Notice:  Undefined variable: add_abadi in /var/www/html/prof/Garden/list_Greenhous_nonP.php on line 183
[30-May-2026 07:40:37] PHP Notice:  Undefined variable: add_abadi in /var/www/html/prof/Garden/list_Greenhous_nonP.php on line 183
[30-May-2026 07:40:37] PHP Notice:  Undefined variable: add_abadi in /var/www/html/prof/Garden/list_Greenhous_nonP.php on line 183
[30-May-2026 07:40:37] PHP Notice:  Undefined variable: add_abadi in /var/www/html/prof/Garden/list_Greenhous_nonP.php on line 183
[30-May-2026 07:40:37] PHP Notice:  Undefined variable: add_abadi in /var/www/html/prof/Garden/list_Greenhous_nonP.php on line 183
[30-May-2026 07:40:37] PHP Notice:  Undefined variable: add_abadi in /var/www/html/prof/Garden/list_Greenhous_nonP.php on line 183
[30-May-2026 07:40:37] PHP Notice:  Undefined variable: add_abadi in /var/www/html/prof/Garden/list_Greenhous_nonP.php on line 183
[30-May-2026 07:40:37] PHP Notice:  Undefined variable: add_abadi in /var/www/html/prof/Garden/list_Greenhous_nonP.php on line 183
[30-May-2026 07:40:37] PHP Notice:  Undefined variable: add_abadi in /var/www/html/prof/Garden/list_Greenhous_nonP.php on line 183
[30-May-2026 07:40:37] PHP Notice:  Undefined variable: add_abadi in /var/www/html/prof/Garden/list_Greenhous_nonP.php on line 183
[30-May-2026 07:40:37] PHP Notice:  Undefined variable: add_abadi in /var/www/html/prof/Garden/list_Greenhous_nonP.php on line 183
[30-May-2026 07:40:37] PHP Notice:  Undefined variable: add_abadi in /var/www/html/prof/Garden/list_Greenhous_nonP.php on line 183
[30-May-2026 07:40:37] PHP Notice:  Undefined variable: add_abadi in /var/www/html/prof/Garden/list_Greenhous_nonP.php on line 183
[30-May-2026 07:40:37] PHP Notice:  Undefined variable: add_abadi in /var/www/html/prof/Garden/list_Greenhous_nonP.php on line 183
[30-May-2026 07:40:37] PHP Notice:  Undefined variable: add_abadi in /var/www/html/prof/Garden/list_Greenhous_nonP.php on line 183
[30-May-2026 07:40:37] PHP Notice:  Undefined variable: add_abadi in /var/www/html/prof/Garden/list_Greenhous_nonP.php on line 183
[30-May-2026 07:40:37] PHP Notice:  Undefined variable: add_abadi in /var/www/html/prof/Garden/list_Greenhous_nonP.php on line 183
[30-May-2026 07:40:37] PHP Notice:  Undefined variable: add_abadi in /var/www/html/prof/Garden/list_Greenhous_nonP.php on line 183
[30-May-2026 07:40:37] PHP Notice:  Undefined variable: add_abadi in /var/www/html/prof/Garden/list_Greenhous_nonP.php on line 183
[30-May-2026 07:40:37] PHP Notice:  Undefined variable: add_abadi in /var/www/html/prof/Garden/list_Greenhous_nonP.php on line 183
[30-May-2026 07:40:37] PHP Notice:  Undefined variable: add_abadi in /var/www/html/prof/Garden/list_Greenhous_nonP.php on line 183
[30-May-2026 07:40:37] PHP Notice:  Undefined variable: add_abadi in /var/www/html/prof/Garden/list_Greenhous_nonP.php on line 183
[30-May-2026 07:40:37] PHP Notice:  Undefined variable: add_abadi in /var/www/html/prof/Garden/list_Greenhous_nonP.php on line 183
[30-May-2026 07:40:37] PHP Notice:  Undefined variable: add_abadi in /var/www/html/prof/Garden/list_Greenhous_nonP.php on line 183
[30-May-2026 07:40:37] PHP Notice:  Undefined variable: add_abadi in /var/www/html/prof/Garden/list_Greenhous_nonP.php on line 183
[30-May-2026 07:40:37] PHP Notice:  Undefined variable: add_abadi in /var/www/html/prof/Garden/list_Greenhous_nonP.php on line 183
[30-May-2026 07:40:37] PHP Notice:  Undefined variable: add_abadi in /var/www/html/prof/Garden/list_Greenhous_nonP.php on line 183
[30-May-2026 07:40:37] PHP Notice:  Undefined variable: add_abadi in /var/www/html/prof/Garden/list_Greenhous_nonP.php on line 183
[30-May-2026 07:40:37] PHP Notice:  Undefined variable: add_abadi in /var/www/html/prof/Garden/list_Greenhous_nonP.php on line 183
[30-May-2026 07:40:37] PHP Notice:  Undefined variable: add_abadi in /var/www/html/prof/Garden/list_Greenhous_nonP.php on line 183
[30-May-2026 07:40:37] PHP Notice:  Undefined variable: add_abadi in /var/www/html/prof/Garden/list_Greenhous_nonP.php on line 183
[30-May-2026 07:40:37] PHP Notice:  Undefined variable: add_abadi in /var/www/html/prof/Garden/list_Greenhous_nonP.php on line 183
[30-May-2026 07:40:37] PHP Notice:  Undefined variable: add_abadi in /var/www/html/prof/Garden/list_Greenhous_nonP.php on line 183
[30-May-2026 07:40:37] PHP Notice:  Undefined variable: add_abadi in /var/www/html/prof/Garden/list_Greenhous_nonP.php on line 183
[30-May-2026 07:40:37] PHP Notice:  Undefined variable: add_abadi in /var/www/html/prof/Garden/list_Greenhous_nonP.php on line 183
[30-May-2026 07:40:37] PHP Notice:  Undefined variable: add_abadi in /var/www/html/prof/Garden/list_Greenhous_nonP.php on line 183
[30-May-2026 07:40:37] PHP Notice:  Undefined variable: add_abadi in /var/www/html/prof/Garden/list_Greenhous_nonP.php on line 183
[30-May-2026 07:40:37] PHP Notice:  Undefined variable: add_abadi in /var/www/html/prof/Garden/list_Greenhous_nonP.php on line 183
[30-May-2026 07:40:37] PHP Notice:  Undefined variable: add_abadi in /var/www/html/prof/Garden/list_Greenhous_nonP.php on line 183
[30-May-2026 07:40:37] PHP Notice:  Undefined variable: add_abadi in /var/www/html/prof/Garden/list_Greenhous_nonP.php on line 183
[30-May-2026 07:40:37] PHP Notice:  Undefined variable: add_abadi in /var/www/html/prof/Garden/list_Greenhous_nonP.php on line 183
[30-May-2026 07:40:37] PHP Notice:  Undefined variable: add_abadi in /var/www/html/prof/Garden/list_Greenhous_nonP.php on line 183
[30-May-2026 07:40:37] PHP Notice:  Undefined variable: add_abadi in /var/www/html/prof/Garden/list_Greenhous_nonP.php on line 183
[30-May-2026 07:40:37] PHP Notice:  Undefined variable: add_abadi in /var/www/html/prof/Garden/list_Greenhous_nonP.php on line 183
[30-May-2026 07:40:37] PHP Notice:  Undefined variable: add_abadi in /var/www/html/prof/Garden/list_Greenhous_nonP.php on line 183
[30-May-2026 07:40:37] PHP Notice:  Undefined variable: add_abadi in /var/www/html/prof/Garden/list_Greenhous_nonP.php on line 183
[30-May-2026 07:40:37] PHP Notice:  Undefined variable: add_abadi in /var/www/html/prof/Garden/list_Greenhous_nonP.php on line 183
[30-May-2026 07:40:37] PHP Notice:  Undefined variable: add_abadi in /var/www/html/prof/Garden/list_Greenhous_nonP.php on line 183
[30-May-2026 07:40:37] PHP Notice:  Undefined variable: add_abadi in /var/www/html/prof/Garden/list_Greenhous_nonP.php on line 183
[30-May-2026 07:40:37] PHP Notice:  Undefined variable: add_abadi in /var/www/html/prof/Garden/list_Greenhous_nonP.php on line 183
[30-May-2026 07:40:37] PHP Notice:  Undefined variable: add_abadi in /var/www/html/prof/Garden/list_Greenhous_nonP.php on line 183
[30-May-2026 07:40:37] PHP Notice:  Undefined variable: add_abadi in /var/www/html/prof/Garden/list_Greenhous_nonP.php on line 183
[30-May-2026 07:40:37] PHP Notice:  Undefined variable: add_abadi in /var/www/html/prof/Garden/list_Greenhous_nonP.php on line 183
[30-May-2026 07:40:37] PHP Notice:  Undefined variable: add_abadi in /var/www/html/prof/Garden/list_Greenhous_nonP.php on line 183
[30-May-2026 07:40:37] PHP Notice:  Undefined variable: add_abadi in /var/www/html/prof/Garden/list_Greenhous_nonP.php on line 183
[30-May-2026 07:40:37] PHP Notice:  Undefined variable: add_abadi in /var/www/html/prof/Garden/list_Greenhous_nonP.php on line 183
[30-May-2026 07:40:37] PHP Notice:  Undefined variable: add_abadi in /var/www/html/prof/Garden/list_Greenhous_nonP.php on line 183
[30-May-2026 07:40:37] PHP Notice:  Undefined variable: add_abadi in /var/www/html/prof/Garden/list_Greenhous_nonP.php on line 183
[30-May-2026 07:40:37] PHP Notice:  Undefined variable: add_abadi in /var/www/html/prof/Garden/list_Greenhous_nonP.php on line 183
[30-May-2026 07:40:37] PHP Notice:  Undefined variable: add_abadi in /var/www/html/prof/Garden/list_Greenhous_nonP.php on line 183
[30-May-2026 07:40:37] PHP Notice:  Undefined variable: add_abadi in /var/www/html/prof/Garden/list_Greenhous_nonP.php on line 183
[30-May-2026 07:40:37] PHP Notice:  Undefined variable: add_city in /var/www/html/prof/Garden/list_Greenhous_nonP.php on line 217
[30-May-2026 07:40:37] PHP Notice:  Undefined variable: m_cod_m in /var/www/html/prof/Garden/list_Greenhous_nonP.php on line 224
[30-May-2026 07:40:37] PHP Notice:  Undefined variable: bah_cod_m in /var/www/html/prof/Garden/list_Greenhous_nonP.php on line 228
[30-May-2026 07:40:37] PHP Notice:  Undefined variable: sys_kesh in /var/www/html/prof/Garden/list_Greenhous_nonP.php on line 236
[30-May-2026 07:40:37] PHP Notice:  Undefined variable: sys_kesh in /var/www/html/prof/Garden/list_Greenhous_nonP.php on line 237
[30-May-2026 07:40:37] PHP Notice:  Undefined variable: sys_kesh in /var/www/html/prof/Garden/list_Greenhous_nonP.php on line 238
[30-May-2026 07:40:37] PHP Notice:  Undefined variable: no_kesht in /var/www/html/prof/Garden/list_Greenhous_nonP.php on line 246
[30-May-2026 07:40:37] PHP Notice:  Undefined variable: no_kesht in /var/www/html/prof/Garden/list_Greenhous_nonP.php on line 247
[30-May-2026 07:40:37] PHP Notice:  Undefined variable: no_gol in /var/www/html/prof/Garden/list_Greenhous_nonP.php on line 257
[30-May-2026 07:40:37] PHP Notice:  Undefined variable: no_gol in /var/www/html/prof/Garden/list_Greenhous_nonP.php on line 258
[30-May-2026 07:40:37] PHP Notice:  Undefined variable: no_gol in /var/www/html/prof/Garden/list_Greenhous_nonP.php on line 259
[30-May-2026 07:40:37] PHP Notice:  Undefined variable: no_gol in /var/www/html/prof/Garden/list_Greenhous_nonP.php on line 260
[30-May-2026 07:40:37] PHP Notice:  Undefined variable: no_saz in /var/www/html/prof/Garden/list_Greenhous_nonP.php on line 267
[30-May-2026 07:40:37] PHP Notice:  Undefined variable: no_saz in /var/www/html/prof/Garden/list_Greenhous_nonP.php on line 268
[30-May-2026 07:40:37] PHP Notice:  Undefined variable: no_saz in /var/www/html/prof/Garden/list_Greenhous_nonP.php on line 269
[30-May-2026 07:40:37] PHP Notice:  Undefined variable: no_saz in /var/www/html/prof/Garden/list_Greenhous_nonP.php on line 270
[30-May-2026 07:40:37] PHP Notice:  Undefined variable: sys_hot in /var/www/html/prof/Garden/list_Greenhous_nonP.php on line 279
[30-May-2026 07:40:37] PHP Notice:  Undefined variable: sys_hot in /var/www/html/prof/Garden/list_Greenhous_nonP.php on line 280
[30-May-2026 07:40:37] PHP Notice:  Undefined variable: sys_hot in /var/www/html/prof/Garden/list_Greenhous_nonP.php on line 281
[30-May-2026 07:40:37] PHP Notice:  Undefined variable: no_moj in /var/www/html/prof/Garden/list_Greenhous_nonP.php on line 288
[30-May-2026 07:40:37] PHP Notice:  Undefined variable: no_moj in /var/www/html/prof/Garden/list_Greenhous_nonP.php on line 289
[30-May-2026 07:40:37] PHP Notice:  Undefined variable: no_moj in /var/www/html/prof/Garden/list_Greenhous_nonP.php on line 290
[30-May-2026 07:40:37] PHP Notice:  Undefined variable: no_moj in /var/www/html/prof/Garden/list_Greenhous_nonP.php on line 291
[30-May-2026 07:40:37] PHP Notice:  Undefined variable: no_moj in /var/www/html/prof/Garden/list_Greenhous_nonP.php on line 292
[30-May-2026 07:40:37] PHP Notice:  Undefined variable: query1 in /var/www/html/prof/Garden/list_Greenhous_nonP.php on line 450
[30-May-2026 07:40:37] PHP Notice:  Undefined variable: limit in /var/www/html/prof/Garden/list_Greenhous_nonP.php on line 453
[30-May-2026 07:40:37] PHP Warning:  Division by zero in /var/www/html/prof/Garden/list_Greenhous_nonP.php on line 453
[30-May-2026 07:40:37] PHP Notice:  Undefined variable: id in /var/www/html/prof/Garden/list_Greenhous_nonP.php on line 454
[30-May-2026 07:40:37] PHP Notice:  Undefined variable: id in /var/www/html/prof/Garden/list_Greenhous_nonP.php on line 479
[30-May-2026 07:40:38] PHP Notice:  Undefined variable: mess in /var/www/html/prof/Garden/Greenhous_prodi.php on line 135
[30-May-2026 07:40:38] PHP Notice:  Undefined variable: id_city in /var/www/html/prof/Garden/Greenhous_prodi.php on line 221
[30-May-2026 07:40:38] PHP Notice:  Undefined variable: add_abadi in /var/www/html/prof/Garden/Greenhous_prodi.php on line 222
[30-May-2026 07:40:38] PHP Notice:  Undefined variable: add_city in /var/www/html/prof/Garden/Greenhous_prodi.php on line 223
[30-May-2026 07:40:39] PHP Notice:  Undefined index: no_mush in /var/www/html/prof/Garden/list_Greenhous_nonP.php on line 19
[30-May-2026 07:40:39] PHP Notice:  Undefined index: m_ab in /var/www/html/prof/Garden/list_Greenhous_nonP.php on line 20
[30-May-2026 07:40:39] PHP Notice:  Undefined variable: id_ostan1 in /var/www/html/prof/Garden/list_Greenhous_nonP.php on line 138
[30-May-2026 07:40:39] PHP Notice:  Undefined index: no_bah in /var/www/html/prof/Garden/list_Greenhous_nonP.php on line 437
[30-May-2026 07:40:39] PHP Notice:  Undefined index: no_bah in /var/www/html/prof/Garden/list_Greenhous_nonP.php on line 437
[30-May-2026 07:40:39] PHP Notice:  Undefined index: no_bah in /var/www/html/prof/Garden/list_Greenhous_nonP.php on line 437
[30-May-2026 07:40:39] PHP Notice:  Undefined index: no_bah in /var/www/html/prof/Garden/list_Greenhous_nonP.php on line 437
[30-May-2026 07:40:39] PHP Notice:  Undefined index: no_bah in /var/www/html/prof/Garden/list_Greenhous_nonP.php on line 437
[30-May-2026 07:40:39] PHP Notice:  Undefined index: no_bah in /var/www/html/prof/Garden/list_Greenhous_nonP.php on line 437
[30-May-2026 07:40:39] PHP Notice:  Undefined index: no_bah in /var/www/html/prof/Garden/list_Greenhous_nonP.php on line 437
[30-May-2026 07:40:39] PHP Notice:  Undefined index: no_bah in /var/www/html/prof/Garden/list_Greenhous_nonP.php on line 437
[30-May-2026 07:40:39] PHP Notice:  Undefined index: no_bah in /var/www/html/prof/Garden/list_Greenhous_nonP.php on line 437
[30-May-2026 07:40:39] PHP Notice:  Undefined index: no_bah in /var/www/html/prof/Garden/list_Greenhous_nonP.php on line 437
[30-May-2026 07:40:39] PHP Notice:  Undefined index: no_bah in /var/www/html/prof/Garden/list_Greenhous_nonP.php on line 437
[30-May-2026 07:40:39] PHP Notice:  Undefined index: no_bah in /var/www/html/prof/Garden/list_Greenhous_nonP.php on line 437
[30-May-2026 07:40:39] PHP Notice:  Undefined index: no_bah in /var/www/html/prof/Garden/list_Greenhous_nonP.php on line 437
[30-May-2026 07:40:39] PHP Notice:  Undefined index: no_bah in /var/www/html/prof/Garden/list_Greenhous_nonP.php on line 437
[30-May-2026 07:40:39] PHP Notice:  Undefined index: no_bah in /var/www/html/prof/Garden/list_Greenhous_nonP.php on line 437
[30-May-2026 07:40:39] PHP Notice:  Undefined index: no_bah in /var/www/html/prof/Garden/list_Greenhous_nonP.php on line 437
[30-May-2026 07:40:39] PHP Notice:  Undefined index: no_bah in /var/www/html/prof/Garden/list_Greenhous_nonP.php on line 437
[30-May-2026 07:40:39] PHP Notice:  Undefined index: no_bah in /var/www/html/prof/Garden/list_Greenhous_nonP.php on line 437
[30-May-2026 07:40:39] PHP Notice:  Undefined index: no_bah in /var/www/html/prof/Garden/list_Greenhous_nonP.php on line 437
[30-May-2026 07:40:39] PHP Notice:  Undefined index: no_bah in /var/www/html/prof/Garden/list_Greenhous_nonP.php on line 437
[30-May-2026 07:40:39] PHP Notice:  Undefined index: no_bah in /var/www/html/prof/Garden/list_Greenhous_nonP.php on line 437
[30-May-2026 07:40:39] PHP Notice:  Undefined index: no_bah in /var/www/html/prof/Garden/list_Greenhous_nonP.php on line 437
[30-May-2026 07:40:39] PHP Notice:  Undefined index: no_bah in /var/www/html/prof/Garden/list_Greenhous_nonP.php on line 437
[30-May-2026 07:40:39] PHP Notice:  Undefined index: no_bah in /var/www/html/prof/Garden/list_Greenhous_nonP.php on line 437
[30-May-2026 07:40:39] PHP Notice:  Undefined index: no_bah in /var/www/html/prof/Garden/list_Greenhous_nonP.php on line 437
[30-May-2026 07:40:39] PHP Notice:  Undefined variable: id in /var/www/html/prof/Garden/list_Greenhous_nonP.php on line 454
[30-May-2026 07:40:39] PHP Notice:  Undefined variable: id in /var/www/html/prof/Garden/list_Greenhous_nonP.php on line 479
[30-May-2026 07:40:39] PHP Notice:  Undefined variable: id in /var/www/html/prof/Garden/list_Greenhous_nonP.php on line 482
[30-May-2026 07:40:39] PHP Notice:  Undefined variable: id in /var/www/html/prof/Garden/list_Greenhous_nonP.php on line 507
[30-May-2026 07:40:39] PHP Notice:  Undefined variable: id in /var/www/html/prof/Garden/list_Greenhous_nonP.php on line 507
[30-May-2026 07:40:42] PHP Notice:  Undefined variable: m_vaz_sok in /var/www/html/prof/Garden/Garden_data.php on line 454
[30-May-2026 07:40:42] PHP Notice:  Undefined variable: m_vaz_sok in /var/www/html/prof/Garden/Garden_data.php on line 455
[30-May-2026 07:40:42] PHP Notice:  Undefined variable: md_ab in /var/www/html/prof/Garden/Garden_data.php on line 476
[30-May-2026 07:40:42] PHP Notice:  Undefined variable: no_sab in /var/www/html/prof/Garden/Garden_data.php on line 503
[30-May-2026 07:40:42] PHP Notice:  Undefined variable: no_sab in /var/www/html/prof/Garden/Garden_data.php on line 504
[30-May-2026 07:40:42] PHP Notice:  Undefined variable: no_sab in /var/www/html/prof/Garden/Garden_data.php on line 505
[30-May-2026 07:40:42] PHP Notice:  Undefined variable: no_sab in /var/www/html/prof/Garden/Garden_data.php on line 506
[30-May-2026 07:40:42] PHP Notice:  Undefined variable: h_ab in /var/www/html/prof/Garden/Garden_data.php on line 512
[30-May-2026 07:40:42] PHP Notice:  Undefined variable: mah_tol in /var/www/html/prof/Garden/Garden_data.php on line 605
[30-May-2026 07:40:42] PHP Notice:  Undefined variable: mah_tolp in /var/www/html/prof/Garden/Garden_data.php on line 608
[30-May-2026 07:40:42] PHP Notice:  Undefined variable: tree_gb in /var/www/html/prof/Garden/Garden_data.php on line 611
[30-May-2026 07:40:42] PHP Notice:  Undefined variable: tree_b in /var/www/html/prof/Garden/Garden_data.php on line 614
[30-May-2026 07:40:42] PHP Notice:  Undefined variable: s_kesht_gb in /var/www/html/prof/Garden/Garden_data.php on line 618
[30-May-2026 07:40:42] PHP Notice:  Undefined variable: s_kesht_b in /var/www/html/prof/Garden/Garden_data.php on line 621
[30-May-2026 07:40:42] PHP Notice:  Undefined variable: mah_name in /var/www/html/prof/Garden/Garden_data.php on line 625
[30-May-2026 07:40:42] PHP Notice:  Undefined variable: mah_tol in /var/www/html/prof/Garden/Garden_data.php on line 605
[30-May-2026 07:40:42] PHP Notice:  Undefined variable: mah_tolp in /var/www/html/prof/Garden/Garden_data.php on line 608
[30-May-2026 07:40:42] PHP Notice:  Undefined variable: tree_gb in /var/www/html/prof/Garden/Garden_data.php on line 611
[30-May-2026 07:40:42] PHP Notice:  Undefined variable: tree_b in /var/www/html/prof/Garden/Garden_data.php on line 614
[30-May-2026 07:40:42] PHP Notice:  Undefined variable: s_kesht_gb in /var/www/html/prof/Garden/Garden_data.php on line 618
[30-May-2026 07:40:42] PHP Notice:  Undefined variable: s_kesht_b in /var/www/html/prof/Garden/Garden_data.php on line 621
[30-May-2026 07:40:42] PHP Notice:  Undefined variable: mah_name in /var/www/html/prof/Garden/Garden_data.php on line 625
[30-May-2026 07:40:42] PHP Notice:  Undefined variable: number in /var/www/html/prof/Garden/Garden_data.php on line 667
[30-May-2026 07:40:44] PHP Notice:  Undefined index: bah_cod_m in /var/www/html/prof/Garden/Greenhous_prodi.php on line 9
[30-May-2026 07:40:44] PHP Notice:  Undefined index: unit_id in /var/www/html/prof/Garden/Greenhous_prodi.php on line 10
[30-May-2026 07:40:44] PHP Notice:  Undefined index: y_prod in /var/www/html/prof/Garden/Greenhous_prodi.php on line 14
[30-May-2026 07:40:44] PHP Notice:  Undefined index: v_unit in /var/www/html/prof/Garden/Greenhous_prodi.php on line 15
[30-May-2026 07:40:44] PHP Notice:  Undefined index: unit_id in /var/www/html/prof/Garden/Greenhous_prodi.php on line 16
[30-May-2026 07:40:44] PHP Notice:  Undefined index: num_bah in /var/www/html/prof/Garden/Greenhous_prodi.php on line 17
[30-May-2026 07:40:44] PHP Notice:  Undefined variable: mess in /var/www/html/prof/Garden/Greenhous_prodi.php on line 135
[30-May-2026 07:40:44] PHP Notice:  Undefined variable: row in /var/www/html/prof/Garden/Greenhous_prodi.php on line 197
[30-May-2026 07:40:44] PHP Notice:  Undefined variable: row in /var/www/html/prof/Garden/Greenhous_prodi.php on line 219
[30-May-2026 07:40:44] PHP Notice:  Undefined variable: add_abadi in /var/www/html/prof/Garden/Greenhous_prodi.php on line 222
[30-May-2026 07:40:44] PHP Notice:  Undefined variable: add_city in /var/www/html/prof/Garden/Greenhous_prodi.php on line 223
[30-May-2026 07:40:45] PHP Notice:  Undefined variable: query1 in /var/www/html/prof/Garden/Garden_edit_T_new.php on line 457
[30-May-2026 07:40:45] PHP Notice:  Undefined variable: limit in /var/www/html/prof/Garden/Garden_edit_T_new.php on line 460
[30-May-2026 07:40:45] PHP Warning:  Division by zero in /var/www/html/prof/Garden/Garden_edit_T_new.php on line 460
[30-May-2026 07:40:45] PHP Notice:  Undefined variable: id in /var/www/html/prof/Garden/Garden_edit_T_new.php on line 486
[30-May-2026 07:40:45] PHP Notice:  Undefined variable: id in /var/www/html/prof/Garden/Garden_edit_T_new.php on line 487
[30-May-2026 07:40:45] PHP Notice:  Undefined variable: id in /var/www/html/prof/Garden/Garden_edit_T_new.php on line 492
[30-May-2026 07:40:45] PHP Notice:  Undefined variable: id in /var/www/html/prof/Garden/Garden_edit_T_new.php on line 538
[30-May-2026 07:40:46] PHP Notice:  Undefined variable: mess in /var/www/html/prof/Garden/Greenhous_prodi.php on line 43
[30-May-2026 07:40:46] PHP Notice:  Undefined variable: mess in /var/www/html/prof/Garden/Greenhous_prodi.php on line 58
[30-May-2026 07:40:46] PHP Notice:  Undefined variable: mess in /var/www/html/prof/Garden/Greenhous_prodi.php on line 135
[30-May-2026 07:40:46] PHP Notice:  Undefined variable: id_city in /var/www/html/prof/Garden/Greenhous_prodi.php on line 221
[30-May-2026 07:40:46] PHP Notice:  Undefined variable: add_abadi in /var/www/html/prof/Garden/Greenhous_prodi.php on line 222
[30-May-2026 07:40:46] PHP Notice:  Undefined variable: add_city in /var/www/html/prof/Garden/Greenhous_prodi.php on line 223
[30-May-2026 07:40:46] PHP Notice:  Undefined variable: t_mar in /var/www/html/prof/Garden/Greenh_prod.php on line 332
[30-May-2026 07:40:46] PHP Notice:  Undefined variable: z_dep in /var/www/html/prof/Garden/Greenh_prod.php on line 337
[30-May-2026 07:40:46] PHP Notice:  Undefined variable: t_zan in /var/www/html/prof/Garden/Greenh_prod.php on line 343
[30-May-2026 07:40:46] PHP Notice:  Undefined variable: lisan in /var/www/html/prof/Garden/Greenh_prod.php on line 347
[30-May-2026 07:40:46] PHP Notice:  Undefined variable: m_fani in /var/www/html/prof/Garden/Greenh_prod.php on line 355
[30-May-2026 07:40:46] PHP Notice:  Undefined variable: m_fani in /var/www/html/prof/Garden/Greenh_prod.php on line 356
[30-May-2026 07:40:46] PHP Notice:  Undefined variable: t_mar in /var/www/html/prof/Garden/Greenh_prod.php on line 361
[30-May-2026 07:40:46] PHP Notice:  Undefined variable: gar_ma in /var/www/html/prof/Garden/Greenh_prod.php on line 380
[30-May-2026 07:40:46] PHP Notice:  Undefined variable: gar_m in /var/www/html/prof/Garden/Greenh_prod.php on line 383
[30-May-2026 07:40:46] PHP Notice:  Undefined variable: gar_ja in /var/www/html/prof/Garden/Greenh_prod.php on line 386
[30-May-2026 07:40:46] PHP Notice:  Undefined variable: gar_j in /var/www/html/prof/Garden/Greenh_prod.php on line 389
[30-May-2026 07:40:46] PHP Notice:  Undefined variable: hash_ma in /var/www/html/prof/Garden/Greenh_prod.php on line 395
[30-May-2026 07:40:46] PHP Notice:  Undefined variable: hash_m in /var/www/html/prof/Garden/Greenh_prod.php on line 398
[30-May-2026 07:40:46] PHP Notice:  Undefined variable: hash_ja in /var/www/html/prof/Garden/Greenh_prod.php on line 401
[30-May-2026 07:40:46] PHP Notice:  Undefined variable: hash_j in /var/www/html/prof/Garden/Greenh_prod.php on line 404
[30-May-2026 07:40:46] PHP Notice:  Undefined variable: zof_ma in /var/www/html/prof/Garden/Greenh_prod.php on line 410
[30-May-2026 07:40:46] PHP Notice:  Undefined variable: zof_m in /var/www/html/prof/Garden/Greenh_prod.php on line 413
[30-May-2026 07:40:46] PHP Notice:  Undefined variable: zof_ja in /var/www/html/prof/Garden/Greenh_prod.php on line 416
[30-May-2026 07:40:46] PHP Notice:  Undefined variable: zof_j in /var/www/html/prof/Garden/Greenh_prod.php on line 419
[30-May-2026 07:40:46] PHP Notice:  Undefined variable: kod_h3_a in /var/www/html/prof/Garden/Greenh_prod.php on line 446
[30-May-2026 07:40:46] PHP Notice:  Undefined variable: kod_h3_m in /var/www/html/prof/Garden/Greenh_prod.php on line 449
[30-May-2026 07:40:46] PHP Notice:  Undefined variable: kod_h2_a in /var/www/html/prof/Garden/Greenh_prod.php on line 453
[30-May-2026 07:40:46] PHP Notice:  Undefined variable: kod_h2_m in /var/www/html/prof/Garden/Greenh_prod.php on line 456
[30-May-2026 07:40:46] PHP Notice:  Undefined variable: kod_h1_a in /var/www/html/prof/Garden/Greenh_prod.php on line 460
[30-May-2026 07:40:46] PHP Notice:  Undefined variable: kod_h1_m in /var/www/html/prof/Garden/Greenh_prod.php on line 463
[30-May-2026 07:40:46] PHP Notice:  Undefined variable: kod_sh3_a in /var/www/html/prof/Garden/Greenh_prod.php on line 470
[30-May-2026 07:40:46] PHP Notice:  Undefined variable: kod_sh3_m in /var/www/html/prof/Garden/Greenh_prod.php on line 473
[30-May-2026 07:40:46] PHP Notice:  Undefined variable: kod_sh2_a in /var/www/html/prof/Garden/Greenh_prod.php on line 477
[30-May-2026 07:40:46] PHP Notice:  Undefined variable: kod_sh2_m in /var/www/html/prof/Garden/Greenh_prod.php on line 480
[30-May-2026 07:40:46] PHP Notice:  Undefined variable: kod_sh1_a in /var/www/html/prof/Garden/Greenh_prod.php on line 484
[30-May-2026 07:40:46] PHP Notice:  Undefined variable: kod_sh1_m in /var/www/html/prof/Garden/Greenh_prod.php on line 487
[30-May-2026 07:40:46] PHP Notice:  Undefined variable: kod_bio3_a in /var/www/html/prof/Garden/Greenh_prod.php on line 494
[30-May-2026 07:40:46] PHP Notice:  Undefined variable: kod_bio3_m in /var/www/html/prof/Garden/Greenh_prod.php on line 497
[30-May-2026 07:40:46] PHP Notice:  Undefined variable: kod_bio2_a in /var/www/html/prof/Garden/Greenh_prod.php on line 501
[30-May-2026 07:40:46] PHP Notice:  Undefined variable: kod_bio2_m in /var/www/html/prof/Garden/Greenh_prod.php on line 504
[30-May-2026 07:40:46] PHP Notice:  Undefined variable: kod_bio1_a in /var/www/html/prof/Garden/Greenh_prod.php on line 508
[30-May-2026 07:40:46] PHP Notice:  Undefined variable: kod_bio1_m in /var/www/html/prof/Garden/Greenh_prod.php on line 511
[30-May-2026 07:40:46] PHP Notice:  Undefined variable: gazoil_m in /var/www/html/prof/Garden/Greenh_prod.php on line 545
[30-May-2026 07:40:46] PHP Notice:  Undefined variable: benz_m in /var/www/html/prof/Garden/Greenh_prod.php on line 548
[30-May-2026 07:40:46] PHP Notice:  Undefined variable: ab_m in /var/www/html/prof/Garden/Greenh_prod.php on line 551
[30-May-2026 07:40:46] PHP Notice:  Undefined variable: gazoil_a in /var/www/html/prof/Garden/Greenh_prod.php on line 567
[30-May-2026 07:40:46] PHP Notice:  Undefined variable: benz_a in /var/www/html/prof/Garden/Greenh_prod.php on line 570
[30-May-2026 07:40:46] PHP Notice:  Undefined variable: ab_a in /var/www/html/prof/Garden/Greenh_prod.php on line 573
[30-May-2026 07:40:46] PHP Notice:  Undefined variable: bazr_a in /var/www/html/prof/Garden/Greenh_prod.php on line 594
[30-May-2026 07:40:46] PHP Notice:  Undefined variable: bazr_m in /var/www/html/prof/Garden/Greenh_prod.php on line 598
[30-May-2026 07:40:46] PHP Notice:  Undefined variable: nesha_a in /var/www/html/prof/Garden/Greenh_prod.php on line 606
[30-May-2026 07:40:46] PHP Notice:  Undefined variable: nesha_m in /var/www/html/prof/Garden/Greenh_prod.php on line 611
[30-May-2026 07:40:46] PHP Notice:  Undefined variable: t_zgard in /var/www/html/prof/Garden/Greenh_prod.php on line 620
[30-May-2026 07:40:46] PHP Notice:  Undefined variable: t_hshekar in /var/www/html/prof/Garden/Greenh_prod.php on line 625
[30-May-2026 07:40:46] PHP Notice:  Undefined variable: b_say in /var/www/html/prof/Garden/Greenh_prod.php on line 647
[30-May-2026 07:40:46] PHP Notice:  Undefined variable: b_pet in /var/www/html/prof/Garden/Greenh_prod.php on line 650
[30-May-2026 07:40:46] PHP Notice:  Undefined variable: b_per in /var/www/html/prof/Garden/Greenh_prod.php on line 653
[30-May-2026 07:40:46] PHP Notice:  Undefined variable: b_mas in /var/www/html/prof/Garden/Greenh_prod.php on line 656
[30-May-2026 07:40:46] PHP Notice:  Undefined variable: b_coco in /var/www/html/prof/Garden/Greenh_prod.php on line 659
[30-May-2026 07:40:46] PHP Notice:  Undefined variable: id in /var/www/html/prof/Garden/Greenh_prod.php on line 697
[30-May-2026 07:40:46] PHP Notice:  Undefined variable: id in /var/www/html/prof/Garden/Greenh_prod.php on line 700
[30-May-2026 07:40:46] PHP Notice:  Undefined variable: id in /var/www/html/prof/Garden/Greenh_prod.php on line 713
[30-May-2026 07:40:46] PHP Notice:  Undefined variable: id in /var/www/html/prof/Garden/Greenh_prod.php on line 723
[30-May-2026 07:40:46] PHP Notice:  Undefined variable: mah_name in /var/www/html/prof/Garden/Greenh_prod.php on line 837
[30-May-2026 07:40:46] PHP Notice:  Undefined variable: mah_name in /var/www/html/prof/Garden/Greenh_prod.php on line 837
[30-May-2026 07:40:46] PHP Notice:  Undefined variable: number in /var/www/html/prof/Garden/Greenh_prod.php on line 887
[30-May-2026 07:40:49] PHP Notice:  Undefined variable: mess in /var/www/html/prof/Garden/Greenhous_prodi.php on line 135
[30-May-2026 07:40:49] PHP Notice:  Undefined variable: add_abadi in /var/www/html/prof/Garden/Greenhous_prodi.php on line 222
[30-May-2026 07:40:49] PHP Notice:  Undefined variable: add_city in /var/www/html/prof/Garden/Greenhous_prodi.php on line 223
[30-May-2026 07:40:57] PHP Notice:  Undefined index: bah_cod_m in /var/www/html/prof/Garden/Greenhous_prodi.php on line 9
[30-May-2026 07:40:57] PHP Notice:  Undefined index: unit_id in /var/www/html/prof/Garden/Greenhous_prodi.php on line 10
[30-May-2026 07:40:57] PHP Notice:  Undefined index: y_prod in /var/www/html/prof/Garden/Greenhous_prodi.php on line 14
[30-May-2026 07:40:57] PHP Notice:  Undefined index: v_unit in /var/www/html/prof/Garden/Greenhous_prodi.php on line 15
[30-May-2026 07:40:57] PHP Notice:  Undefined index: unit_id in /var/www/html/prof/Garden/Greenhous_prodi.php on line 16
[30-May-2026 07:40:57] PHP Notice:  Undefined index: num_bah in /var/www/html/prof/Garden/Greenhous_prodi.php on line 17
[30-May-2026 07:40:57] PHP Notice:  Undefined variable: mess in /var/www/html/prof/Garden/Greenhous_prodi.php on line 135
[30-May-2026 07:40:57] PHP Notice:  Undefined variable: row in /var/www/html/prof/Garden/Greenhous_prodi.php on line 197
[30-May-2026 07:40:57] PHP Notice:  Undefined variable: row in /var/www/html/prof/Garden/Greenhous_prodi.php on line 219
[30-May-2026 07:40:57] PHP Notice:  Undefined variable: add_abadi in /var/www/html/prof/Garden/Greenhous_prodi.php on line 222
[30-May-2026 07:40:57] PHP Notice:  Undefined variable: add_city in /var/www/html/prof/Garden/Greenhous_prodi.php on line 223
[30-May-2026 07:41:00] PHP Notice:  Undefined variable: y_prod in /var/www/html/prof/Garden/list_Greenhous_nonP.php on line 126
[30-May-2026 07:41:00] PHP Notice:  Undefined variable: y_prod in /var/www/html/prof/Garden/list_Greenhous_nonP.php on line 127
[30-May-2026 07:41:00] PHP Notice:  Undefined variable: y_prod in /var/www/html/prof/Garden/list_Greenhous_nonP.php on line 128
[30-May-2026 07:41:00] PHP Notice:  Undefined variable: y_prod in /var/www/html/prof/Garden/list_Greenhous_nonP.php on line 129
[30-May-2026 07:41:00] PHP Notice:  Undefined variable: id_ostan1 in /var/www/html/prof/Garden/list_Greenhous_nonP.php on line 138
[30-May-2026 07:41:00] PHP Notice:  Undefined variable: add_abadi in /var/www/html/prof/Garden/list_Greenhous_nonP.php on line 183
[30-May-2026 07:41:00] PHP Notice:  Undefined variable: add_abadi in /var/www/html/prof/Garden/list_Greenhous_nonP.php on line 183
[30-May-2026 07:41:00] PHP Notice:  Undefined variable: add_abadi in /var/www/html/prof/Garden/list_Greenhous_nonP.php on line 183
[30-May-2026 07:41:00] PHP Notice:  Undefined variable: add_abadi in /var/www/html/prof/Garden/list_Greenhous_nonP.php on line 183
[30-May-2026 07:41:00] PHP Notice:  Undefined variable: add_abadi in /var/www/html/prof/Garden/list_Greenhous_nonP.php on line 183
[30-May-2026 07:41:00] PHP Notice:  Undefined variable: add_abadi in /var/www/html/prof/Garden/list_Greenhous_nonP.php on line 183
[30-May-2026 07:41:00] PHP Notice:  Undefined variable: add_abadi in /var/www/html/prof/Garden/list_Greenhous_nonP.php on line 183
[30-May-2026 07:41:00] PHP Notice:  Undefined variable: add_abadi in /var/www/html/prof/Garden/list_Greenhous_nonP.php on line 183
[30-May-2026 07:41:00] PHP Notice:  Undefined variable: add_abadi in /var/www/html/prof/Garden/list_Greenhous_nonP.php on line 183
[30-May-2026 07:41:00] PHP Notice:  Undefined variable: add_abadi in /var/www/html/prof/Garden/list_Greenhous_nonP.php on line 183
[30-May-2026 07:41:00] PHP Notice:  Undefined variable: add_abadi in /var/www/html/prof/Garden/list_Greenhous_nonP.php on line 183
[30-May-2026 07:41:00] PHP Notice:  Undefined variable: add_abadi in /var/www/html/prof/Garden/list_Greenhous_nonP.php on line 183
[30-May-2026 07:41:00] PHP Notice:  Undefined variable: add_abadi in /var/www/html/prof/Garden/list_Greenhous_nonP.php on line 183
[30-May-2026 07:41:00] PHP Notice:  Undefined variable: add_abadi in /var/www/html/prof/Garden/list_Greenhous_nonP.php on line 183
[30-May-2026 07:41:00] PHP Notice:  Undefined variable: add_abadi in /var/www/html/prof/Garden/list_Greenhous_nonP.php on line 183
[30-May-2026 07:41:00] PHP Notice:  Undefined variable: add_abadi in /var/www/html/prof/Garden/list_Greenhous_nonP.php on line 183
[30-May-2026 07:41:00] PHP Notice:  Undefined variable: add_abadi in /var/www/html/prof/Garden/list_Greenhous_nonP.php on line 183
[30-May-2026 07:41:00] PHP Notice:  Undefined variable: add_abadi in /var/www/html/prof/Garden/list_Greenhous_nonP.php on line 183
[30-May-2026 07:41:00] PHP Notice:  Undefined variable: add_abadi in /var/www/html/prof/Garden/list_Greenhous_nonP.php on line 183
[30-May-2026 07:41:00] PHP Notice:  Undefined variable: add_abadi in /var/www/html/prof/Garden/list_Greenhous_nonP.php on line 183
[30-May-2026 07:41:00] PHP Notice:  Undefined variable: add_abadi in /var/www/html/prof/Garden/list_Greenhous_nonP.php on line 183
[30-May-2026 07:41:00] PHP Notice:  Undefined variable: add_abadi in /var/www/html/prof/Garden/list_Greenhous_nonP.php on line 183
[30-May-2026 07:41:00] PHP Notice:  Undefined variable: add_abadi in /var/www/html/prof/Garden/list_Greenhous_nonP.php on line 183
[30-May-2026 07:41:00] PHP Notice:  Undefined variable: add_abadi in /var/www/html/prof/Garden/list_Greenhous_nonP.php on line 183
[30-May-2026 07:41:00] PHP Notice:  Undefined variable: add_abadi in /var/www/html/prof/Garden/list_Greenhous_nonP.php on line 183
[30-May-2026 07:41:00] PHP Notice:  Undefined variable: add_abadi in /var/www/html/prof/Garden/list_Greenhous_nonP.php on line 183
[30-May-2026 07:41:00] PHP Notice:  Undefined variable: add_abadi in /var/www/html/prof/Garden/list_Greenhous_nonP.php on line 183
[30-May-2026 07:41:00] PHP Notice:  Undefined variable: add_abadi in /var/www/html/prof/Garden/list_Greenhous_nonP.php on line 183
[30-May-2026 07:41:00] PHP Notice:  Undefined variable: add_abadi in /var/www/html/prof/Garden/list_Greenhous_nonP.php on line 183
[30-May-2026 07:41:00] PHP Notice:  Undefined variable: add_abadi in /var/www/html/prof/Garden/list_Greenhous_nonP.php on line 183
[30-May-2026 07:41:00] PHP Notice:  Undefined variable: add_abadi in /var/www/html/prof/Garden/list_Greenhous_nonP.php on line 183
[30-May-2026 07:41:00] PHP Notice:  Undefined variable: add_abadi in /var/www/html/prof/Garden/list_Greenhous_nonP.php on line 183
[30-May-2026 07:41:00] PHP Notice:  Undefined variable: add_abadi in /var/www/html/prof/Garden/list_Greenhous_nonP.php on line 183
[30-May-2026 07:41:00] PHP Notice:  Undefined variable: add_abadi in /var/www/html/prof/Garden/list_Greenhous_nonP.php on line 183
[30-May-2026 07:41:00] PHP Notice:  Undefined variable: add_abadi in /var/www/html/prof/Garden/list_Greenhous_nonP.php on line 183
[30-May-2026 07:41:00] PHP Notice:  Undefined variable: add_abadi in /var/www/html/prof/Garden/list_Greenhous_nonP.php on line 183
[30-May-2026 07:41:00] PHP Notice:  Undefined variable: add_abadi in /var/www/html/prof/Garden/list_Greenhous_nonP.php on line 183
[30-May-2026 07:41:00] PHP Notice:  Undefined variable: add_abadi in /var/www/html/prof/Garden/list_Greenhous_nonP.php on line 183
[30-May-2026 07:41:00] PHP Notice:  Undefined variable: add_abadi in /var/www/html/prof/Garden/list_Greenhous_nonP.php on line 183
[30-May-2026 07:41:00] PHP Notice:  Undefined variable: add_abadi in /var/www/html/prof/Garden/list_Greenhous_nonP.php on line 183
[30-May-2026 07:41:00] PHP Notice:  Undefined variable: add_abadi in /var/www/html/prof/Garden/list_Greenhous_nonP.php on line 183
[30-May-2026 07:41:00] PHP Notice:  Undefined variable: add_abadi in /var/www/html/prof/Garden/list_Greenhous_nonP.php on line 183
[30-May-2026 07:41:00] PHP Notice:  Undefined variable: add_abadi in /var/www/html/prof/Garden/list_Greenhous_nonP.php on line 183
[30-May-2026 07:41:00] PHP Notice:  Undefined variable: add_abadi in /var/www/html/prof/Garden/list_Greenhous_nonP.php on line 183
[30-May-2026 07:41:00] PHP Notice:  Undefined variable: add_abadi in /var/www/html/prof/Garden/list_Greenhous_nonP.php on line 183
[30-May-2026 07:41:00] PHP Notice:  Undefined variable: add_abadi in /var/www/html/prof/Garden/list_Greenhous_nonP.php on line 183
[30-May-2026 07:41:00] PHP Notice:  Undefined variable: add_abadi in /var/www/html/prof/Garden/list_Greenhous_nonP.php on line 183
[30-May-2026 07:41:00] PHP Notice:  Undefined variable: add_abadi in /var/www/html/prof/Garden/list_Greenhous_nonP.php on line 183
[30-May-2026 07:41:00] PHP Notice:  Undefined variable: add_abadi in /var/www/html/prof/Garden/list_Greenhous_nonP.php on line 183
[30-May-2026 07:41:00] PHP Notice:  Undefined variable: add_abadi in /var/www/html/prof/Garden/list_Greenhous_nonP.php on line 183
[30-May-2026 07:41:00] PHP Notice:  Undefined variable: add_abadi in /var/www/html/prof/Garden/list_Greenhous_nonP.php on line 183
[30-May-2026 07:41:00] PHP Notice:  Undefined variable: add_abadi in /var/www/html/prof/Garden/list_Greenhous_nonP.php on line 183
[30-May-2026 07:41:00] PHP Notice:  Undefined variable: add_abadi in /var/www/html/prof/Garden/list_Greenhous_nonP.php on line 183
[30-May-2026 07:41:00] PHP Notice:  Undefined variable: add_abadi in /var/www/html/prof/Garden/list_Greenhous_nonP.php on line 183
[30-May-2026 07:41:00] PHP Notice:  Undefined variable: add_abadi in /var/www/html/prof/Garden/list_Greenhous_nonP.php on line 183
[30-May-2026 07:41:00] PHP Notice:  Undefined variable: add_abadi in /var/www/html/prof/Garden/list_Greenhous_nonP.php on line 183
[30-May-2026 07:41:00] PHP Notice:  Undefined variable: add_abadi in /var/www/html/prof/Garden/list_Greenhous_nonP.php on line 183
[30-May-2026 07:41:00] PHP Notice:  Undefined variable: add_abadi in /var/www/html/prof/Garden/list_Greenhous_nonP.php on line 183
[30-May-2026 07:41:00] PHP Notice:  Undefined variable: add_abadi in /var/www/html/prof/Garden/list_Greenhous_nonP.php on line 183
[30-May-2026 07:41:00] PHP Notice:  Undefined variable: add_abadi in /var/www/html/prof/Garden/list_Greenhous_nonP.php on line 183
[30-May-2026 07:41:00] PHP Notice:  Undefined variable: add_abadi in /var/www/html/prof/Garden/list_Greenhous_nonP.php on line 183
[30-May-2026 07:41:00] PHP Notice:  Undefined variable: add_abadi in /var/www/html/prof/Garden/list_Greenhous_nonP.php on line 183
[30-May-2026 07:41:00] PHP Notice:  Undefined variable: add_abadi in /var/www/html/prof/Garden/list_Greenhous_nonP.php on line 183
[30-May-2026 07:41:00] PHP Notice:  Undefined variable: add_abadi in /var/www/html/prof/Garden/list_Greenhous_nonP.php on line 183
[30-May-2026 07:41:00] PHP Notice:  Undefined variable: add_abadi in /var/www/html/prof/Garden/list_Greenhous_nonP.php on line 183
[30-May-2026 07:41:00] PHP Notice:  Undefined variable: add_abadi in /var/www/html/prof/Garden/list_Greenhous_nonP.php on line 183
[30-May-2026 07:41:00] PHP Notice:  Undefined variable: add_abadi in /var/www/html/prof/Garden/list_Greenhous_nonP.php on line 183
[30-May-2026 07:41:00] PHP Notice:  Undefined variable: add_abadi in /var/www/html/prof/Garden/list_Greenhous_nonP.php on line 183
[30-May-2026 07:41:00] PHP Notice:  Undefined variable: add_abadi in /var/www/html/prof/Garden/list_Greenhous_nonP.php on line 183
[30-May-2026 07:41:00] PHP Notice:  Undefined variable: add_abadi in /var/www/html/prof/Garden/list_Greenhous_nonP.php on line 183
[30-May-2026 07:41:00] PHP Notice:  Undefined variable: add_abadi in /var/www/html/prof/Garden/list_Greenhous_nonP.php on line 183
[30-May-2026 07:41:00] PHP Notice:  Undefined variable: add_abadi in /var/www/html/prof/Garden/list_Greenhous_nonP.php on line 183
[30-May-2026 07:41:00] PHP Notice:  Undefined variable: add_abadi in /var/www/html/prof/Garden/list_Greenhous_nonP.php on line 183
[30-May-2026 07:41:00] PHP Notice:  Undefined variable: add_abadi in /var/www/html/prof/Garden/list_Greenhous_nonP.php on line 183
[30-May-2026 07:41:00] PHP Notice:  Undefined variable: add_abadi in /var/www/html/prof/Garden/list_Greenhous_nonP.php on line 183
[30-May-2026 07:41:00] PHP Notice:  Undefined variable: add_abadi in /var/www/html/prof/Garden/list_Greenhous_nonP.php on line 183
[30-May-2026 07:41:00] PHP Notice:  Undefined variable: add_abadi in /var/www/html/prof/Garden/list_Greenhous_nonP.php on line 183
[30-May-2026 07:41:00] PHP Notice:  Undefined variable: add_abadi in /var/www/html/prof/Garden/list_Greenhous_nonP.php on line 183
[30-May-2026 07:41:00] PHP Notice:  Undefined variable: add_abadi in /var/www/html/prof/Garden/list_Greenhous_nonP.php on line 183
[30-May-2026 07:41:00] PHP Notice:  Undefined variable: add_abadi in /var/www/html/prof/Garden/list_Greenhous_nonP.php on line 183
[30-May-2026 07:41:00] PHP Notice:  Undefined variable: add_abadi in /var/www/html/prof/Garden/list_Greenhous_nonP.php on line 183
[30-May-2026 07:41:00] PHP Notice:  Undefined variable: add_abadi in /var/www/html/prof/Garden/list_Greenhous_nonP.php on line 183
[30-May-2026 07:41:00] PHP Notice:  Undefined variable: add_abadi in /var/www/html/prof/Garden/list_Greenhous_nonP.php on line 183
[30-May-2026 07:41:00] PHP Notice:  Undefined variable: add_abadi in /var/www/html/prof/Garden/list_Greenhous_nonP.php on line 183
[30-May-2026 07:41:00] PHP Notice:  Undefined variable: add_abadi in /var/www/html/prof/Garden/list_Greenhous_nonP.php on line 183
[30-May-2026 07:41:00] PHP Notice:  Undefined variable: add_abadi in /var/www/html/prof/Garden/list_Greenhous_nonP.php on line 183
[30-May-2026 07:41:00] PHP Notice:  Undefined variable: add_abadi in /var/www/html/prof/Garden/list_Greenhous_nonP.php on line 183
[30-May-2026 07:41:00] PHP Notice:  Undefined variable: add_abadi in /var/www/html/prof/Garden/list_Greenhous_nonP.php on line 183
[30-May-2026 07:41:00] PHP Notice:  Undefined variable: add_abadi in /var/www/html/prof/Garden/list_Greenhous_nonP.php on line 183
[30-May-2026 07:41:00] PHP Notice:  Undefined variable: add_abadi in /var/www/html/prof/Garden/list_Greenhous_nonP.php on line 183
[30-May-2026 07:41:00] PHP Notice:  Undefined variable: add_abadi in /var/www/html/prof/Garden/list_Greenhous_nonP.php on line 183
[30-May-2026 07:41:00] PHP Notice:  Undefined variable: add_abadi in /var/www/html/prof/Garden/list_Greenhous_nonP.php on line 183
[30-May-2026 07:41:00] PHP Notice:  Undefined variable: add_abadi in /var/www/html/prof/Garden/list_Greenhous_nonP.php on line 183
[30-May-2026 07:41:00] PHP Notice:  Undefined variable: add_abadi in /var/www/html/prof/Garden/list_Greenhous_nonP.php on line 183
[30-May-2026 07:41:00] PHP Notice:  Undefined variable: add_abadi in /var/www/html/prof/Garden/list_Greenhous_nonP.php on line 183
[30-May-2026 07:41:00] PHP Notice:  Undefined variable: add_abadi in /var/www/html/prof/Garden/list_Greenhous_nonP.php on line 183
[30-May-2026 07:41:00] PHP Notice:  Undefined variable: add_abadi in /var/www/html/prof/Garden/list_Greenhous_nonP.php on line 183
[30-May-2026 07:41:00] PHP Notice:  Undefined variable: add_abadi in /var/www/html/prof/Garden/list_Greenhous_nonP.php on line 183
[30-May-2026 07:41:00] PHP Notice:  Undefined variable: add_abadi in /var/www/html/prof/Garden/list_Greenhous_nonP.php on line 183
[30-May-2026 07:41:00] PHP Notice:  Undefined variable: add_abadi in /var/www/html/prof/Garden/list_Greenhous_nonP.php on line 183
[30-May-2026 07:41:00] PHP Notice:  Undefined variable: add_abadi in /var/www/html/prof/Garden/list_Greenhous_nonP.php on line 183
[30-May-2026 07:41:00] PHP Notice:  Undefined variable: add_abadi in /var/www/html/prof/Garden/list_Greenhous_nonP.php on line 183
[30-May-2026 07:41:00] PHP Notice:  Undefined variable: add_abadi in /var/www/html/prof/Garden/list_Greenhous_nonP.php on line 183
[30-May-2026 07:41:00] PHP Notice:  Undefined variable: add_abadi in /var/www/html/prof/Garden/list_Greenhous_nonP.php on line 183
[30-May-2026 07:41:00] PHP Notice:  Undefined variable: add_abadi in /var/www/html/prof/Garden/list_Greenhous_nonP.php on line 183
[30-May-2026 07:41:00] PHP Notice:  Undefined variable: add_abadi in /var/www/html/prof/Garden/list_Greenhous_nonP.php on line 183
[30-May-2026 07:41:00] PHP Notice:  Undefined variable: add_abadi in /var/www/html/prof/Garden/list_Greenhous_nonP.php on line 183
[30-May-2026 07:41:00] PHP Notice:  Undefined variable: add_abadi in /var/www/html/prof/Garden/list_Greenhous_nonP.php on line 183
[30-May-2026 07:41:00] PHP Notice:  Undefined variable: add_abadi in /var/www/html/prof/Garden/list_Greenhous_nonP.php on line 183
[30-May-2026 07:41:00] PHP Notice:  Undefined variable: add_abadi in /var/www/html/prof/Garden/list_Greenhous_nonP.php on line 183
[30-May-2026 07:41:00] PHP Notice:  Undefined variable: add_abadi in /var/www/html/prof/Garden/list_Greenhous_nonP.php on line 183
[30-May-2026 07:41:00] PHP Notice:  Undefined variable: add_abadi in /var/www/html/prof/Garden/list_Greenhous_nonP.php on line 183
[30-May-2026 07:41:00] PHP Notice:  Undefined variable: add_abadi in /var/www/html/prof/Garden/list_Greenhous_nonP.php on line 183
[30-May-2026 07:41:00] PHP Notice:  Undefined variable: add_abadi in /var/www/html/prof/Garden/list_Greenhous_nonP.php on line 183
[30-May-2026 07:41:00] PHP Notice:  Undefined variable: add_abadi in /var/www/html/prof/Garden/list_Greenhous_nonP.php on line 183
[30-May-2026 07:41:00] PHP Notice:  Undefined variable: add_abadi in /var/www/html/prof/Garden/list_Greenhous_nonP.php on line 183
[30-May-2026 07:41:00] PHP Notice:  Undefined variable: add_abadi in /var/www/html/prof/Garden/list_Greenhous_nonP.php on line 183
[30-May-2026 07:41:00] PHP Notice:  Undefined variable: add_abadi in /var/www/html/prof/Garden/list_Greenhous_nonP.php on line 183
[30-May-2026 07:41:00] PHP Notice:  Undefined variable: add_abadi in /var/www/html/prof/Garden/list_Greenhous_nonP.php on line 183
[30-May-2026 07:41:00] PHP Notice:  Undefined variable: add_abadi in /var/www/html/prof/Garden/list_Greenhous_nonP.php on line 183
[30-May-2026 07:41:00] PHP Notice:  Undefined variable: add_abadi in /var/www/html/prof/Garden/list_Greenhous_nonP.php on line 183
[30-May-2026 07:41:00] PHP Notice:  Undefined variable: add_abadi in /var/www/html/prof/Garden/list_Greenhous_nonP.php on line 183
[30-May-2026 07:41:00] PHP Notice:  Undefined variable: add_abadi in /var/www/html/prof/Garden/list_Greenhous_nonP.php on line 183
[30-May-2026 07:41:00] PHP Notice:  Undefined variable: add_abadi in /var/www/html/prof/Garden/list_Greenhous_nonP.php on line 183
[30-May-2026 07:41:00] PHP Notice:  Undefined variable: add_abadi in /var/www/html/prof/Garden/list_Greenhous_nonP.php on line 183
[30-May-2026 07:41:00] PHP Notice:  Undefined variable: add_abadi in /var/www/html/prof/Garden/list_Greenhous_nonP.php on line 183
[30-May-2026 07:41:00] PHP Notice:  Undefined variable: add_abadi in /var/www/html/prof/Garden/list_Greenhous_nonP.php on line 183
[30-May-2026 07:41:00] PHP Notice:  Undefined variable: add_abadi in /var/www/html/prof/Garden/list_Greenhous_nonP.php on line 183
[30-May-2026 07:41:00] PHP Notice:  Undefined variable: add_abadi in /var/www/html/prof/Garden/list_Greenhous_nonP.php on line 183
[30-May-2026 07:41:00] PHP Notice:  Undefined variable: add_abadi in /var/www/html/prof/Garden/list_Greenhous_nonP.php on line 183
[30-May-2026 07:41:00] PHP Notice:  Undefined variable: add_abadi in /var/www/html/prof/Garden/list_Greenhous_nonP.php on line 183
[30-May-2026 07:41:00] PHP Notice:  Undefined variable: add_abadi in /var/www/html/prof/Garden/list_Greenhous_nonP.php on line 183
[30-May-2026 07:41:00] PHP Notice:  Undefined variable: add_abadi in /var/www/html/prof/Garden/list_Greenhous_nonP.php on line 183
[30-May-2026 07:41:00] PHP Notice:  Undefined variable: add_abadi in /var/www/html/prof/Garden/list_Greenhous_nonP.php on line 183
[30-May-2026 07:41:00] PHP Notice:  Undefined variable: add_abadi in /var/www/html/prof/Garden/list_Greenhous_nonP.php on line 183
[30-May-2026 07:41:00] PHP Notice:  Undefined variable: add_abadi in /var/www/html/prof/Garden/list_Greenhous_nonP.php on line 183
[30-May-2026 07:41:00] PHP Notice:  Undefined variable: add_abadi in /var/www/html/prof/Garden/list_Greenhous_nonP.php on line 183
[30-May-2026 07:41:00] PHP Notice:  Undefined variable: add_abadi in /var/www/html/prof/Garden/list_Greenhous_nonP.php on line 183
[30-May-2026 07:41:00] PHP Notice:  Undefined variable: add_abadi in /var/www/html/prof/Garden/list_Greenhous_nonP.php on line 183
[30-May-2026 07:41:00] PHP Notice:  Undefined variable: add_abadi in /var/www/html/prof/Garden/list_Greenhous_nonP.php on line 183
[30-May-2026 07:41:00] PHP Notice:  Undefined variable: add_abadi in /var/www/html/prof/Garden/list_Greenhous_nonP.php on line 183
[30-May-2026 07:41:00] PHP Notice:  Undefined variable: add_abadi in /var/www/html/prof/Garden/list_Greenhous_nonP.php on line 183
[30-May-2026 07:41:00] PHP Notice:  Undefined variable: add_city in /var/www/html/prof/Garden/list_Greenhous_nonP.php on line 217
[30-May-2026 07:41:00] PHP Notice:  Undefined variable: add_city in /var/www/html/prof/Garden/list_Greenhous_nonP.php on line 217
[30-May-2026 07:41:00] PHP Notice:  Undefined variable: m_cod_m in /var/www/html/prof/Garden/list_Greenhous_nonP.php on line 224
[30-May-2026 07:41:00] PHP Notice:  Undefined variable: bah_cod_m in /var/www/html/prof/Garden/list_Greenhous_nonP.php on line 228
[30-May-2026 07:41:00] PHP Notice:  Undefined variable: sys_kesh in /var/www/html/prof/Garden/list_Greenhous_nonP.php on line 236
[30-May-2026 07:41:00] PHP Notice:  Undefined variable: sys_kesh in /var/www/html/prof/Garden/list_Greenhous_nonP.php on line 237
[30-May-2026 07:41:00] PHP Notice:  Undefined variable: sys_kesh in /var/www/html/prof/Garden/list_Greenhous_nonP.php on line 238
[30-May-2026 07:41:00] PHP Notice:  Undefined variable: no_kesht in /var/www/html/prof/Garden/list_Greenhous_nonP.php on line 246
[30-May-2026 07:41:00] PHP Notice:  Undefined variable: no_kesht in /var/www/html/prof/Garden/list_Greenhous_nonP.php on line 247
[30-May-2026 07:41:00] PHP Notice:  Undefined variable: no_gol in /var/www/html/prof/Garden/list_Greenhous_nonP.php on line 257
[30-May-2026 07:41:00] PHP Notice:  Undefined variable: no_gol in /var/www/html/prof/Garden/list_Greenhous_nonP.php on line 258
[30-May-2026 07:41:00] PHP Notice:  Undefined variable: no_gol in /var/www/html/prof/Garden/list_Greenhous_nonP.php on line 259
[30-May-2026 07:41:00] PHP Notice:  Undefined variable: no_gol in /var/www/html/prof/Garden/list_Greenhous_nonP.php on line 260
[30-May-2026 07:41:00] PHP Notice:  Undefined variable: no_saz in /var/www/html/prof/Garden/list_Greenhous_nonP.php on line 267
[30-May-2026 07:41:00] PHP Notice:  Undefined variable: no_saz in /var/www/html/prof/Garden/list_Greenhous_nonP.php on line 268
[30-May-2026 07:41:00] PHP Notice:  Undefined variable: no_saz in /var/www/html/prof/Garden/list_Greenhous_nonP.php on line 269
[30-May-2026 07:41:00] PHP Notice:  Undefined variable: no_saz in /var/www/html/prof/Garden/list_Greenhous_nonP.php on line 270
[30-May-2026 07:41:00] PHP Notice:  Undefined variable: sys_hot in /var/www/html/prof/Garden/list_Greenhous_nonP.php on line 279
[30-May-2026 07:41:00] PHP Notice:  Undefined variable: sys_hot in /var/www/html/prof/Garden/list_Greenhous_nonP.php on line 280
[30-May-2026 07:41:00] PHP Notice:  Undefined variable: sys_hot in /var/www/html/prof/Garden/list_Greenhous_nonP.php on line 281
[30-May-2026 07:41:00] PHP Notice:  Undefined variable: no_moj in /var/www/html/prof/Garden/list_Greenhous_nonP.php on line 288
[30-May-2026 07:41:00] PHP Notice:  Undefined variable: no_moj in /var/www/html/prof/Garden/list_Greenhous_nonP.php on line 289
[30-May-2026 07:41:00] PHP Notice:  Undefined variable: no_moj in /var/www/html/prof/Garden/list_Greenhous_nonP.php on line 290
[30-May-2026 07:41:00] PHP Notice:  Undefined variable: no_moj in /var/www/html/prof/Garden/list_Greenhous_nonP.php on line 291
[30-May-2026 07:41:00] PHP Notice:  Undefined variable: no_moj in /var/www/html/prof/Garden/list_Greenhous_nonP.php on line 292
[30-May-2026 07:41:00] PHP Notice:  Undefined variable: query1 in /var/www/html/prof/Garden/list_Greenhous_nonP.php on line 450
[30-May-2026 07:41:00] PHP Notice:  Undefined variable: limit in /var/www/html/prof/Garden/list_Greenhous_nonP.php on line 453
[30-May-2026 07:41:00] PHP Warning:  Division by zero in /var/www/html/prof/Garden/list_Greenhous_nonP.php on line 453
[30-May-2026 07:41:00] PHP Notice:  Undefined variable: id in /var/www/html/prof/Garden/list_Greenhous_nonP.php on line 454
[30-May-2026 07:41:00] PHP Notice:  Undefined variable: id in /var/www/html/prof/Garden/list_Greenhous_nonP.php on line 479
[30-May-2026 07:41:00] PHP Notice:  Undefined variable: bah_cod_m in /var/www/html/prof/Garden/Greenhous_prodi.php on line 34
[30-May-2026 07:41:00] PHP Notice:  Undefined variable: mess in /var/www/html/prof/Garden/Greenhous_prodi.php on line 34
[30-May-2026 07:41:00] PHP Notice:  Undefined variable: unit_id in /var/www/html/prof/Garden/Greenhous_prodi.php on line 35
[30-May-2026 07:41:00] PHP Notice:  Undefined variable: y_prod in /var/www/html/prof/Garden/Greenhous_prodi.php on line 36
[30-May-2026 07:41:00] PHP Notice:  Undefined variable: v_unit in /var/www/html/prof/Garden/Greenhous_prodi.php on line 37
[30-May-2026 07:41:00] PHP Notice:  Undefined variable: t_mah in /var/www/html/prof/Garden/Greenhous_prodi.php on line 38
[30-May-2026 07:41:00] PHP Notice:  Undefined variable: t_mah in /var/www/html/prof/Garden/Greenhous_prodi.php on line 39
[30-May-2026 07:41:00] PHP Notice:  Undefined variable: t_mah in /var/www/html/prof/Garden/Greenhous_prodi.php on line 40
[30-May-2026 07:41:00] PHP Notice:  Undefined variable: bah_cod_m in /var/www/html/prof/Garden/Greenhous_prodi.php on line 141
[30-May-2026 07:41:00] PHP Notice:  Undefined variable: bah_cod_m in /var/www/html/prof/Garden/Greenhous_prodi.php on line 150
[30-May-2026 07:41:00] PHP Notice:  Undefined variable: y_prod in /var/www/html/prof/Garden/Greenhous_prodi.php on line 174
[30-May-2026 07:41:00] PHP Notice:  Undefined variable: v_unit in /var/www/html/prof/Garden/Greenhous_prodi.php on line 183
[30-May-2026 07:41:00] PHP Notice:  Undefined variable: v_unit in /var/www/html/prof/Garden/Greenhous_prodi.php on line 184
[30-May-2026 07:41:00] PHP Notice:  Undefined variable: v_unit in /var/www/html/prof/Garden/Greenhous_prodi.php on line 185
[30-May-2026 07:41:00] PHP Notice:  Undefined variable: v_unit in /var/www/html/prof/Garden/Greenhous_prodi.php on line 186
[30-May-2026 07:41:00] PHP Notice:  Undefined variable: row in /var/www/html/prof/Garden/Greenhous_prodi.php on line 197
[30-May-2026 07:41:00] PHP Notice:  Undefined variable: t_mah in /var/www/html/prof/Garden/Greenhous_prodi.php on line 212
[30-May-2026 07:41:00] PHP Notice:  Undefined variable: row in /var/www/html/prof/Garden/Greenhous_prodi.php on line 219
[30-May-2026 07:41:00] PHP Notice:  Undefined variable: add_abadi in /var/www/html/prof/Garden/Greenhous_prodi.php on line 222
[30-May-2026 07:41:00] PHP Notice:  Undefined variable: add_city in /var/www/html/prof/Garden/Greenhous_prodi.php on line 223
[30-May-2026 07:41:00] PHP Notice:  Undefined variable: mess in /var/www/html/prof/Garden/Greenhous_prodi.php on line 135
[30-May-2026 07:41:00] PHP Notice:  Undefined variable: add_abadi in /var/www/html/prof/Garden/Greenhous_prodi.php on line 222
[30-May-2026 07:41:00] PHP Notice:  Undefined variable: add_city in /var/www/html/prof/Garden/Greenhous_prodi.php on line 223
[30-May-2026 07:41:18] PHP Notice:  Undefined variable: mess in /var/www/html/prof/Garden/Greenhous_prodi.php on line 43
[30-May-2026 07:41:18] PHP Notice:  Undefined variable: mess in /var/www/html/prof/Garden/Greenhous_prodi.php on line 58
[30-May-2026 07:41:18] PHP Notice:  Undefined variable: mess in /var/www/html/prof/Garden/Greenhous_prodi.php on line 135
[30-May-2026 07:41:18] PHP Notice:  Undefined variable: add_abadi in /var/www/html/prof/Garden/Greenhous_prodi.php on line 222
[30-May-2026 07:41:18] PHP Notice:  Undefined variable: add_city in /var/www/html/prof/Garden/Greenhous_prodi.php on line 223
[30-May-2026 07:41:18] PHP Notice:  Undefined variable: t_mar in /var/www/html/prof/Garden/Greenh_prod.php on line 332
[30-May-2026 07:41:18] PHP Notice:  Undefined variable: z_dep in /var/www/html/prof/Garden/Greenh_prod.php on line 337
[30-May-2026 07:41:18] PHP Notice:  Undefined variable: t_zan in /var/www/html/prof/Garden/Greenh_prod.php on line 343
[30-May-2026 07:41:18] PHP Notice:  Undefined variable: lisan in /var/www/html/prof/Garden/Greenh_prod.php on line 347
[30-May-2026 07:41:18] PHP Notice:  Undefined variable: m_fani in /var/www/html/prof/Garden/Greenh_prod.php on line 355
[30-May-2026 07:41:18] PHP Notice:  Undefined variable: m_fani in /var/www/html/prof/Garden/Greenh_prod.php on line 356
[30-May-2026 07:41:18] PHP Notice:  Undefined variable: t_mar in /var/www/html/prof/Garden/Greenh_prod.php on line 361
[30-May-2026 07:41:18] PHP Notice:  Undefined variable: gar_ma in /var/www/html/prof/Garden/Greenh_prod.php on line 380
[30-May-2026 07:41:18] PHP Notice:  Undefined variable: gar_m in /var/www/html/prof/Garden/Greenh_prod.php on line 383
[30-May-2026 07:41:18] PHP Notice:  Undefined variable: gar_ja in /var/www/html/prof/Garden/Greenh_prod.php on line 386
[30-May-2026 07:41:18] PHP Notice:  Undefined variable: gar_j in /var/www/html/prof/Garden/Greenh_prod.php on line 389
[30-May-2026 07:41:18] PHP Notice:  Undefined variable: hash_ma in /var/www/html/prof/Garden/Greenh_prod.php on line 395
[30-May-2026 07:41:18] PHP Notice:  Undefined variable: hash_m in /var/www/html/prof/Garden/Greenh_prod.php on line 398
[30-May-2026 07:41:18] PHP Notice:  Undefined variable: hash_ja in /var/www/html/prof/Garden/Greenh_prod.php on line 401
[30-May-2026 07:41:18] PHP Notice:  Undefined variable: hash_j in /var/www/html/prof/Garden/Greenh_prod.php on line 404
[30-May-2026 07:41:18] PHP Notice:  Undefined variable: zof_ma in /var/www/html/prof/Garden/Greenh_prod.php on line 410
[30-May-2026 07:41:18] PHP Notice:  Undefined variable: zof_m in /var/www/html/prof/Garden/Greenh_prod.php on line 413
[30-May-2026 07:41:18] PHP Notice:  Undefined variable: zof_ja in /var/www/html/prof/Garden/Greenh_prod.php on line 416
[30-May-2026 07:41:18] PHP Notice:  Undefined variable: zof_j in /var/www/html/prof/Garden/Greenh_prod.php on line 419
[30-May-2026 07:41:18] PHP Notice:  Undefined variable: kod_h3_a in /var/www/html/prof/Garden/Greenh_prod.php on line 446
[30-May-2026 07:41:18] PHP Notice:  Undefined variable: kod_h3_m in /var/www/html/prof/Garden/Greenh_prod.php on line 449
[30-May-2026 07:41:18] PHP Notice:  Undefined variable: kod_h2_a in /var/www/html/prof/Garden/Greenh_prod.php on line 453
[30-May-2026 07:41:18] PHP Notice:  Undefined variable: kod_h2_m in /var/www/html/prof/Garden/Greenh_prod.php on line 456
[30-May-2026 07:41:18] PHP Notice:  Undefined variable: kod_h1_a in /var/www/html/prof/Garden/Greenh_prod.php on line 460
[30-May-2026 07:41:18] PHP Notice:  Undefined variable: kod_h1_m in /var/www/html/prof/Garden/Greenh_prod.php on line 463
[30-May-2026 07:41:18] PHP Notice:  Undefined variable: kod_sh3_a in /var/www/html/prof/Garden/Greenh_prod.php on line 470
[30-May-2026 07:41:18] PHP Notice:  Undefined variable: kod_sh3_m in /var/www/html/prof/Garden/Greenh_prod.php on line 473
[30-May-2026 07:41:18] PHP Notice:  Undefined variable: kod_sh2_a in /var/www/html/prof/Garden/Greenh_prod.php on line 477
[30-May-2026 07:41:18] PHP Notice:  Undefined variable: kod_sh2_m in /var/www/html/prof/Garden/Greenh_prod.php on line 480
[30-May-2026 07:41:18] PHP Notice:  Undefined variable: kod_sh1_a in /var/www/html/prof/Garden/Greenh_prod.php on line 484
[30-May-2026 07:41:18] PHP Notice:  Undefined variable: kod_sh1_m in /var/www/html/prof/Garden/Greenh_prod.php on line 487
[30-May-2026 07:41:18] PHP Notice:  Undefined variable: kod_bio3_a in /var/www/html/prof/Garden/Greenh_prod.php on line 494
[30-May-2026 07:41:18] PHP Notice:  Undefined variable: kod_bio3_m in /var/www/html/prof/Garden/Greenh_prod.php on line 497
[30-May-2026 07:41:18] PHP Notice:  Undefined variable: kod_bio2_a in /var/www/html/prof/Garden/Greenh_prod.php on line 501
[30-May-2026 07:41:18] PHP Notice:  Undefined variable: kod_bio2_m in /var/www/html/prof/Garden/Greenh_prod.php on line 504
[30-May-2026 07:41:18] PHP Notice:  Undefined variable: kod_bio1_a in /var/www/html/prof/Garden/Greenh_prod.php on line 508
[30-May-2026 07:41:18] PHP Notice:  Undefined variable: kod_bio1_m in /var/www/html/prof/Garden/Greenh_prod.php on line 511
[30-May-2026 07:41:18] PHP Notice:  Undefined variable: gazoil_m in /var/www/html/prof/Garden/Greenh_prod.php on line 545
[30-May-2026 07:41:18] PHP Notice:  Undefined variable: benz_m in /var/www/html/prof/Garden/Greenh_prod.php on line 548
[30-May-2026 07:41:18] PHP Notice:  Undefined variable: ab_m in /var/www/html/prof/Garden/Greenh_prod.php on line 551
[30-May-2026 07:41:18] PHP Notice:  Undefined variable: gazoil_a in /var/www/html/prof/Garden/Greenh_prod.php on line 567
[30-May-2026 07:41:18] PHP Notice:  Undefined variable: benz_a in /var/www/html/prof/Garden/Greenh_prod.php on line 570
[30-May-2026 07:41:18] PHP Notice:  Undefined variable: ab_a in /var/www/html/prof/Garden/Greenh_prod.php on line 573
[30-May-2026 07:41:18] PHP Notice:  Undefined variable: bazr_a in /var/www/html/prof/Garden/Greenh_prod.php on line 594
[30-May-2026 07:41:18] PHP Notice:  Undefined variable: bazr_m in /var/www/html/prof/Garden/Greenh_prod.php on line 598
[30-May-2026 07:41:18] PHP Notice:  Undefined variable: nesha_a in /var/www/html/prof/Garden/Greenh_prod.php on line 606
[30-May-2026 07:41:18] PHP Notice:  Undefined variable: nesha_m in /var/www/html/prof/Garden/Greenh_prod.php on line 611
[30-May-2026 07:41:18] PHP Notice:  Undefined variable: t_zgard in /var/www/html/prof/Garden/Greenh_prod.php on line 620
[30-May-2026 07:41:18] PHP Notice:  Undefined variable: t_hshekar in /var/www/html/prof/Garden/Greenh_prod.php on line 625
[30-May-2026 07:41:18] PHP Notice:  Undefined variable: b_say in /var/www/html/prof/Garden/Greenh_prod.php on line 647
[30-May-2026 07:41:18] PHP Notice:  Undefined variable: b_pet in /var/www/html/prof/Garden/Greenh_prod.php on line 650
[30-May-2026 07:41:18] PHP Notice:  Undefined variable: b_per in /var/www/html/prof/Garden/Greenh_prod.php on line 653
[30-May-2026 07:41:18] PHP Notice:  Undefined variable: b_mas in /var/www/html/prof/Garden/Greenh_prod.php on line 656
[30-May-2026 07:41:18] PHP Notice:  Undefined variable: b_coco in /var/www/html/prof/Garden/Greenh_prod.php on line 659
[30-May-2026 07:41:18] PHP Notice:  Undefined variable: id in /var/www/html/prof/Garden/Greenh_prod.php on line 697
[30-May-2026 07:41:18] PHP Notice:  Undefined variable: id in /var/www/html/prof/Garden/Greenh_prod.php on line 700
[30-May-2026 07:41:18] PHP Notice:  Undefined variable: id in /var/www/html/prof/Garden/Greenh_prod.php on line 713
[30-May-2026 07:41:18] PHP Notice:  Undefined variable: id in /var/www/html/prof/Garden/Greenh_prod.php on line 723
[30-May-2026 07:41:18] PHP Notice:  Undefined variable: mah_name in /var/www/html/prof/Garden/Greenh_prod.php on line 837
[30-May-2026 07:41:18] PHP Notice:  Undefined variable: mah_name in /var/www/html/prof/Garden/Greenh_prod.php on line 837
[30-May-2026 07:41:18] PHP Notice:  Undefined variable: number in /var/www/html/prof/Garden/Greenh_prod.php on line 887
[30-May-2026 07:41:20] PHP Notice:  Undefined index: bah_cod_m in /var/www/html/prof/Garden/Greenhous_prodi.php on line 9
[30-May-2026 07:41:20] PHP Notice:  Undefined index: unit_id in /var/www/html/prof/Garden/Greenhous_prodi.php on line 10
[30-May-2026 07:41:20] PHP Notice:  Undefined index: y_prod in /var/www/html/prof/Garden/Greenhous_prodi.php on line 14
[30-May-2026 07:41:20] PHP Notice:  Undefined index: v_unit in /var/www/html/prof/Garden/Greenhous_prodi.php on line 15
[30-May-2026 07:41:20] PHP Notice:  Undefined index: unit_id in /var/www/html/prof/Garden/Greenhous_prodi.php on line 16
[30-May-2026 07:41:20] PHP Notice:  Undefined index: num_bah in /var/www/html/prof/Garden/Greenhous_prodi.php on line 17
[30-May-2026 07:41:20] PHP Notice:  Undefined variable: mess in /var/www/html/prof/Garden/Greenhous_prodi.php on line 135
[30-May-2026 07:41:20] PHP Notice:  Undefined variable: row in /var/www/html/prof/Garden/Greenhous_prodi.php on line 197
[30-May-2026 07:41:20] PHP Notice:  Undefined variable: row in /var/www/html/prof/Garden/Greenhous_prodi.php on line 219
[30-May-2026 07:41:20] PHP Notice:  Undefined variable: add_abadi in /var/www/html/prof/Garden/Greenhous_prodi.php on line 222
[30-May-2026 07:41:20] PHP Notice:  Undefined variable: add_city in /var/www/html/prof/Garden/Greenhous_prodi.php on line 223
[30-May-2026 07:41:24] PHP Notice:  Undefined variable: mess in /var/www/html/prof/Garden/Greenhous_prodi.php on line 135
[30-May-2026 07:41:24] PHP Notice:  Undefined variable: add_abadi in /var/www/html/prof/Garden/Greenhous_prodi.php on line 222
[30-May-2026 07:41:24] PHP Notice:  Undefined variable: add_city in /var/www/html/prof/Garden/Greenhous_prodi.php on line 223
[30-May-2026 07:41:34] PHP Notice:  Undefined variable: mess in /var/www/html/prof/Garden/Greenhous_prodi.php on line 43
[30-May-2026 07:41:34] PHP Notice:  Undefined variable: mess in /var/www/html/prof/Garden/Greenhous_prodi.php on line 58
[30-May-2026 07:41:34] PHP Notice:  Undefined variable: mess in /var/www/html/prof/Garden/Greenhous_prodi.php on line 135
[30-May-2026 07:41:34] PHP Notice:  Undefined variable: add_abadi in /var/www/html/prof/Garden/Greenhous_prodi.php on line 222
[30-May-2026 07:41:34] PHP Notice:  Undefined variable: add_city in /var/www/html/prof/Garden/Greenhous_prodi.php on line 223
[30-May-2026 07:41:34] PHP Notice:  Undefined variable: t_mar in /var/www/html/prof/Garden/Greenh_prod.php on line 332
[30-May-2026 07:41:34] PHP Notice:  Undefined variable: z_dep in /var/www/html/prof/Garden/Greenh_prod.php on line 337
[30-May-2026 07:41:34] PHP Notice:  Undefined variable: t_zan in /var/www/html/prof/Garden/Greenh_prod.php on line 343
[30-May-2026 07:41:34] PHP Notice:  Undefined variable: lisan in /var/www/html/prof/Garden/Greenh_prod.php on line 347
[30-May-2026 07:41:34] PHP Notice:  Undefined variable: m_fani in /var/www/html/prof/Garden/Greenh_prod.php on line 355
[30-May-2026 07:41:34] PHP Notice:  Undefined variable: m_fani in /var/www/html/prof/Garden/Greenh_prod.php on line 356
[30-May-2026 07:41:34] PHP Notice:  Undefined variable: t_mar in /var/www/html/prof/Garden/Greenh_prod.php on line 361
[30-May-2026 07:41:34] PHP Notice:  Undefined variable: gar_ma in /var/www/html/prof/Garden/Greenh_prod.php on line 380
[30-May-2026 07:41:34] PHP Notice:  Undefined variable: gar_m in /var/www/html/prof/Garden/Greenh_prod.php on line 383
[30-May-2026 07:41:34] PHP Notice:  Undefined variable: gar_ja in /var/www/html/prof/Garden/Greenh_prod.php on line 386
[30-May-2026 07:41:34] PHP Notice:  Undefined variable: gar_j in /var/www/html/prof/Garden/Greenh_prod.php on line 389
[30-May-2026 07:41:34] PHP Notice:  Undefined variable: hash_ma in /var/www/html/prof/Garden/Greenh_prod.php on line 395
[30-May-2026 07:41:34] PHP Notice:  Undefined variable: hash_m in /var/www/html/prof/Garden/Greenh_prod.php on line 398
[30-May-2026 07:41:34] PHP Notice:  Undefined variable: hash_ja in /var/www/html/prof/Garden/Greenh_prod.php on line 401
[30-May-2026 07:41:34] PHP Notice:  Undefined variable: hash_j in /var/www/html/prof/Garden/Greenh_prod.php on line 404
[30-May-2026 07:41:34] PHP Notice:  Undefined variable: zof_ma in /var/www/html/prof/Garden/Greenh_prod.php on line 410
[30-May-2026 07:41:34] PHP Notice:  Undefined variable: zof_m in /var/www/html/prof/Garden/Greenh_prod.php on line 413
[30-May-2026 07:41:34] PHP Notice:  Undefined variable: zof_ja in /var/www/html/prof/Garden/Greenh_prod.php on line 416
[30-May-2026 07:41:34] PHP Notice:  Undefined variable: zof_j in /var/www/html/prof/Garden/Greenh_prod.php on line 419
[30-May-2026 07:41:34] PHP Notice:  Undefined variable: kod_h3_a in /var/www/html/prof/Garden/Greenh_prod.php on line 446
[30-May-2026 07:41:34] PHP Notice:  Undefined variable: kod_h3_m in /var/www/html/prof/Garden/Greenh_prod.php on line 449
[30-May-2026 07:41:34] PHP Notice:  Undefined variable: kod_h2_a in /var/www/html/prof/Garden/Greenh_prod.php on line 453
[30-May-2026 07:41:34] PHP Notice:  Undefined variable: kod_h2_m in /var/www/html/prof/Garden/Greenh_prod.php on line 456
[30-May-2026 07:41:34] PHP Notice:  Undefined variable: kod_h1_a in /var/www/html/prof/Garden/Greenh_prod.php on line 460
[30-May-2026 07:41:34] PHP Notice:  Undefined variable: kod_h1_m in /var/www/html/prof/Garden/Greenh_prod.php on line 463
[30-May-2026 07:41:34] PHP Notice:  Undefined variable: kod_sh3_a in /var/www/html/prof/Garden/Greenh_prod.php on line 470
[30-May-2026 07:41:34] PHP Notice:  Undefined variable: kod_sh3_m in /var/www/html/prof/Garden/Greenh_prod.php on line 473
[30-May-2026 07:41:34] PHP Notice:  Undefined variable: kod_sh2_a in /var/www/html/prof/Garden/Greenh_prod.php on line 477
[30-May-2026 07:41:34] PHP Notice:  Undefined variable: kod_sh2_m in /var/www/html/prof/Garden/Greenh_prod.php on line 480
[30-May-2026 07:41:34] PHP Notice:  Undefined variable: kod_sh1_a in /var/www/html/prof/Garden/Greenh_prod.php on line 484
[30-May-2026 07:41:34] PHP Notice:  Undefined variable: kod_sh1_m in /var/www/html/prof/Garden/Greenh_prod.php on line 487
[30-May-2026 07:41:34] PHP Notice:  Undefined variable: kod_bio3_a in /var/www/html/prof/Garden/Greenh_prod.php on line 494
[30-May-2026 07:41:34] PHP Notice:  Undefined variable: kod_bio3_m in /var/www/html/prof/Garden/Greenh_prod.php on line 497
[30-May-2026 07:41:34] PHP Notice:  Undefined variable: kod_bio2_a in /var/www/html/prof/Garden/Greenh_prod.php on line 501
[30-May-2026 07:41:34] PHP Notice:  Undefined variable: kod_bio2_m in /var/www/html/prof/Garden/Greenh_prod.php on line 504
[30-May-2026 07:41:34] PHP Notice:  Undefined variable: kod_bio1_a in /var/www/html/prof/Garden/Greenh_prod.php on line 508
[30-May-2026 07:41:34] PHP Notice:  Undefined variable: kod_bio1_m in /var/www/html/prof/Garden/Greenh_prod.php on line 511
[30-May-2026 07:41:34] PHP Notice:  Undefined variable: gazoil_m in /var/www/html/prof/Garden/Greenh_prod.php on line 545
[30-May-2026 07:41:34] PHP Notice:  Undefined variable: benz_m in /var/www/html/prof/Garden/Greenh_prod.php on line 548
[30-May-2026 07:41:34] PHP Notice:  Undefined variable: ab_m in /var/www/html/prof/Garden/Greenh_prod.php on line 551
[30-May-2026 07:41:34] PHP Notice:  Undefined variable: gazoil_a in /var/www/html/prof/Garden/Greenh_prod.php on line 567
[30-May-2026 07:41:34] PHP Notice:  Undefined variable: benz_a in /var/www/html/prof/Garden/Greenh_prod.php on line 570
[30-May-2026 07:41:34] PHP Notice:  Undefined variable: ab_a in /var/www/html/prof/Garden/Greenh_prod.php on line 573
[30-May-2026 07:41:34] PHP Notice:  Undefined variable: bazr_a in /var/www/html/prof/Garden/Greenh_prod.php on line 594
[30-May-2026 07:41:34] PHP Notice:  Undefined variable: bazr_m in /var/www/html/prof/Garden/Greenh_prod.php on line 598
[30-May-2026 07:41:34] PHP Notice:  Undefined variable: nesha_a in /var/www/html/prof/Garden/Greenh_prod.php on line 606
[30-May-2026 07:41:34] PHP Notice:  Undefined variable: nesha_m in /var/www/html/prof/Garden/Greenh_prod.php on line 611
[30-May-2026 07:41:34] PHP Notice:  Undefined variable: t_zgard in /var/www/html/prof/Garden/Greenh_prod.php on line 620
[30-May-2026 07:41:34] PHP Notice:  Undefined variable: t_hshekar in /var/www/html/prof/Garden/Greenh_prod.php on line 625
[30-May-2026 07:41:34] PHP Notice:  Undefined variable: b_say in /var/www/html/prof/Garden/Greenh_prod.php on line 647
[30-May-2026 07:41:34] PHP Notice:  Undefined variable: b_pet in /var/www/html/prof/Garden/Greenh_prod.php on line 650
[30-May-2026 07:41:34] PHP Notice:  Undefined variable: b_per in /var/www/html/prof/Garden/Greenh_prod.php on line 653
[30-May-2026 07:41:34] PHP Notice:  Undefined variable: b_mas in /var/www/html/prof/Garden/Greenh_prod.php on line 656
[30-May-2026 07:41:34] PHP Notice:  Undefined variable: b_coco in /var/www/html/prof/Garden/Greenh_prod.php on line 659
[30-May-2026 07:41:34] PHP Notice:  Undefined variable: id in /var/www/html/prof/Garden/Greenh_prod.php on line 697
[30-May-2026 07:41:34] PHP Notice:  Undefined variable: id in /var/www/html/prof/Garden/Greenh_prod.php on line 700
[30-May-2026 07:41:34] PHP Notice:  Undefined variable: id in /var/www/html/prof/Garden/Greenh_prod.php on line 713
[30-May-2026 07:41:34] PHP Notice:  Undefined variable: id in /var/www/html/prof/Garden/Greenh_prod.php on line 723
[30-May-2026 07:41:34] PHP Notice:  Undefined variable: mah_name in /var/www/html/prof/Garden/Greenh_prod.php on line 837
[30-May-2026 07:41:34] PHP Notice:  Undefined variable: mah_name in /var/www/html/prof/Garden/Greenh_prod.php on line 837
[30-May-2026 07:41:34] PHP Notice:  Undefined variable: number in /var/www/html/prof/Garden/Greenh_prod.php on line 887
[30-May-2026 07:41:38] PHP Notice:  Undefined index: m_poul in /var/www/html/prof/Garden/Garden_edit.php on line 6
[30-May-2026 07:41:38] PHP Notice:  Undefined variable: mess in /var/www/html/prof/Garden/Garden_edit.php on line 149
[30-May-2026 07:41:41] PHP Notice:  Undefined variable: mess in /var/www/html/prof/Garden/Garden_edit.php on line 46
[30-May-2026 07:41:41] PHP Notice:  Undefined variable: mess in /var/www/html/prof/Garden/Garden_edit.php on line 149
[30-May-2026 07:41:41] PHP Notice:  Undefined index: jens in /var/www/html/prof/Garden/Gardendata_edit.php on line 452
[30-May-2026 07:41:41] PHP Notice:  Undefined index: jens in /var/www/html/prof/Garden/Gardendata_edit.php on line 453
[30-May-2026 07:41:46] PHP Notice:  Undefined index: no_mush in /var/www/html/prof/Garden/list_Greenhous_nonP.php on line 19
[30-May-2026 07:41:46] PHP Notice:  Undefined index: m_ab in /var/www/html/prof/Garden/list_Greenhous_nonP.php on line 20
[30-May-2026 07:41:46] PHP Notice:  Undefined variable: id_ostan1 in /var/www/html/prof/Garden/list_Greenhous_nonP.php on line 138
[30-May-2026 07:41:46] PHP Notice:  Undefined index: no_bah in /var/www/html/prof/Garden/list_Greenhous_nonP.php on line 437
[30-May-2026 07:41:46] PHP Notice:  Undefined index: no_bah in /var/www/html/prof/Garden/list_Greenhous_nonP.php on line 437
[30-May-2026 07:41:46] PHP Notice:  Undefined index: no_bah in /var/www/html/prof/Garden/list_Greenhous_nonP.php on line 437
[30-May-2026 07:41:46] PHP Notice:  Undefined index: no_bah in /var/www/html/prof/Garden/list_Greenhous_nonP.php on line 437
[30-May-2026 07:41:46] PHP Notice:  Undefined index: no_bah in /var/www/html/prof/Garden/list_Greenhous_nonP.php on line 437
[30-May-2026 07:41:46] PHP Notice:  Undefined index: no_bah in /var/www/html/prof/Garden/list_Greenhous_nonP.php on line 437
[30-May-2026 07:41:46] PHP Notice:  Undefined index: no_bah in /var/www/html/prof/Garden/list_Greenhous_nonP.php on line 437
[30-May-2026 07:41:46] PHP Notice:  Undefined index: no_bah in /var/www/html/prof/Garden/list_Greenhous_nonP.php on line 437
[30-May-2026 07:41:46] PHP Notice:  Undefined index: no_bah in /var/www/html/prof/Garden/list_Greenhous_nonP.php on line 437
[30-May-2026 07:41:46] PHP Notice:  Undefined index: no_bah in /var/www/html/prof/Garden/list_Greenhous_nonP.php on line 437
[30-May-2026 07:41:46] PHP Notice:  Undefined index: no_bah in /var/www/html/prof/Garden/list_Greenhous_nonP.php on line 437
[30-May-2026 07:41:46] PHP Notice:  Undefined index: no_bah in /var/www/html/prof/Garden/list_Greenhous_nonP.php on line 437
[30-May-2026 07:41:46] PHP Notice:  Undefined index: no_bah in /var/www/html/prof/Garden/list_Greenhous_nonP.php on line 437
[30-May-2026 07:41:46] PHP Notice:  Undefined index: no_bah in /var/www/html/prof/Garden/list_Greenhous_nonP.php on line 437
[30-May-2026 07:41:46] PHP Notice:  Undefined index: no_bah in /var/www/html/prof/Garden/list_Greenhous_nonP.php on line 437
[30-May-2026 07:41:46] PHP Notice:  Undefined index: no_bah in /var/www/html/prof/Garden/list_Greenhous_nonP.php on line 437
[30-May-2026 07:41:46] PHP Notice:  Undefined index: no_bah in /var/www/html/prof/Garden/list_Greenhous_nonP.php on line 437
[30-May-2026 07:41:46] PHP Notice:  Undefined index: no_bah in /var/www/html/prof/Garden/list_Greenhous_nonP.php on line 437
[30-May-2026 07:41:46] PHP Notice:  Undefined index: no_bah in /var/www/html/prof/Garden/list_Greenhous_nonP.php on line 437
[30-May-2026 07:41:46] PHP Notice:  Undefined index: no_bah in /var/www/html/prof/Garden/list_Greenhous_nonP.php on line 437
[30-May-2026 07:41:46] PHP Notice:  Undefined index: no_bah in /var/www/html/prof/Garden/list_Greenhous_nonP.php on line 437
[30-May-2026 07:41:46] PHP Notice:  Undefined index: no_bah in /var/www/html/prof/Garden/list_Greenhous_nonP.php on line 437
[30-May-2026 07:41:46] PHP Notice:  Undefined index: no_bah in /var/www/html/prof/Garden/list_Greenhous_nonP.php on line 437
[30-May-2026 07:41:46] PHP Notice:  Undefined index: no_bah in /var/www/html/prof/Garden/list_Greenhous_nonP.php on line 437
[30-May-2026 07:41:46] PHP Notice:  Undefined index: no_bah in /var/www/html/prof/Garden/list_Greenhous_nonP.php on line 437
[30-May-2026 07:41:46] PHP Notice:  Undefined variable: id in /var/www/html/prof/Garden/list_Greenhous_nonP.php on line 454
[30-May-2026 07:41:46] PHP Notice:  Undefined variable: id in /var/www/html/prof/Garden/list_Greenhous_nonP.php on line 479
[30-May-2026 07:41:46] PHP Notice:  Undefined variable: id in /var/www/html/prof/Garden/list_Greenhous_nonP.php on line 482
[30-May-2026 07:41:46] PHP Notice:  Undefined variable: id in /var/www/html/prof/Garden/list_Greenhous_nonP.php on line 507
[30-May-2026 07:41:46] PHP Notice:  Undefined variable: id in /var/www/html/prof/Garden/list_Greenhous_nonP.php on line 507
[30-May-2026 07:41:46] PHP Notice:  Undefined variable: id in /var/www/html/prof/Garden/list_Greenhous_nonP.php on line 507
[30-May-2026 07:41:46] PHP Notice:  Undefined variable: id in /var/www/html/prof/Garden/list_Greenhous_nonP.php on line 507
[30-May-2026 07:41:46] PHP Notice:  Undefined variable: id in /var/www/html/prof/Garden/list_Greenhous_nonP.php on line 507
[30-May-2026 07:41:49] PHP Notice:  Undefined index: bah_cod_m in /var/www/html/prof/Garden/manager_Garden.php on line 40
[30-May-2026 07:41:49] PHP Notice:  Undefined index: bah_cod_m in /var/www/html/prof/Garden/manager_Garden.php on line 40
[30-May-2026 07:41:50] PHP Notice:  Undefined index: bah_cod_m in /var/www/html/prof/Garden/Greenhous_prodi.php on line 9
[30-May-2026 07:41:50] PHP Notice:  Undefined index: unit_id in /var/www/html/prof/Garden/Greenhous_prodi.php on line 10
[30-May-2026 07:41:50] PHP Notice:  Undefined index: y_prod in /var/www/html/prof/Garden/Greenhous_prodi.php on line 14
[30-May-2026 07:41:50] PHP Notice:  Undefined index: v_unit in /var/www/html/prof/Garden/Greenhous_prodi.php on line 15
[30-May-2026 07:41:50] PHP Notice:  Undefined index: unit_id in /var/www/html/prof/Garden/Greenhous_prodi.php on line 16
[30-May-2026 07:41:50] PHP Notice:  Undefined index: num_bah in /var/www/html/prof/Garden/Greenhous_prodi.php on line 17
[30-May-2026 07:41:50] PHP Notice:  Undefined variable: mess in /var/www/html/prof/Garden/Greenhous_prodi.php on line 135
[30-May-2026 07:41:50] PHP Notice:  Undefined variable: row in /var/www/html/prof/Garden/Greenhous_prodi.php on line 197
[30-May-2026 07:41:50] PHP Notice:  Undefined variable: row in /var/www/html/prof/Garden/Greenhous_prodi.php on line 219
[30-May-2026 07:41:50] PHP Notice:  Undefined variable: id_city in /var/www/html/prof/Garden/Greenhous_prodi.php on line 221
[30-May-2026 07:41:50] PHP Notice:  Undefined variable: add_abadi in /var/www/html/prof/Garden/Greenhous_prodi.php on line 222
[30-May-2026 07:41:50] PHP Notice:  Undefined variable: add_city in /var/www/html/prof/Garden/Greenhous_prodi.php on line 223
[30-May-2026 07:41:55] PHP Notice:  Undefined variable: mess in /var/www/html/prof/Garden/Greenhous_prodi.php on line 135
[30-May-2026 07:41:55] PHP Notice:  Undefined variable: id_city in /var/www/html/prof/Garden/Greenhous_prodi.php on line 221
[30-May-2026 07:41:55] PHP Notice:  Undefined variable: add_abadi in /var/www/html/prof/Garden/Greenhous_prodi.php on line 222
[30-May-2026 07:41:55] PHP Notice:  Undefined variable: add_city in /var/www/html/prof/Garden/Greenhous_prodi.php on line 223
[30-May-2026 07:41:56] PHP Notice:  Undefined index: m_poul in /var/www/html/prof/Garden/Garden_edit.php on line 6
[30-May-2026 07:41:56] PHP Notice:  Undefined variable: id_page in /var/www/html/prof/Garden/Garden_edit.php on line 9
[30-May-2026 07:41:56] PHP Notice:  Undefined variable: mess in /var/www/html/prof/Garden/Garden_edit.php on line 149
[30-May-2026 07:42:00] PHP Notice:  Undefined variable: mess in /var/www/html/prof/Garden/Garden_edit.php on line 46
[30-May-2026 07:42:00] PHP Notice:  Undefined variable: mess in /var/www/html/prof/Garden/Garden_edit.php on line 149
[30-May-2026 07:42:00] PHP Notice:  Undefined index: jens in /var/www/html/prof/Garden/Gardendata_edit.php on line 452
[30-May-2026 07:42:00] PHP Notice:  Undefined index: jens in /var/www/html/prof/Garden/Gardendata_edit.php on line 453
[30-May-2026 07:42:00] PHP Notice:  Undefined index: bah_cod_m in /var/www/html/prof/Garden/Greenhous_prodi.php on line 9
[30-May-2026 07:42:00] PHP Notice:  Undefined index: unit_id in /var/www/html/prof/Garden/Greenhous_prodi.php on line 10
[30-May-2026 07:42:00] PHP Notice:  Undefined index: y_prod in /var/www/html/prof/Garden/Greenhous_prodi.php on line 14
[30-May-2026 07:42:00] PHP Notice:  Undefined index: v_unit in /var/www/html/prof/Garden/Greenhous_prodi.php on line 15
[30-May-2026 07:42:00] PHP Notice:  Undefined index: unit_id in /var/www/html/prof/Garden/Greenhous_prodi.php on line 16
[30-May-2026 07:42:00] PHP Notice:  Undefined index: num_bah in /var/www/html/prof/Garden/Greenhous_prodi.php on line 17
[30-May-2026 07:42:00] PHP Notice:  Undefined variable: mess in /var/www/html/prof/Garden/Greenhous_prodi.php on line 135
[30-May-2026 07:42:00] PHP Notice:  Undefined variable: row in /var/www/html/prof/Garden/Greenhous_prodi.php on line 197
[30-May-2026 07:42:00] PHP Notice:  Undefined variable: row in /var/www/html/prof/Garden/Greenhous_prodi.php on line 219
[30-May-2026 07:42:00] PHP Notice:  Undefined variable: add_abadi in /var/www/html/prof/Garden/Greenhous_prodi.php on line 222
[30-May-2026 07:42:00] PHP Notice:  Undefined variable: add_city in /var/www/html/prof/Garden/Greenhous_prodi.php on line 223
[30-May-2026 07:42:04] PHP Notice:  Undefined variable: mess in /var/www/html/prof/Garden/Greenhous_prodi.php on line 43
[30-May-2026 07:42:04] PHP Notice:  Undefined variable: mess in /var/www/html/prof/Garden/Greenhous_prodi.php on line 58
[30-May-2026 07:42:04] PHP Notice:  Undefined variable: mess in /var/www/html/prof/Garden/Greenhous_prodi.php on line 135
[30-May-2026 07:42:04] PHP Notice:  Undefined variable: id_city in /var/www/html/prof/Garden/Greenhous_prodi.php on line 221
[30-May-2026 07:42:04] PHP Notice:  Undefined variable: add_abadi in /var/www/html/prof/Garden/Greenhous_prodi.php on line 222
[30-May-2026 07:42:04] PHP Notice:  Undefined variable: add_city in /var/www/html/prof/Garden/Greenhous_prodi.php on line 223
[30-May-2026 07:42:04] PHP Notice:  Undefined variable: t_mar in /var/www/html/prof/Garden/Greenh_prod.php on line 332
[30-May-2026 07:42:04] PHP Notice:  Undefined variable: z_dep in /var/www/html/prof/Garden/Greenh_prod.php on line 337
[30-May-2026 07:42:04] PHP Notice:  Undefined variable: t_zan in /var/www/html/prof/Garden/Greenh_prod.php on line 343
[30-May-2026 07:42:04] PHP Notice:  Undefined variable: lisan in /var/www/html/prof/Garden/Greenh_prod.php on line 347
[30-May-2026 07:42:04] PHP Notice:  Undefined variable: m_fani in /var/www/html/prof/Garden/Greenh_prod.php on line 355
[30-May-2026 07:42:04] PHP Notice:  Undefined variable: m_fani in /var/www/html/prof/Garden/Greenh_prod.php on line 356
[30-May-2026 07:42:04] PHP Notice:  Undefined variable: t_mar in /var/www/html/prof/Garden/Greenh_prod.php on line 361
[30-May-2026 07:42:04] PHP Notice:  Undefined variable: gar_ma in /var/www/html/prof/Garden/Greenh_prod.php on line 380
[30-May-2026 07:42:04] PHP Notice:  Undefined variable: gar_m in /var/www/html/prof/Garden/Greenh_prod.php on line 383
[30-May-2026 07:42:04] PHP Notice:  Undefined variable: gar_ja in /var/www/html/prof/Garden/Greenh_prod.php on line 386
[30-May-2026 07:42:04] PHP Notice:  Undefined variable: gar_j in /var/www/html/prof/Garden/Greenh_prod.php on line 389
[30-May-2026 07:42:04] PHP Notice:  Undefined variable: hash_ma in /var/www/html/prof/Garden/Greenh_prod.php on line 395
[30-May-2026 07:42:04] PHP Notice:  Undefined variable: hash_m in /var/www/html/prof/Garden/Greenh_prod.php on line 398
[30-May-2026 07:42:04] PHP Notice:  Undefined variable: hash_ja in /var/www/html/prof/Garden/Greenh_prod.php on line 401
[30-May-2026 07:42:04] PHP Notice:  Undefined variable: hash_j in /var/www/html/prof/Garden/Greenh_prod.php on line 404
[30-May-2026 07:42:04] PHP Notice:  Undefined variable: zof_ma in /var/www/html/prof/Garden/Greenh_prod.php on line 410
[30-May-2026 07:42:04] PHP Notice:  Undefined variable: zof_m in /var/www/html/prof/Garden/Greenh_prod.php on line 413
[30-May-2026 07:42:04] PHP Notice:  Undefined variable: zof_ja in /var/www/html/prof/Garden/Greenh_prod.php on line 416
[30-May-2026 07:42:04] PHP Notice:  Undefined variable: zof_j in /var/www/html/prof/Garden/Greenh_prod.php on line 419
[30-May-2026 07:42:04] PHP Notice:  Undefined variable: kod_h3_a in /var/www/html/prof/Garden/Greenh_prod.php on line 446
[30-May-2026 07:42:04] PHP Notice:  Undefined variable: kod_h3_m in /var/www/html/prof/Garden/Greenh_prod.php on line 449
[30-May-2026 07:42:04] PHP Notice:  Undefined variable: kod_h2_a in /var/www/html/prof/Garden/Greenh_prod.php on line 453
[30-May-2026 07:42:04] PHP Notice:  Undefined variable: kod_h2_m in /var/www/html/prof/Garden/Greenh_prod.php on line 456
[30-May-2026 07:42:04] PHP Notice:  Undefined variable: kod_h1_a in /var/www/html/prof/Garden/Greenh_prod.php on line 460
[30-May-2026 07:42:04] PHP Notice:  Undefined variable: kod_h1_m in /var/www/html/prof/Garden/Greenh_prod.php on line 463
[30-May-2026 07:42:04] PHP Notice:  Undefined variable: kod_sh3_a in /var/www/html/prof/Garden/Greenh_prod.php on line 470
[30-May-2026 07:42:04] PHP Notice:  Undefined variable: kod_sh3_m in /var/www/html/prof/Garden/Greenh_prod.php on line 473
[30-May-2026 07:42:04] PHP Notice:  Undefined variable: kod_sh2_a in /var/www/html/prof/Garden/Greenh_prod.php on line 477
[30-May-2026 07:42:04] PHP Notice:  Undefined variable: kod_sh2_m in /var/www/html/prof/Garden/Greenh_prod.php on line 480
[30-May-2026 07:42:04] PHP Notice:  Undefined variable: kod_sh1_a in /var/www/html/prof/Garden/Greenh_prod.php on line 484
[30-May-2026 07:42:04] PHP Notice:  Undefined variable: kod_sh1_m in /var/www/html/prof/Garden/Greenh_prod.php on line 487
[30-May-2026 07:42:04] PHP Notice:  Undefined variable: kod_bio3_a in /var/www/html/prof/Garden/Greenh_prod.php on line 494
[30-May-2026 07:42:04] PHP Notice:  Undefined variable: kod_bio3_m in /var/www/html/prof/Garden/Greenh_prod.php on line 497
[30-May-2026 07:42:04] PHP Notice:  Undefined variable: kod_bio2_a in /var/www/html/prof/Garden/Greenh_prod.php on line 501
[30-May-2026 07:42:04] PHP Notice:  Undefined variable: kod_bio2_m in /var/www/html/prof/Garden/Greenh_prod.php on line 504
[30-May-2026 07:42:04] PHP Notice:  Undefined variable: kod_bio1_a in /var/www/html/prof/Garden/Greenh_prod.php on line 508
[30-May-2026 07:42:04] PHP Notice:  Undefined variable: kod_bio1_m in /var/www/html/prof/Garden/Greenh_prod.php on line 511
[30-May-2026 07:42:04] PHP Notice:  Undefined variable: barg_m in /var/www/html/prof/Garden/Greenh_prod.php on line 541
[30-May-2026 07:42:04] PHP Notice:  Undefined variable: gazoil_m in /var/www/html/prof/Garden/Greenh_prod.php on line 545
[30-May-2026 07:42:04] PHP Notice:  Undefined variable: benz_m in /var/www/html/prof/Garden/Greenh_prod.php on line 548
[30-May-2026 07:42:04] PHP Notice:  Undefined variable: ab_m in /var/www/html/prof/Garden/Greenh_prod.php on line 551
[30-May-2026 07:42:04] PHP Notice:  Undefined variable: barg_a in /var/www/html/prof/Garden/Greenh_prod.php on line 563
[30-May-2026 07:42:04] PHP Notice:  Undefined variable: gazoil_a in /var/www/html/prof/Garden/Greenh_prod.php on line 567
[30-May-2026 07:42:04] PHP Notice:  Undefined variable: benz_a in /var/www/html/prof/Garden/Greenh_prod.php on line 570
[30-May-2026 07:42:04] PHP Notice:  Undefined variable: ab_a in /var/www/html/prof/Garden/Greenh_prod.php on line 573
[30-May-2026 07:42:04] PHP Notice:  Undefined variable: bazr_a in /var/www/html/prof/Garden/Greenh_prod.php on line 594
[30-May-2026 07:42:04] PHP Notice:  Undefined variable: bazr_m in /var/www/html/prof/Garden/Greenh_prod.php on line 598
[30-May-2026 07:42:04] PHP Notice:  Undefined variable: nesha_a in /var/www/html/prof/Garden/Greenh_prod.php on line 606
[30-May-2026 07:42:04] PHP Notice:  Undefined variable: nesha_m in /var/www/html/prof/Garden/Greenh_prod.php on line 611
[30-May-2026 07:42:04] PHP Notice:  Undefined variable: t_zgard in /var/www/html/prof/Garden/Greenh_prod.php on line 620
[30-May-2026 07:42:04] PHP Notice:  Undefined variable: t_hshekar in /var/www/html/prof/Garden/Greenh_prod.php on line 625
[30-May-2026 07:42:04] PHP Notice:  Undefined variable: b_say in /var/www/html/prof/Garden/Greenh_prod.php on line 647
[30-May-2026 07:42:04] PHP Notice:  Undefined variable: b_pet in /var/www/html/prof/Garden/Greenh_prod.php on line 650
[30-May-2026 07:42:04] PHP Notice:  Undefined variable: b_per in /var/www/html/prof/Garden/Greenh_prod.php on line 653
[30-May-2026 07:42:04] PHP Notice:  Undefined variable: b_mas in /var/www/html/prof/Garden/Greenh_prod.php on line 656
[30-May-2026 07:42:04] PHP Notice:  Undefined variable: b_coco in /var/www/html/prof/Garden/Greenh_prod.php on line 659
[30-May-2026 07:42:04] PHP Notice:  Undefined variable: id in /var/www/html/prof/Garden/Greenh_prod.php on line 697
[30-May-2026 07:42:04] PHP Notice:  Undefined variable: id in /var/www/html/prof/Garden/Greenh_prod.php on line 700
[30-May-2026 07:42:04] PHP Notice:  Undefined variable: id in /var/www/html/prof/Garden/Greenh_prod.php on line 713
[30-May-2026 07:42:04] PHP Notice:  Undefined variable: id in /var/www/html/prof/Garden/Greenh_prod.php on line 713
[30-May-2026 07:42:04] PHP Notice:  Undefined variable: id in /var/www/html/prof/Garden/Greenh_prod.php on line 723
[30-May-2026 07:42:04] PHP Notice:  Undefined variable: mah_name in /var/www/html/prof/Garden/Greenh_prod.php on line 837
[30-May-2026 07:42:04] PHP Notice:  Undefined variable: mah_name in /var/www/html/prof/Garden/Greenh_prod.php on line 837
[30-May-2026 07:42:04] PHP Notice:  Undefined variable: mah_name in /var/www/html/prof/Garden/Greenh_prod.php on line 837
[30-May-2026 07:42:04] PHP Notice:  Undefined variable: mah_name in /var/www/html/prof/Garden/Greenh_prod.php on line 837
[30-May-2026 07:42:04] PHP Notice:  Undefined variable: number in /var/www/html/prof/Garden/Greenh_prod.php on line 887
[30-May-2026 07:42:05] PHP Notice:  Undefined variable: mess in /var/www/html/prof/Garden/Greenhous_prodi.php on line 135
[30-May-2026 07:42:05] PHP Notice:  Undefined variable: add_abadi in /var/www/html/prof/Garden/Greenhous_prodi.php on line 222
[30-May-2026 07:42:05] PHP Notice:  Undefined variable: add_city in /var/www/html/prof/Garden/Greenhous_prodi.php on line 223
[30-May-2026 07:42:14] PHP Notice:  Undefined variable: id in /var/www/html/prof/Garden/Greenh_prod.php on line 697
[30-May-2026 07:42:14] PHP Notice:  Undefined variable: id in /var/www/html/prof/Garden/Greenh_prod.php on line 700
[30-May-2026 07:42:14] PHP Notice:  Undefined variable: mah_name in /var/www/html/prof/Garden/Greenh_prod.php on line 837
[30-May-2026 07:42:14] PHP Notice:  Undefined variable: mah_name in /var/www/html/prof/Garden/Greenh_prod.php on line 837
[30-May-2026 07:42:14] PHP Notice:  Undefined variable: number in /var/www/html/prof/Garden/Greenh_prod.php on line 887
[30-May-2026 07:42:19] PHP Notice:  Undefined variable: mess in /var/www/html/prof/Garden/Greenhous_prodi.php on line 43
[30-May-2026 07:42:19] PHP Notice:  Undefined variable: mess in /var/www/html/prof/Garden/Greenhous_prodi.php on line 58
[30-May-2026 07:42:19] PHP Notice:  Undefined variable: mess in /var/www/html/prof/Garden/Greenhous_prodi.php on line 135
[30-May-2026 07:42:19] PHP Notice:  Undefined variable: add_abadi in /var/www/html/prof/Garden/Greenhous_prodi.php on line 222
[30-May-2026 07:42:19] PHP Notice:  Undefined variable: add_city in /var/www/html/prof/Garden/Greenhous_prodi.php on line 223
[30-May-2026 07:42:20] PHP Notice:  Undefined variable: t_mar in /var/www/html/prof/Garden/Greenh_prod.php on line 332
[30-May-2026 07:42:20] PHP Notice:  Undefined variable: z_dep in /var/www/html/prof/Garden/Greenh_prod.php on line 337
[30-May-2026 07:42:20] PHP Notice:  Undefined variable: t_zan in /var/www/html/prof/Garden/Greenh_prod.php on line 343
[30-May-2026 07:42:20] PHP Notice:  Undefined variable: lisan in /var/www/html/prof/Garden/Greenh_prod.php on line 347
[30-May-2026 07:42:20] PHP Notice:  Undefined variable: m_fani in /var/www/html/prof/Garden/Greenh_prod.php on line 355
[30-May-2026 07:42:20] PHP Notice:  Undefined variable: m_fani in /var/www/html/prof/Garden/Greenh_prod.php on line 356
[30-May-2026 07:42:20] PHP Notice:  Undefined variable: t_mar in /var/www/html/prof/Garden/Greenh_prod.php on line 361
[30-May-2026 07:42:20] PHP Notice:  Undefined variable: gar_ma in /var/www/html/prof/Garden/Greenh_prod.php on line 380
[30-May-2026 07:42:20] PHP Notice:  Undefined variable: gar_m in /var/www/html/prof/Garden/Greenh_prod.php on line 383
[30-May-2026 07:42:20] PHP Notice:  Undefined variable: gar_ja in /var/www/html/prof/Garden/Greenh_prod.php on line 386
[30-May-2026 07:42:20] PHP Notice:  Undefined variable: gar_j in /var/www/html/prof/Garden/Greenh_prod.php on line 389
[30-May-2026 07:42:20] PHP Notice:  Undefined variable: hash_ma in /var/www/html/prof/Garden/Greenh_prod.php on line 395
[30-May-2026 07:42:20] PHP Notice:  Undefined variable: hash_m in /var/www/html/prof/Garden/Greenh_prod.php on line 398
[30-May-2026 07:42:20] PHP Notice:  Undefined variable: hash_ja in /var/www/html/prof/Garden/Greenh_prod.php on line 401
[30-May-2026 07:42:20] PHP Notice:  Undefined variable: hash_j in /var/www/html/prof/Garden/Greenh_prod.php on line 404
[30-May-2026 07:42:20] PHP Notice:  Undefined variable: zof_ma in /var/www/html/prof/Garden/Greenh_prod.php on line 410
[30-May-2026 07:42:20] PHP Notice:  Undefined variable: zof_m in /var/www/html/prof/Garden/Greenh_prod.php on line 413
[30-May-2026 07:42:20] PHP Notice:  Undefined variable: zof_ja in /var/www/html/prof/Garden/Greenh_prod.php on line 416
[30-May-2026 07:42:20] PHP Notice:  Undefined variable: zof_j in /var/www/html/prof/Garden/Greenh_prod.php on line 419
[30-May-2026 07:42:20] PHP Notice:  Undefined variable: kod_h3_a in /var/www/html/prof/Garden/Greenh_prod.php on line 446
[30-May-2026 07:42:20] PHP Notice:  Undefined variable: kod_h3_m in /var/www/html/prof/Garden/Greenh_prod.php on line 449
[30-May-2026 07:42:20] PHP Notice:  Undefined variable: kod_h2_a in /var/www/html/prof/Garden/Greenh_prod.php on line 453
[30-May-2026 07:42:20] PHP Notice:  Undefined variable: kod_h2_m in /var/www/html/prof/Garden/Greenh_prod.php on line 456
[30-May-2026 07:42:20] PHP Notice:  Undefined variable: kod_h1_a in /var/www/html/prof/Garden/Greenh_prod.php on line 460
[30-May-2026 07:42:20] PHP Notice:  Undefined variable: kod_h1_m in /var/www/html/prof/Garden/Greenh_prod.php on line 463
[30-May-2026 07:42:20] PHP Notice:  Undefined variable: kod_sh3_a in /var/www/html/prof/Garden/Greenh_prod.php on line 470
[30-May-2026 07:42:20] PHP Notice:  Undefined variable: kod_sh3_m in /var/www/html/prof/Garden/Greenh_prod.php on line 473
[30-May-2026 07:42:20] PHP Notice:  Undefined variable: kod_sh2_a in /var/www/html/prof/Garden/Greenh_prod.php on line 477
[30-May-2026 07:42:20] PHP Notice:  Undefined variable: kod_sh2_m in /var/www/html/prof/Garden/Greenh_prod.php on line 480
[30-May-2026 07:42:20] PHP Notice:  Undefined variable: kod_sh1_a in /var/www/html/prof/Garden/Greenh_prod.php on line 484
[30-May-2026 07:42:20] PHP Notice:  Undefined variable: kod_sh1_m in /var/www/html/prof/Garden/Greenh_prod.php on line 487
[30-May-2026 07:42:20] PHP Notice:  Undefined variable: kod_bio3_a in /var/www/html/prof/Garden/Greenh_prod.php on line 494
[30-May-2026 07:42:20] PHP Notice:  Undefined variable: kod_bio3_m in /var/www/html/prof/Garden/Greenh_prod.php on line 497
[30-May-2026 07:42:20] PHP Notice:  Undefined variable: kod_bio2_a in /var/www/html/prof/Garden/Greenh_prod.php on line 501
[30-May-2026 07:42:20] PHP Notice:  Undefined variable: kod_bio2_m in /var/www/html/prof/Garden/Greenh_prod.php on line 504
[30-May-2026 07:42:20] PHP Notice:  Undefined variable: kod_bio1_a in /var/www/html/prof/Garden/Greenh_prod.php on line 508
[30-May-2026 07:42:20] PHP Notice:  Undefined variable: kod_bio1_m in /var/www/html/prof/Garden/Greenh_prod.php on line 511
[30-May-2026 07:42:20] PHP Notice:  Undefined variable: gazoil_m in /var/www/html/prof/Garden/Greenh_prod.php on line 545
[30-May-2026 07:42:20] PHP Notice:  Undefined variable: benz_m in /var/www/html/prof/Garden/Greenh_prod.php on line 548
[30-May-2026 07:42:20] PHP Notice:  Undefined variable: ab_m in /var/www/html/prof/Garden/Greenh_prod.php on line 551
[30-May-2026 07:42:20] PHP Notice:  Undefined variable: gazoil_a in /var/www/html/prof/Garden/Greenh_prod.php on line 567
[30-May-2026 07:42:20] PHP Notice:  Undefined variable: benz_a in /var/www/html/prof/Garden/Greenh_prod.php on line 570
[30-May-2026 07:42:20] PHP Notice:  Undefined variable: ab_a in /var/www/html/prof/Garden/Greenh_prod.php on line 573
[30-May-2026 07:42:20] PHP Notice:  Undefined variable: bazr_a in /var/www/html/prof/Garden/Greenh_prod.php on line 594
[30-May-2026 07:42:20] PHP Notice:  Undefined variable: bazr_m in /var/www/html/prof/Garden/Greenh_prod.php on line 598
[30-May-2026 07:42:20] PHP Notice:  Undefined variable: nesha_a in /var/www/html/prof/Garden/Greenh_prod.php on line 606
[30-May-2026 07:42:20] PHP Notice:  Undefined variable: nesha_m in /var/www/html/prof/Garden/Greenh_prod.php on line 611
[30-May-2026 07:42:20] PHP Notice:  Undefined variable: t_zgard in /var/www/html/prof/Garden/Greenh_prod.php on line 620
[30-May-2026 07:42:20] PHP Notice:  Undefined variable: t_hshekar in /var/www/html/prof/Garden/Greenh_prod.php on line 625
[30-May-2026 07:42:20] PHP Notice:  Undefined variable: b_say in /var/www/html/prof/Garden/Greenh_prod.php on line 647
[30-May-2026 07:42:20] PHP Notice:  Undefined variable: b_pet in /var/www/html/prof/Garden/Greenh_prod.php on line 650
[30-May-2026 07:42:20] PHP Notice:  Undefined variable: b_per in /var/www/html/prof/Garden/Greenh_prod.php on line 653
[30-May-2026 07:42:20] PHP Notice:  Undefined variable: b_mas in /var/www/html/prof/Garden/Greenh_prod.php on line 656
[30-May-2026 07:42:20] PHP Notice:  Undefined variable: b_coco in /var/www/html/prof/Garden/Greenh_prod.php on line 659
[30-May-2026 07:42:20] PHP Notice:  Undefined variable: id in /var/www/html/prof/Garden/Greenh_prod.php on line 697
[30-May-2026 07:42:20] PHP Notice:  Undefined variable: id in /var/www/html/prof/Garden/Greenh_prod.php on line 700
[30-May-2026 07:42:20] PHP Notice:  Undefined variable: id in /var/www/html/prof/Garden/Greenh_prod.php on line 713
[30-May-2026 07:42:20] PHP Notice:  Undefined variable: id in /var/www/html/prof/Garden/Greenh_prod.php on line 723
[30-May-2026 07:42:20] PHP Notice:  Undefined variable: mah_name in /var/www/html/prof/Garden/Greenh_prod.php on line 837
[30-May-2026 07:42:20] PHP Notice:  Undefined variable: mah_name in /var/www/html/prof/Garden/Greenh_prod.php on line 837
[30-May-2026 07:42:20] PHP Notice:  Undefined variable: number in /var/www/html/prof/Garden/Greenh_prod.php on line 887
[30-May-2026 07:42:32] PHP Notice:  Undefined variable: query1 in /var/www/html/prof/Garden/Garden_edit_T_new.php on line 457
[30-May-2026 07:42:32] PHP Notice:  Undefined variable: limit in /var/www/html/prof/Garden/Garden_edit_T_new.php on line 460
[30-May-2026 07:42:32] PHP Warning:  Division by zero in /var/www/html/prof/Garden/Garden_edit_T_new.php on line 460
[30-May-2026 07:42:32] PHP Notice:  Undefined variable: id in /var/www/html/prof/Garden/Garden_edit_T_new.php on line 486
[30-May-2026 07:42:32] PHP Notice:  Undefined variable: id in /var/www/html/prof/Garden/Garden_edit_T_new.php on line 487
[30-May-2026 07:42:32] PHP Notice:  Undefined variable: id in /var/www/html/prof/Garden/Garden_edit_T_new.php on line 492
[30-May-2026 07:42:32] PHP Notice:  Undefined variable: id in /var/www/html/prof/Garden/Garden_edit_T_new.php on line 538
[30-May-2026 07:42:36] PHP Notice:  Undefined index: bah_cod_m in /var/www/html/prof/Garden/manager_Garden.php on line 40
[30-May-2026 07:42:43] PHP Notice:  Undefined variable: query1 in /var/www/html/prof/Garden/Garden_edit_T_new.php on line 457
[30-May-2026 07:42:43] PHP Notice:  Undefined variable: limit in /var/www/html/prof/Garden/Garden_edit_T_new.php on line 460
[30-May-2026 07:42:43] PHP Warning:  Division by zero in /var/www/html/prof/Garden/Garden_edit_T_new.php on line 460
[30-May-2026 07:42:43] PHP Notice:  Undefined variable: id in /var/www/html/prof/Garden/Garden_edit_T_new.php on line 486
[30-May-2026 07:42:43] PHP Notice:  Undefined variable: id in /var/www/html/prof/Garden/Garden_edit_T_new.php on line 487
[30-May-2026 07:42:43] PHP Notice:  Undefined variable: id in /var/www/html/prof/Garden/Garden_edit_T_new.php on line 492
[30-May-2026 07:42:43] PHP Notice:  Undefined variable: id in /var/www/html/prof/Garden/Garden_edit_T_new.php on line 538
[30-May-2026 07:42:44] PHP Notice:  Undefined index: bah_cod_m in /var/www/html/prof/Garden/Greenhous_prodi.php on line 9
[30-May-2026 07:42:44] PHP Notice:  Undefined index: unit_id in /var/www/html/prof/Garden/Greenhous_prodi.php on line 10
[30-May-2026 07:42:44] PHP Notice:  Undefined index: y_prod in /var/www/html/prof/Garden/Greenhous_prodi.php on line 14
[30-May-2026 07:42:44] PHP Notice:  Undefined index: v_unit in /var/www/html/prof/Garden/Greenhous_prodi.php on line 15
[30-May-2026 07:42:44] PHP Notice:  Undefined index: unit_id in /var/www/html/prof/Garden/Greenhous_prodi.php on line 16
[30-May-2026 07:42:44] PHP Notice:  Undefined index: num_bah in /var/www/html/prof/Garden/Greenhous_prodi.php on line 17
[30-May-2026 07:42:44] PHP Notice:  Undefined variable: mess in /var/www/html/prof/Garden/Greenhous_prodi.php on line 135
[30-May-2026 07:42:44] PHP Notice:  Undefined variable: row in /var/www/html/prof/Garden/Greenhous_prodi.php on line 197
[30-May-2026 07:42:44] PHP Notice:  Undefined variable: row in /var/www/html/prof/Garden/Greenhous_prodi.php on line 219
[30-May-2026 07:42:44] PHP Notice:  Undefined variable: add_abadi in /var/www/html/prof/Garden/Greenhous_prodi.php on line 222
[30-May-2026 07:42:44] PHP Notice:  Undefined variable: add_city in /var/www/html/prof/Garden/Greenhous_prodi.php on line 223
[30-May-2026 07:42:49] PHP Notice:  Undefined index: m_poul in /var/www/html/prof/Garden/Garden_edit.php on line 6
[30-May-2026 07:42:49] PHP Notice:  Undefined variable: id_page in /var/www/html/prof/Garden/Garden_edit.php on line 9
[30-May-2026 07:42:49] PHP Notice:  Undefined variable: mess in /var/www/html/prof/Garden/Garden_edit.php on line 149
[30-May-2026 07:42:51] PHP Notice:  Undefined variable: mess in /var/www/html/prof/Garden/Garden_edit.php on line 46
[30-May-2026 07:42:51] PHP Notice:  Undefined variable: mess in /var/www/html/prof/Garden/Garden_edit.php on line 149
[30-May-2026 07:42:51] PHP Notice:  Undefined index: jens in /var/www/html/prof/Garden/Gardendata_edit.php on line 452
[30-May-2026 07:42:51] PHP Notice:  Undefined index: jens in /var/www/html/prof/Garden/Gardendata_edit.php on line 453
[30-May-2026 07:43:00] PHP Notice:  Undefined variable: id in /var/www/html/prof/Garden/Greenh_prod.php on line 697
[30-May-2026 07:43:00] PHP Notice:  Undefined variable: id in /var/www/html/prof/Garden/Greenh_prod.php on line 700
[30-May-2026 07:43:00] PHP Notice:  Undefined variable: mah_name in /var/www/html/prof/Garden/Greenh_prod.php on line 837
[30-May-2026 07:43:00] PHP Notice:  Undefined variable: mah_name in /var/www/html/prof/Garden/Greenh_prod.php on line 837
[30-May-2026 07:43:00] PHP Notice:  Undefined variable: number in /var/www/html/prof/Garden/Greenh_prod.php on line 887
[30-May-2026 07:43:01] PHP Notice:  Undefined index: bah_cod_m in /var/www/html/prof/Garden/manager_Garden.php on line 40
[30-May-2026 07:43:01] PHP Notice:  Undefined variable: query1 in /var/www/html/prof/Garden/Garden_edit_T_new.php on line 457
[30-May-2026 07:43:01] PHP Notice:  Undefined variable: limit in /var/www/html/prof/Garden/Garden_edit_T_new.php on line 460
[30-May-2026 07:43:01] PHP Warning:  Division by zero in /var/www/html/prof/Garden/Garden_edit_T_new.php on line 460
[30-May-2026 07:43:01] PHP Notice:  Undefined variable: id in /var/www/html/prof/Garden/Garden_edit_T_new.php on line 486
[30-May-2026 07:43:01] PHP Notice:  Undefined variable: id in /var/www/html/prof/Garden/Garden_edit_T_new.php on line 487
[30-May-2026 07:43:01] PHP Notice:  Undefined variable: id in /var/www/html/prof/Garden/Garden_edit_T_new.php on line 492
[30-May-2026 07:43:01] PHP Notice:  Undefined variable: id in /var/www/html/prof/Garden/Garden_edit_T_new.php on line 538
[30-May-2026 07:43:03] PHP Notice:  Undefined index: m_poul in /var/www/html/prof/Garden/Garden_edit.php on line 6
[30-May-2026 07:43:03] PHP Notice:  Undefined variable: mess in /var/www/html/prof/Garden/Garden_edit.php on line 149
[30-May-2026 07:43:03] PHP Notice:  Undefined variable: mess in /var/www/html/prof/Garden/Greenhous_prodi.php on line 135
[30-May-2026 07:43:03] PHP Notice:  Undefined variable: add_abadi in /var/www/html/prof/Garden/Greenhous_prodi.php on line 222
[30-May-2026 07:43:03] PHP Notice:  Undefined variable: add_city in /var/www/html/prof/Garden/Greenhous_prodi.php on line 223
[30-May-2026 07:43:05] PHP Notice:  Undefined variable: mess in /var/www/html/prof/Garden/Garden_edit.php on line 46
[30-May-2026 07:43:05] PHP Notice:  Undefined variable: mess in /var/www/html/prof/Garden/Garden_edit.php on line 149
[30-May-2026 07:43:05] PHP Notice:  Undefined index: jens in /var/www/html/prof/Garden/Gardendata_edit.php on line 452
[30-May-2026 07:43:05] PHP Notice:  Undefined index: jens in /var/www/html/prof/Garden/Gardendata_edit.php on line 453
[30-May-2026 07:43:06] PHP Notice:  Undefined variable: id in /var/www/html/prof/Garden/Greenh_prod.php on line 697
[30-May-2026 07:43:06] PHP Notice:  Undefined variable: id in /var/www/html/prof/Garden/Greenh_prod.php on line 700
[30-May-2026 07:43:06] PHP Notice:  Undefined variable: mah_name in /var/www/html/prof/Garden/Greenh_prod.php on line 837
[30-May-2026 07:43:06] PHP Notice:  Undefined variable: mah_name in /var/www/html/prof/Garden/Greenh_prod.php on line 837
[30-May-2026 07:43:06] PHP Notice:  Undefined variable: number in /var/www/html/prof/Garden/Greenh_prod.php on line 887
[30-May-2026 07:43:10] PHP Notice:  Undefined variable: y_prod in /var/www/html/prof/Garden/list_Greenhous_nonP.php on line 126
[30-May-2026 07:43:10] PHP Notice:  Undefined variable: y_prod in /var/www/html/prof/Garden/list_Greenhous_nonP.php on line 127
[30-May-2026 07:43:10] PHP Notice:  Undefined variable: y_prod in /var/www/html/prof/Garden/list_Greenhous_nonP.php on line 128
[30-May-2026 07:43:10] PHP Notice:  Undefined variable: y_prod in /var/www/html/prof/Garden/list_Greenhous_nonP.php on line 129
[30-May-2026 07:43:10] PHP Notice:  Undefined variable: id_ostan1 in /var/www/html/prof/Garden/list_Greenhous_nonP.php on line 138
[30-May-2026 07:43:10] PHP Notice:  Undefined variable: add_abadi in /var/www/html/prof/Garden/list_Greenhous_nonP.php on line 183
[30-May-2026 07:43:10] PHP Notice:  Undefined variable: add_abadi in /var/www/html/prof/Garden/list_Greenhous_nonP.php on line 183
[30-May-2026 07:43:10] PHP Notice:  Undefined variable: add_abadi in /var/www/html/prof/Garden/list_Greenhous_nonP.php on line 183
[30-May-2026 07:43:10] PHP Notice:  Undefined variable: add_abadi in /var/www/html/prof/Garden/list_Greenhous_nonP.php on line 183
[30-May-2026 07:43:10] PHP Notice:  Undefined variable: add_abadi in /var/www/html/prof/Garden/list_Greenhous_nonP.php on line 183
[30-May-2026 07:43:10] PHP Notice:  Undefined variable: add_abadi in /var/www/html/prof/Garden/list_Greenhous_nonP.php on line 183
[30-May-2026 07:43:10] PHP Notice:  Undefined variable: add_abadi in /var/www/html/prof/Garden/list_Greenhous_nonP.php on line 183
[30-May-2026 07:43:10] PHP Notice:  Undefined variable: add_abadi in /var/www/html/prof/Garden/list_Greenhous_nonP.php on line 183
[30-May-2026 07:43:10] PHP Notice:  Undefined variable: add_abadi in /var/www/html/prof/Garden/list_Greenhous_nonP.php on line 183
[30-May-2026 07:43:10] PHP Notice:  Undefined variable: add_abadi in /var/www/html/prof/Garden/list_Greenhous_nonP.php on line 183
[30-May-2026 07:43:10] PHP Notice:  Undefined variable: add_abadi in /var/www/html/prof/Garden/list_Greenhous_nonP.php on line 183
[30-May-2026 07:43:10] PHP Notice:  Undefined variable: add_abadi in /var/www/html/prof/Garden/list_Greenhous_nonP.php on line 183
[30-May-2026 07:43:10] PHP Notice:  Undefined variable: add_abadi in /var/www/html/prof/Garden/list_Greenhous_nonP.php on line 183
[30-May-2026 07:43:10] PHP Notice:  Undefined variable: add_abadi in /var/www/html/prof/Garden/list_Greenhous_nonP.php on line 183
[30-May-2026 07:43:10] PHP Notice:  Undefined variable: add_abadi in /var/www/html/prof/Garden/list_Greenhous_nonP.php on line 183
[30-May-2026 07:43:10] PHP Notice:  Undefined variable: add_abadi in /var/www/html/prof/Garden/list_Greenhous_nonP.php on line 183
[30-May-2026 07:43:10] PHP Notice:  Undefined variable: add_abadi in /var/www/html/prof/Garden/list_Greenhous_nonP.php on line 183
[30-May-2026 07:43:10] PHP Notice:  Undefined variable: add_abadi in /var/www/html/prof/Garden/list_Greenhous_nonP.php on line 183
[30-May-2026 07:43:10] PHP Notice:  Undefined variable: add_abadi in /var/www/html/prof/Garden/list_Greenhous_nonP.php on line 183
[30-May-2026 07:43:10] PHP Notice:  Undefined variable: add_abadi in /var/www/html/prof/Garden/list_Greenhous_nonP.php on line 183
[30-May-2026 07:43:10] PHP Notice:  Undefined variable: add_abadi in /var/www/html/prof/Garden/list_Greenhous_nonP.php on line 183
[30-May-2026 07:43:10] PHP Notice:  Undefined variable: add_abadi in /var/www/html/prof/Garden/list_Greenhous_nonP.php on line 183
[30-May-2026 07:43:10] PHP Notice:  Undefined variable: add_abadi in /var/www/html/prof/Garden/list_Greenhous_nonP.php on line 183
[30-May-2026 07:43:10] PHP Notice:  Undefined variable: add_abadi in /var/www/html/prof/Garden/list_Greenhous_nonP.php on line 183
[30-May-2026 07:43:10] PHP Notice:  Undefined variable: add_abadi in /var/www/html/prof/Garden/list_Greenhous_nonP.php on line 183
[30-May-2026 07:43:10] PHP Notice:  Undefined variable: add_abadi in /var/www/html/prof/Garden/list_Greenhous_nonP.php on line 183
[30-May-2026 07:43:10] PHP Notice:  Undefined variable: add_abadi in /var/www/html/prof/Garden/list_Greenhous_nonP.php on line 183
[30-May-2026 07:43:10] PHP Notice:  Undefined variable: add_abadi in /var/www/html/prof/Garden/list_Greenhous_nonP.php on line 183
[30-May-2026 07:43:10] PHP Notice:  Undefined variable: add_abadi in /var/www/html/prof/Garden/list_Greenhous_nonP.php on line 183
[30-May-2026 07:43:10] PHP Notice:  Undefined variable: add_abadi in /var/www/html/prof/Garden/list_Greenhous_nonP.php on line 183
[30-May-2026 07:43:10] PHP Notice:  Undefined variable: add_abadi in /var/www/html/prof/Garden/list_Greenhous_nonP.php on line 183
[30-May-2026 07:43:10] PHP Notice:  Undefined variable: add_abadi in /var/www/html/prof/Garden/list_Greenhous_nonP.php on line 183
[30-May-2026 07:43:10] PHP Notice:  Undefined variable: add_abadi in /var/www/html/prof/Garden/list_Greenhous_nonP.php on line 183
[30-May-2026 07:43:10] PHP Notice:  Undefined variable: add_abadi in /var/www/html/prof/Garden/list_Greenhous_nonP.php on line 183
[30-May-2026 07:43:10] PHP Notice:  Undefined variable: add_abadi in /var/www/html/prof/Garden/list_Greenhous_nonP.php on line 183
[30-May-2026 07:43:10] PHP Notice:  Undefined variable: add_abadi in /var/www/html/prof/Garden/list_Greenhous_nonP.php on line 183
[30-May-2026 07:43:10] PHP Notice:  Undefined variable: add_abadi in /var/www/html/prof/Garden/list_Greenhous_nonP.php on line 183
[30-May-2026 07:43:10] PHP Notice:  Undefined variable: add_abadi in /var/www/html/prof/Garden/list_Greenhous_nonP.php on line 183
[30-May-2026 07:43:10] PHP Notice:  Undefined variable: add_abadi in /var/www/html/prof/Garden/list_Greenhous_nonP.php on line 183
[30-May-2026 07:43:10] PHP Notice:  Undefined variable: add_abadi in /var/www/html/prof/Garden/list_Greenhous_nonP.php on line 183
[30-May-2026 07:43:10] PHP Notice:  Undefined variable: add_abadi in /var/www/html/prof/Garden/list_Greenhous_nonP.php on line 183
[30-May-2026 07:43:10] PHP Notice:  Undefined variable: add_abadi in /var/www/html/prof/Garden/list_Greenhous_nonP.php on line 183
[30-May-2026 07:43:10] PHP Notice:  Undefined variable: add_abadi in /var/www/html/prof/Garden/list_Greenhous_nonP.php on line 183
[30-May-2026 07:43:10] PHP Notice:  Undefined variable: add_abadi in /var/www/html/prof/Garden/list_Greenhous_nonP.php on line 183
[30-May-2026 07:43:10] PHP Notice:  Undefined variable: add_abadi in /var/www/html/prof/Garden/list_Greenhous_nonP.php on line 183
[30-May-2026 07:43:10] PHP Notice:  Undefined variable: add_abadi in /var/www/html/prof/Garden/list_Greenhous_nonP.php on line 183
[30-May-2026 07:43:10] PHP Notice:  Undefined variable: add_abadi in /var/www/html/prof/Garden/list_Greenhous_nonP.php on line 183
[30-May-2026 07:43:10] PHP Notice:  Undefined variable: add_abadi in /var/www/html/prof/Garden/list_Greenhous_nonP.php on line 183
[30-May-2026 07:43:10] PHP Notice:  Undefined variable: add_abadi in /var/www/html/prof/Garden/list_Greenhous_nonP.php on line 183
[30-May-2026 07:43:10] PHP Notice:  Undefined variable: add_abadi in /var/www/html/prof/Garden/list_Greenhous_nonP.php on line 183
[30-May-2026 07:43:10] PHP Notice:  Undefined variable: add_abadi in /var/www/html/prof/Garden/list_Greenhous_nonP.php on line 183
[30-May-2026 07:43:10] PHP Notice:  Undefined variable: add_abadi in /var/www/html/prof/Garden/list_Greenhous_nonP.php on line 183
[30-May-2026 07:43:10] PHP Notice:  Undefined variable: add_abadi in /var/www/html/prof/Garden/list_Greenhous_nonP.php on line 183
[30-May-2026 07:43:10] PHP Notice:  Undefined variable: add_abadi in /var/www/html/prof/Garden/list_Greenhous_nonP.php on line 183
[30-May-2026 07:43:10] PHP Notice:  Undefined variable: add_abadi in /var/www/html/prof/Garden/list_Greenhous_nonP.php on line 183
[30-May-2026 07:43:10] PHP Notice:  Undefined variable: add_abadi in /var/www/html/prof/Garden/list_Greenhous_nonP.php on line 183
[30-May-2026 07:43:10] PHP Notice:  Undefined variable: add_abadi in /var/www/html/prof/Garden/list_Greenhous_nonP.php on line 183
[30-May-2026 07:43:10] PHP Notice:  Undefined variable: add_abadi in /var/www/html/prof/Garden/list_Greenhous_nonP.php on line 183
[30-May-2026 07:43:10] PHP Notice:  Undefined variable: add_abadi in /var/www/html/prof/Garden/list_Greenhous_nonP.php on line 183
[30-May-2026 07:43:10] PHP Notice:  Undefined variable: add_abadi in /var/www/html/prof/Garden/list_Greenhous_nonP.php on line 183
[30-May-2026 07:43:10] PHP Notice:  Undefined variable: add_abadi in /var/www/html/prof/Garden/list_Greenhous_nonP.php on line 183
[30-May-2026 07:43:10] PHP Notice:  Undefined variable: add_abadi in /var/www/html/prof/Garden/list_Greenhous_nonP.php on line 183
[30-May-2026 07:43:10] PHP Notice:  Undefined variable: add_abadi in /var/www/html/prof/Garden/list_Greenhous_nonP.php on line 183
[30-May-2026 07:43:10] PHP Notice:  Undefined variable: add_abadi in /var/www/html/prof/Garden/list_Greenhous_nonP.php on line 183
[30-May-2026 07:43:10] PHP Notice:  Undefined variable: add_abadi in /var/www/html/prof/Garden/list_Greenhous_nonP.php on line 183
[30-May-2026 07:43:10] PHP Notice:  Undefined variable: add_abadi in /var/www/html/prof/Garden/list_Greenhous_nonP.php on line 183
[30-May-2026 07:43:10] PHP Notice:  Undefined variable: add_abadi in /var/www/html/prof/Garden/list_Greenhous_nonP.php on line 183
[30-May-2026 07:43:10] PHP Notice:  Undefined variable: add_abadi in /var/www/html/prof/Garden/list_Greenhous_nonP.php on line 183
[30-May-2026 07:43:10] PHP Notice:  Undefined variable: add_abadi in /var/www/html/prof/Garden/list_Greenhous_nonP.php on line 183
[30-May-2026 07:43:10] PHP Notice:  Undefined variable: add_abadi in /var/www/html/prof/Garden/list_Greenhous_nonP.php on line 183
[30-May-2026 07:43:10] PHP Notice:  Undefined variable: add_abadi in /var/www/html/prof/Garden/list_Greenhous_nonP.php on line 183
[30-May-2026 07:43:10] PHP Notice:  Undefined variable: add_abadi in /var/www/html/prof/Garden/list_Greenhous_nonP.php on line 183
[30-May-2026 07:43:10] PHP Notice:  Undefined variable: add_abadi in /var/www/html/prof/Garden/list_Greenhous_nonP.php on line 183
[30-May-2026 07:43:10] PHP Notice:  Undefined variable: add_abadi in /var/www/html/prof/Garden/list_Greenhous_nonP.php on line 183
[30-May-2026 07:43:10] PHP Notice:  Undefined variable: add_abadi in /var/www/html/prof/Garden/list_Greenhous_nonP.php on line 183
[30-May-2026 07:43:10] PHP Notice:  Undefined variable: add_abadi in /var/www/html/prof/Garden/list_Greenhous_nonP.php on line 183
[30-May-2026 07:43:10] PHP Notice:  Undefined variable: add_abadi in /var/www/html/prof/Garden/list_Greenhous_nonP.php on line 183
[30-May-2026 07:43:10] PHP Notice:  Undefined variable: add_abadi in /var/www/html/prof/Garden/list_Greenhous_nonP.php on line 183
[30-May-2026 07:43:10] PHP Notice:  Undefined variable: add_abadi in /var/www/html/prof/Garden/list_Greenhous_nonP.php on line 183
[30-May-2026 07:43:10] PHP Notice:  Undefined variable: add_abadi in /var/www/html/prof/Garden/list_Greenhous_nonP.php on line 183
[30-May-2026 07:43:10] PHP Notice:  Undefined variable: add_abadi in /var/www/html/prof/Garden/list_Greenhous_nonP.php on line 183
[30-May-2026 07:43:10] PHP Notice:  Undefined variable: add_abadi in /var/www/html/prof/Garden/list_Greenhous_nonP.php on line 183
[30-May-2026 07:43:10] PHP Notice:  Undefined variable: add_abadi in /var/www/html/prof/Garden/list_Greenhous_nonP.php on line 183
[30-May-2026 07:43:10] PHP Notice:  Undefined variable: add_abadi in /var/www/html/prof/Garden/list_Greenhous_nonP.php on line 183
[30-May-2026 07:43:10] PHP Notice:  Undefined variable: add_abadi in /var/www/html/prof/Garden/list_Greenhous_nonP.php on line 183
[30-May-2026 07:43:10] PHP Notice:  Undefined variable: add_abadi in /var/www/html/prof/Garden/list_Greenhous_nonP.php on line 183
[30-May-2026 07:43:10] PHP Notice:  Undefined variable: add_abadi in /var/www/html/prof/Garden/list_Greenhous_nonP.php on line 183
[30-May-2026 07:43:10] PHP Notice:  Undefined variable: add_abadi in /var/www/html/prof/Garden/list_Greenhous_nonP.php on line 183
[30-May-2026 07:43:10] PHP Notice:  Undefined variable: add_abadi in /var/www/html/prof/Garden/list_Greenhous_nonP.php on line 183
[30-May-2026 07:43:10] PHP Notice:  Undefined variable: add_abadi in /var/www/html/prof/Garden/list_Greenhous_nonP.php on line 183
[30-May-2026 07:43:10] PHP Notice:  Undefined variable: add_abadi in /var/www/html/prof/Garden/list_Greenhous_nonP.php on line 183
[30-May-2026 07:43:10] PHP Notice:  Undefined variable: add_abadi in /var/www/html/prof/Garden/list_Greenhous_nonP.php on line 183
[30-May-2026 07:43:10] PHP Notice:  Undefined variable: add_abadi in /var/www/html/prof/Garden/list_Greenhous_nonP.php on line 183
[30-May-2026 07:43:10] PHP Notice:  Undefined variable: add_abadi in /var/www/html/prof/Garden/list_Greenhous_nonP.php on line 183
[30-May-2026 07:43:10] PHP Notice:  Undefined variable: add_abadi in /var/www/html/prof/Garden/list_Greenhous_nonP.php on line 183
[30-May-2026 07:43:10] PHP Notice:  Undefined variable: add_abadi in /var/www/html/prof/Garden/list_Greenhous_nonP.php on line 183
[30-May-2026 07:43:10] PHP Notice:  Undefined variable: add_abadi in /var/www/html/prof/Garden/list_Greenhous_nonP.php on line 183
[30-May-2026 07:43:10] PHP Notice:  Undefined variable: add_abadi in /var/www/html/prof/Garden/list_Greenhous_nonP.php on line 183
[30-May-2026 07:43:10] PHP Notice:  Undefined variable: add_abadi in /var/www/html/prof/Garden/list_Greenhous_nonP.php on line 183
[30-May-2026 07:43:10] PHP Notice:  Undefined variable: add_abadi in /var/www/html/prof/Garden/list_Greenhous_nonP.php on line 183
[30-May-2026 07:43:10] PHP Notice:  Undefined variable: add_abadi in /var/www/html/prof/Garden/list_Greenhous_nonP.php on line 183
[30-May-2026 07:43:10] PHP Notice:  Undefined variable: add_abadi in /var/www/html/prof/Garden/list_Greenhous_nonP.php on line 183
[30-May-2026 07:43:10] PHP Notice:  Undefined variable: add_abadi in /var/www/html/prof/Garden/list_Greenhous_nonP.php on line 183
[30-May-2026 07:43:10] PHP Notice:  Undefined variable: add_abadi in /var/www/html/prof/Garden/list_Greenhous_nonP.php on line 183
[30-May-2026 07:43:10] PHP Notice:  Undefined variable: add_abadi in /var/www/html/prof/Garden/list_Greenhous_nonP.php on line 183
[30-May-2026 07:43:10] PHP Notice:  Undefined variable: add_abadi in /var/www/html/prof/Garden/list_Greenhous_nonP.php on line 183
[30-May-2026 07:43:10] PHP Notice:  Undefined variable: add_abadi in /var/www/html/prof/Garden/list_Greenhous_nonP.php on line 183
[30-May-2026 07:43:10] PHP Notice:  Undefined variable: add_abadi in /var/www/html/prof/Garden/list_Greenhous_nonP.php on line 183
[30-May-2026 07:43:10] PHP Notice:  Undefined variable: add_abadi in /var/www/html/prof/Garden/list_Greenhous_nonP.php on line 183
[30-May-2026 07:43:10] PHP Notice:  Undefined variable: add_abadi in /var/www/html/prof/Garden/list_Greenhous_nonP.php on line 183
[30-May-2026 07:43:10] PHP Notice:  Undefined variable: add_abadi in /var/www/html/prof/Garden/list_Greenhous_nonP.php on line 183
[30-May-2026 07:43:10] PHP Notice:  Undefined variable: add_abadi in /var/www/html/prof/Garden/list_Greenhous_nonP.php on line 183
[30-May-2026 07:43:10] PHP Notice:  Undefined variable: add_abadi in /var/www/html/prof/Garden/list_Greenhous_nonP.php on line 183
[30-May-2026 07:43:10] PHP Notice:  Undefined variable: add_abadi in /var/www/html/prof/Garden/list_Greenhous_nonP.php on line 183
[30-May-2026 07:43:10] PHP Notice:  Undefined variable: add_abadi in /var/www/html/prof/Garden/list_Greenhous_nonP.php on line 183
[30-May-2026 07:43:10] PHP Notice:  Undefined variable: add_abadi in /var/www/html/prof/Garden/list_Greenhous_nonP.php on line 183
[30-May-2026 07:43:10] PHP Notice:  Undefined variable: add_abadi in /var/www/html/prof/Garden/list_Greenhous_nonP.php on line 183
[30-May-2026 07:43:10] PHP Notice:  Undefined variable: add_abadi in /var/www/html/prof/Garden/list_Greenhous_nonP.php on line 183
[30-May-2026 07:43:10] PHP Notice:  Undefined variable: add_abadi in /var/www/html/prof/Garden/list_Greenhous_nonP.php on line 183
[30-May-2026 07:43:10] PHP Notice:  Undefined variable: add_abadi in /var/www/html/prof/Garden/list_Greenhous_nonP.php on line 183
[30-May-2026 07:43:10] PHP Notice:  Undefined variable: add_abadi in /var/www/html/prof/Garden/list_Greenhous_nonP.php on line 183
[30-May-2026 07:43:10] PHP Notice:  Undefined variable: add_abadi in /var/www/html/prof/Garden/list_Greenhous_nonP.php on line 183
[30-May-2026 07:43:10] PHP Notice:  Undefined variable: add_abadi in /var/www/html/prof/Garden/list_Greenhous_nonP.php on line 183
[30-May-2026 07:43:10] PHP Notice:  Undefined variable: add_abadi in /var/www/html/prof/Garden/list_Greenhous_nonP.php on line 183
[30-May-2026 07:43:10] PHP Notice:  Undefined variable: add_abadi in /var/www/html/prof/Garden/list_Greenhous_nonP.php on line 183
[30-May-2026 07:43:10] PHP Notice:  Undefined variable: add_abadi in /var/www/html/prof/Garden/list_Greenhous_nonP.php on line 183
[30-May-2026 07:43:10] PHP Notice:  Undefined variable: add_abadi in /var/www/html/prof/Garden/list_Greenhous_nonP.php on line 183
[30-May-2026 07:43:10] PHP Notice:  Undefined variable: add_abadi in /var/www/html/prof/Garden/list_Greenhous_nonP.php on line 183
[30-May-2026 07:43:10] PHP Notice:  Undefined variable: add_abadi in /var/www/html/prof/Garden/list_Greenhous_nonP.php on line 183
[30-May-2026 07:43:10] PHP Notice:  Undefined variable: add_abadi in /var/www/html/prof/Garden/list_Greenhous_nonP.php on line 183
[30-May-2026 07:43:10] PHP Notice:  Undefined variable: add_abadi in /var/www/html/prof/Garden/list_Greenhous_nonP.php on line 183
[30-May-2026 07:43:10] PHP Notice:  Undefined variable: add_abadi in /var/www/html/prof/Garden/list_Greenhous_nonP.php on line 183
[30-May-2026 07:43:10] PHP Notice:  Undefined variable: add_abadi in /var/www/html/prof/Garden/list_Greenhous_nonP.php on line 183
[30-May-2026 07:43:10] PHP Notice:  Undefined variable: add_abadi in /var/www/html/prof/Garden/list_Greenhous_nonP.php on line 183
[30-May-2026 07:43:10] PHP Notice:  Undefined variable: add_abadi in /var/www/html/prof/Garden/list_Greenhous_nonP.php on line 183
[30-May-2026 07:43:10] PHP Notice:  Undefined variable: add_abadi in /var/www/html/prof/Garden/list_Greenhous_nonP.php on line 183
[30-May-2026 07:43:10] PHP Notice:  Undefined variable: add_abadi in /var/www/html/prof/Garden/list_Greenhous_nonP.php on line 183
[30-May-2026 07:43:10] PHP Notice:  Undefined variable: add_abadi in /var/www/html/prof/Garden/list_Greenhous_nonP.php on line 183
[30-May-2026 07:43:10] PHP Notice:  Undefined variable: add_abadi in /var/www/html/prof/Garden/list_Greenhous_nonP.php on line 183
[30-May-2026 07:43:10] PHP Notice:  Undefined variable: add_abadi in /var/www/html/prof/Garden/list_Greenhous_nonP.php on line 183
[30-May-2026 07:43:10] PHP Notice:  Undefined variable: add_abadi in /var/www/html/prof/Garden/list_Greenhous_nonP.php on line 183
[30-May-2026 07:43:10] PHP Notice:  Undefined variable: add_abadi in /var/www/html/prof/Garden/list_Greenhous_nonP.php on line 183
[30-May-2026 07:43:10] PHP Notice:  Undefined variable: add_abadi in /var/www/html/prof/Garden/list_Greenhous_nonP.php on line 183
[30-May-2026 07:43:10] PHP Notice:  Undefined variable: add_abadi in /var/www/html/prof/Garden/list_Greenhous_nonP.php on line 183
[30-May-2026 07:43:10] PHP Notice:  Undefined variable: add_abadi in /var/www/html/prof/Garden/list_Greenhous_nonP.php on line 183
[30-May-2026 07:43:10] PHP Notice:  Undefined variable: add_abadi in /var/www/html/prof/Garden/list_Greenhous_nonP.php on line 183
[30-May-2026 07:43:10] PHP Notice:  Undefined variable: add_abadi in /var/www/html/prof/Garden/list_Greenhous_nonP.php on line 183
[30-May-2026 07:43:10] PHP Notice:  Undefined variable: add_abadi in /var/www/html/prof/Garden/list_Greenhous_nonP.php on line 183
[30-May-2026 07:43:10] PHP Notice:  Undefined variable: add_abadi in /var/www/html/prof/Garden/list_Greenhous_nonP.php on line 183
[30-May-2026 07:43:10] PHP Notice:  Undefined variable: add_abadi in /var/www/html/prof/Garden/list_Greenhous_nonP.php on line 183
[30-May-2026 07:43:10] PHP Notice:  Undefined variable: add_abadi in /var/www/html/prof/Garden/list_Greenhous_nonP.php on line 183
[30-May-2026 07:43:10] PHP Notice:  Undefined variable: add_abadi in /var/www/html/prof/Garden/list_Greenhous_nonP.php on line 183
[30-May-2026 07:43:10] PHP Notice:  Undefined variable: add_abadi in /var/www/html/prof/Garden/list_Greenhous_nonP.php on line 183
[30-May-2026 07:43:10] PHP Notice:  Undefined variable: add_abadi in /var/www/html/prof/Garden/list_Greenhous_nonP.php on line 183
[30-May-2026 07:43:10] PHP Notice:  Undefined variable: add_abadi in /var/www/html/prof/Garden/list_Greenhous_nonP.php on line 183
[30-May-2026 07:43:10] PHP Notice:  Undefined variable: add_abadi in /var/www/html/prof/Garden/list_Greenhous_nonP.php on line 183
[30-May-2026 07:43:10] PHP Notice:  Undefined variable: add_abadi in /var/www/html/prof/Garden/list_Greenhous_nonP.php on line 183
[30-May-2026 07:43:10] PHP Notice:  Undefined variable: add_abadi in /var/www/html/prof/Garden/list_Greenhous_nonP.php on line 183
[30-May-2026 07:43:10] PHP Notice:  Undefined variable: add_abadi in /var/www/html/prof/Garden/list_Greenhous_nonP.php on line 183
[30-May-2026 07:43:10] PHP Notice:  Undefined variable: add_abadi in /var/www/html/prof/Garden/list_Greenhous_nonP.php on line 183
[30-May-2026 07:43:10] PHP Notice:  Undefined variable: add_abadi in /var/www/html/prof/Garden/list_Greenhous_nonP.php on line 183
[30-May-2026 07:43:10] PHP Notice:  Undefined variable: add_abadi in /var/www/html/prof/Garden/list_Greenhous_nonP.php on line 183
[30-May-2026 07:43:10] PHP Notice:  Undefined variable: add_abadi in /var/www/html/prof/Garden/list_Greenhous_nonP.php on line 183
[30-May-2026 07:43:10] PHP Notice:  Undefined variable: add_abadi in /var/www/html/prof/Garden/list_Greenhous_nonP.php on line 183
[30-May-2026 07:43:10] PHP Notice:  Undefined variable: add_abadi in /var/www/html/prof/Garden/list_Greenhous_nonP.php on line 183
[30-May-2026 07:43:10] PHP Notice:  Undefined variable: add_abadi in /var/www/html/prof/Garden/list_Greenhous_nonP.php on line 183
[30-May-2026 07:43:10] PHP Notice:  Undefined variable: add_abadi in /var/www/html/prof/Garden/list_Greenhous_nonP.php on line 183
[30-May-2026 07:43:10] PHP Notice:  Undefined variable: add_abadi in /var/www/html/prof/Garden/list_Greenhous_nonP.php on line 183
[30-May-2026 07:43:10] PHP Notice:  Undefined variable: add_abadi in /var/www/html/prof/Garden/list_Greenhous_nonP.php on line 183
[30-May-2026 07:43:10] PHP Notice:  Undefined variable: add_abadi in /var/www/html/prof/Garden/list_Greenhous_nonP.php on line 183
[30-May-2026 07:43:10] PHP Notice:  Undefined variable: add_abadi in /var/www/html/prof/Garden/list_Greenhous_nonP.php on line 183
[30-May-2026 07:43:10] PHP Notice:  Undefined variable: add_abadi in /var/www/html/prof/Garden/list_Greenhous_nonP.php on line 183
[30-May-2026 07:43:10] PHP Notice:  Undefined variable: add_abadi in /var/www/html/prof/Garden/list_Greenhous_nonP.php on line 183
[30-May-2026 07:43:10] PHP Notice:  Undefined variable: add_abadi in /var/www/html/prof/Garden/list_Greenhous_nonP.php on line 183
[30-May-2026 07:43:10] PHP Notice:  Undefined variable: add_abadi in /var/www/html/prof/Garden/list_Greenhous_nonP.php on line 183
[30-May-2026 07:43:10] PHP Notice:  Undefined variable: add_abadi in /var/www/html/prof/Garden/list_Greenhous_nonP.php on line 183
[30-May-2026 07:43:10] PHP Notice:  Undefined variable: add_abadi in /var/www/html/prof/Garden/list_Greenhous_nonP.php on line 183
[30-May-2026 07:43:10] PHP Notice:  Undefined variable: add_abadi in /var/www/html/prof/Garden/list_Greenhous_nonP.php on line 183
[30-May-2026 07:43:10] PHP Notice:  Undefined variable: add_abadi in /var/www/html/prof/Garden/list_Greenhous_nonP.php on line 183
[30-May-2026 07:43:10] PHP Notice:  Undefined variable: add_abadi in /var/www/html/prof/Garden/list_Greenhous_nonP.php on line 183
[30-May-2026 07:43:10] PHP Notice:  Undefined variable: add_abadi in /var/www/html/prof/Garden/list_Greenhous_nonP.php on line 183
[30-May-2026 07:43:10] PHP Notice:  Undefined variable: add_abadi in /var/www/html/prof/Garden/list_Greenhous_nonP.php on line 183
[30-May-2026 07:43:10] PHP Notice:  Undefined variable: add_abadi in /var/www/html/prof/Garden/list_Greenhous_nonP.php on line 183
[30-May-2026 07:43:10] PHP Notice:  Undefined variable: add_abadi in /var/www/html/prof/Garden/list_Greenhous_nonP.php on line 183
[30-May-2026 07:43:10] PHP Notice:  Undefined variable: add_abadi in /var/www/html/prof/Garden/list_Greenhous_nonP.php on line 183
[30-May-2026 07:43:10] PHP Notice:  Undefined variable: add_abadi in /var/www/html/prof/Garden/list_Greenhous_nonP.php on line 183
[30-May-2026 07:43:10] PHP Notice:  Undefined variable: add_abadi in /var/www/html/prof/Garden/list_Greenhous_nonP.php on line 183
[30-May-2026 07:43:10] PHP Notice:  Undefined variable: add_abadi in /var/www/html/prof/Garden/list_Greenhous_nonP.php on line 183
[30-May-2026 07:43:10] PHP Notice:  Undefined variable: add_abadi in /var/www/html/prof/Garden/list_Greenhous_nonP.php on line 183
[30-May-2026 07:43:10] PHP Notice:  Undefined variable: add_abadi in /var/www/html/prof/Garden/list_Greenhous_nonP.php on line 183
[30-May-2026 07:43:10] PHP Notice:  Undefined variable: add_abadi in /var/www/html/prof/Garden/list_Greenhous_nonP.php on line 183
[30-May-2026 07:43:10] PHP Notice:  Undefined variable: add_abadi in /var/www/html/prof/Garden/list_Greenhous_nonP.php on line 183
[30-May-2026 07:43:10] PHP Notice:  Undefined variable: add_abadi in /var/www/html/prof/Garden/list_Greenhous_nonP.php on line 183
[30-May-2026 07:43:10] PHP Notice:  Undefined variable: add_abadi in /var/www/html/prof/Garden/list_Greenhous_nonP.php on line 183
[30-May-2026 07:43:10] PHP Notice:  Undefined variable: add_abadi in /var/www/html/prof/Garden/list_Greenhous_nonP.php on line 183
[30-May-2026 07:43:10] PHP Notice:  Undefined variable: add_abadi in /var/www/html/prof/Garden/list_Greenhous_nonP.php on line 183
[30-May-2026 07:43:10] PHP Notice:  Undefined variable: add_abadi in /var/www/html/prof/Garden/list_Greenhous_nonP.php on line 183
[30-May-2026 07:43:10] PHP Notice:  Undefined variable: add_abadi in /var/www/html/prof/Garden/list_Greenhous_nonP.php on line 183
[30-May-2026 07:43:10] PHP Notice:  Undefined variable: add_abadi in /var/www/html/prof/Garden/list_Greenhous_nonP.php on line 183
[30-May-2026 07:43:10] PHP Notice:  Undefined variable: add_abadi in /var/www/html/prof/Garden/list_Greenhous_nonP.php on line 183
[30-May-2026 07:43:10] PHP Notice:  Undefined variable: add_abadi in /var/www/html/prof/Garden/list_Greenhous_nonP.php on line 183
[30-May-2026 07:43:10] PHP Notice:  Undefined variable: add_abadi in /var/www/html/prof/Garden/list_Greenhous_nonP.php on line 183
[30-May-2026 07:43:10] PHP Notice:  Undefined variable: add_abadi in /var/www/html/prof/Garden/list_Greenhous_nonP.php on line 183
[30-May-2026 07:43:10] PHP Notice:  Undefined variable: add_abadi in /var/www/html/prof/Garden/list_Greenhous_nonP.php on line 183
[30-May-2026 07:43:10] PHP Notice:  Undefined variable: add_abadi in /var/www/html/prof/Garden/list_Greenhous_nonP.php on line 183
[30-May-2026 07:43:10] PHP Notice:  Undefined variable: add_abadi in /var/www/html/prof/Garden/list_Greenhous_nonP.php on line 183
[30-May-2026 07:43:10] PHP Notice:  Undefined variable: add_abadi in /var/www/html/prof/Garden/list_Greenhous_nonP.php on line 183
[30-May-2026 07:43:10] PHP Notice:  Undefined variable: add_abadi in /var/www/html/prof/Garden/list_Greenhous_nonP.php on line 183
[30-May-2026 07:43:10] PHP Notice:  Undefined variable: add_abadi in /var/www/html/prof/Garden/list_Greenhous_nonP.php on line 183
[30-May-2026 07:43:10] PHP Notice:  Undefined variable: add_abadi in /var/www/html/prof/Garden/list_Greenhous_nonP.php on line 183
[30-May-2026 07:43:10] PHP Notice:  Undefined variable: add_abadi in /var/www/html/prof/Garden/list_Greenhous_nonP.php on line 183
[30-May-2026 07:43:10] PHP Notice:  Undefined variable: add_abadi in /var/www/html/prof/Garden/list_Greenhous_nonP.php on line 183
[30-May-2026 07:43:10] PHP Notice:  Undefined variable: add_abadi in /var/www/html/prof/Garden/list_Greenhous_nonP.php on line 183
[30-May-2026 07:43:10] PHP Notice:  Undefined variable: add_abadi in /var/www/html/prof/Garden/list_Greenhous_nonP.php on line 183
[30-May-2026 07:43:10] PHP Notice:  Undefined variable: add_abadi in /var/www/html/prof/Garden/list_Greenhous_nonP.php on line 183
[30-May-2026 07:43:10] PHP Notice:  Undefined variable: add_abadi in /var/www/html/prof/Garden/list_Greenhous_nonP.php on line 183
[30-May-2026 07:43:10] PHP Notice:  Undefined variable: add_abadi in /var/www/html/prof/Garden/list_Greenhous_nonP.php on line 183
[30-May-2026 07:43:10] PHP Notice:  Undefined variable: add_abadi in /var/www/html/prof/Garden/list_Greenhous_nonP.php on line 183
[30-May-2026 07:43:10] PHP Notice:  Undefined variable: add_abadi in /var/www/html/prof/Garden/list_Greenhous_nonP.php on line 183
[30-May-2026 07:43:10] PHP Notice:  Undefined variable: add_abadi in /var/www/html/prof/Garden/list_Greenhous_nonP.php on line 183
[30-May-2026 07:43:10] PHP Notice:  Undefined variable: add_abadi in /var/www/html/prof/Garden/list_Greenhous_nonP.php on line 183
[30-May-2026 07:43:10] PHP Notice:  Undefined variable: add_abadi in /var/www/html/prof/Garden/list_Greenhous_nonP.php on line 183
[30-May-2026 07:43:10] PHP Notice:  Undefined variable: add_abadi in /var/www/html/prof/Garden/list_Greenhous_nonP.php on line 183
[30-May-2026 07:43:10] PHP Notice:  Undefined variable: add_abadi in /var/www/html/prof/Garden/list_Greenhous_nonP.php on line 183
[30-May-2026 07:43:10] PHP Notice:  Undefined variable: add_abadi in /var/www/html/prof/Garden/list_Greenhous_nonP.php on line 183
[30-May-2026 07:43:10] PHP Notice:  Undefined variable: add_abadi in /var/www/html/prof/Garden/list_Greenhous_nonP.php on line 183
[30-May-2026 07:43:10] PHP Notice:  Undefined variable: add_abadi in /var/www/html/prof/Garden/list_Greenhous_nonP.php on line 183
[30-May-2026 07:43:10] PHP Notice:  Undefined variable: add_abadi in /var/www/html/prof/Garden/list_Greenhous_nonP.php on line 183
[30-May-2026 07:43:10] PHP Notice:  Undefined variable: add_abadi in /var/www/html/prof/Garden/list_Greenhous_nonP.php on line 183
[30-May-2026 07:43:10] PHP Notice:  Undefined variable: add_abadi in /var/www/html/prof/Garden/list_Greenhous_nonP.php on line 183
[30-May-2026 07:43:10] PHP Notice:  Undefined variable: add_abadi in /var/www/html/prof/Garden/list_Greenhous_nonP.php on line 183
[30-May-2026 07:43:10] PHP Notice:  Undefined variable: add_abadi in /var/www/html/prof/Garden/list_Greenhous_nonP.php on line 183
[30-May-2026 07:43:10] PHP Notice:  Undefined variable: add_abadi in /var/www/html/prof/Garden/list_Greenhous_nonP.php on line 183
[30-May-2026 07:43:10] PHP Notice:  Undefined variable: add_abadi in /var/www/html/prof/Garden/list_Greenhous_nonP.php on line 183
[30-May-2026 07:43:10] PHP Notice:  Undefined variable: add_abadi in /var/www/html/prof/Garden/list_Greenhous_nonP.php on line 183
[30-May-2026 07:43:10] PHP Notice:  Undefined variable: add_abadi in /var/www/html/prof/Garden/list_Greenhous_nonP.php on line 183
[30-May-2026 07:43:10] PHP Notice:  Undefined variable: add_abadi in /var/www/html/prof/Garden/list_Greenhous_nonP.php on line 183
[30-May-2026 07:43:10] PHP Notice:  Undefined variable: add_abadi in /var/www/html/prof/Garden/list_Greenhous_nonP.php on line 183
[30-May-2026 07:43:10] PHP Notice:  Undefined variable: add_abadi in /var/www/html/prof/Garden/list_Greenhous_nonP.php on line 183
[30-May-2026 07:43:10] PHP Notice:  Undefined variable: add_abadi in /var/www/html/prof/Garden/list_Greenhous_nonP.php on line 183
[30-May-2026 07:43:10] PHP Notice:  Undefined variable: add_abadi in /var/www/html/prof/Garden/list_Greenhous_nonP.php on line 183
[30-May-2026 07:43:10] PHP Notice:  Undefined variable: add_abadi in /var/www/html/prof/Garden/list_Greenhous_nonP.php on line 183
[30-May-2026 07:43:10] PHP Notice:  Undefined variable: add_abadi in /var/www/html/prof/Garden/list_Greenhous_nonP.php on line 183
[30-May-2026 07:43:10] PHP Notice:  Undefined variable: add_abadi in /var/www/html/prof/Garden/list_Greenhous_nonP.php on line 183
[30-May-2026 07:43:10] PHP Notice:  Undefined variable: add_abadi in /var/www/html/prof/Garden/list_Greenhous_nonP.php on line 183
[30-May-2026 07:43:10] PHP Notice:  Undefined variable: add_abadi in /var/www/html/prof/Garden/list_Greenhous_nonP.php on line 183
[30-May-2026 07:43:10] PHP Notice:  Undefined variable: add_abadi in /var/www/html/prof/Garden/list_Greenhous_nonP.php on line 183
[30-May-2026 07:43:10] PHP Notice:  Undefined variable: add_abadi in /var/www/html/prof/Garden/list_Greenhous_nonP.php on line 183
[30-May-2026 07:43:10] PHP Notice:  Undefined variable: add_abadi in /var/www/html/prof/Garden/list_Greenhous_nonP.php on line 183
[30-May-2026 07:43:10] PHP Notice:  Undefined variable: add_abadi in /var/www/html/prof/Garden/list_Greenhous_nonP.php on line 183
[30-May-2026 07:43:10] PHP Notice:  Undefined variable: add_abadi in /var/www/html/prof/Garden/list_Greenhous_nonP.php on line 183
[30-May-2026 07:43:10] PHP Notice:  Undefined variable: add_abadi in /var/www/html/prof/Garden/list_Greenhous_nonP.php on line 183
[30-May-2026 07:43:10] PHP Notice:  Undefined variable: add_abadi in /var/www/html/prof/Garden/list_Greenhous_nonP.php on line 183
[30-May-2026 07:43:10] PHP Notice:  Undefined variable: add_abadi in /var/www/html/prof/Garden/list_Greenhous_nonP.php on line 183
[30-May-2026 07:43:10] PHP Notice:  Undefined variable: add_abadi in /var/www/html/prof/Garden/list_Greenhous_nonP.php on line 183
[30-May-2026 07:43:10] PHP Notice:  Undefined variable: add_abadi in /var/www/html/prof/Garden/list_Greenhous_nonP.php on line 183
[30-May-2026 07:43:10] PHP Notice:  Undefined variable: add_abadi in /var/www/html/prof/Garden/list_Greenhous_nonP.php on line 183
[30-May-2026 07:43:10] PHP Notice:  Undefined variable: add_abadi in /var/www/html/prof/Garden/list_Greenhous_nonP.php on line 183
[30-May-2026 07:43:10] PHP Notice:  Undefined variable: add_abadi in /var/www/html/prof/Garden/list_Greenhous_nonP.php on line 183
[30-May-2026 07:43:10] PHP Notice:  Undefined variable: add_abadi in /var/www/html/prof/Garden/list_Greenhous_nonP.php on line 183
[30-May-2026 07:43:10] PHP Notice:  Undefined variable: add_abadi in /var/www/html/prof/Garden/list_Greenhous_nonP.php on line 183
[30-May-2026 07:43:10] PHP Notice:  Undefined variable: add_abadi in /var/www/html/prof/Garden/list_Greenhous_nonP.php on line 183
[30-May-2026 07:43:10] PHP Notice:  Undefined variable: add_abadi in /var/www/html/prof/Garden/list_Greenhous_nonP.php on line 183
[30-May-2026 07:43:10] PHP Notice:  Undefined variable: add_abadi in /var/www/html/prof/Garden/list_Greenhous_nonP.php on line 183
[30-May-2026 07:43:10] PHP Notice:  Undefined variable: add_abadi in /var/www/html/prof/Garden/list_Greenhous_nonP.php on line 183
[30-May-2026 07:43:10] PHP Notice:  Undefined variable: add_abadi in /var/www/html/prof/Garden/list_Greenhous_nonP.php on line 183
[30-May-2026 07:43:10] PHP Notice:  Undefined variable: add_abadi in /var/www/html/prof/Garden/list_Greenhous_nonP.php on line 183
[30-May-2026 07:43:10] PHP Notice:  Undefined variable: add_abadi in /var/www/html/prof/Garden/list_Greenhous_nonP.php on line 183
[30-May-2026 07:43:10] PHP Notice:  Undefined variable: add_abadi in /var/www/html/prof/Garden/list_Greenhous_nonP.php on line 183
[30-May-2026 07:43:10] PHP Notice:  Undefined variable: add_abadi in /var/www/html/prof/Garden/list_Greenhous_nonP.php on line 183
[30-May-2026 07:43:10] PHP Notice:  Undefined variable: add_abadi in /var/www/html/prof/Garden/list_Greenhous_nonP.php on line 183
[30-May-2026 07:43:10] PHP Notice:  Undefined variable: add_abadi in /var/www/html/prof/Garden/list_Greenhous_nonP.php on line 183
[30-May-2026 07:43:10] PHP Notice:  Undefined variable: add_abadi in /var/www/html/prof/Garden/list_Greenhous_nonP.php on line 183
[30-May-2026 07:43:10] PHP Notice:  Undefined variable: add_abadi in /var/www/html/prof/Garden/list_Greenhous_nonP.php on line 183
[30-May-2026 07:43:10] PHP Notice:  Undefined variable: add_abadi in /var/www/html/prof/Garden/list_Greenhous_nonP.php on line 183
[30-May-2026 07:43:10] PHP Notice:  Undefined variable: add_abadi in /var/www/html/prof/Garden/list_Greenhous_nonP.php on line 183
[30-May-2026 07:43:10] PHP Notice:  Undefined variable: add_abadi in /var/www/html/prof/Garden/list_Greenhous_nonP.php on line 183
[30-May-2026 07:43:10] PHP Notice:  Undefined variable: add_city in /var/www/html/prof/Garden/list_Greenhous_nonP.php on line 217
[30-May-2026 07:43:10] PHP Notice:  Undefined variable: m_cod_m in /var/www/html/prof/Garden/list_Greenhous_nonP.php on line 224
[30-May-2026 07:43:10] PHP Notice:  Undefined variable: bah_cod_m in /var/www/html/prof/Garden/list_Greenhous_nonP.php on line 228
[30-May-2026 07:43:10] PHP Notice:  Undefined variable: sys_kesh in /var/www/html/prof/Garden/list_Greenhous_nonP.php on line 236
[30-May-2026 07:43:10] PHP Notice:  Undefined variable: sys_kesh in /var/www/html/prof/Garden/list_Greenhous_nonP.php on line 237
[30-May-2026 07:43:10] PHP Notice:  Undefined variable: sys_kesh in /var/www/html/prof/Garden/list_Greenhous_nonP.php on line 238
[30-May-2026 07:43:10] PHP Notice:  Undefined variable: no_kesht in /var/www/html/prof/Garden/list_Greenhous_nonP.php on line 246
[30-May-2026 07:43:10] PHP Notice:  Undefined variable: no_kesht in /var/www/html/prof/Garden/list_Greenhous_nonP.php on line 247
[30-May-2026 07:43:10] PHP Notice:  Undefined variable: no_gol in /var/www/html/prof/Garden/list_Greenhous_nonP.php on line 257
[30-May-2026 07:43:10] PHP Notice:  Undefined variable: no_gol in /var/www/html/prof/Garden/list_Greenhous_nonP.php on line 258
[30-May-2026 07:43:10] PHP Notice:  Undefined variable: no_gol in /var/www/html/prof/Garden/list_Greenhous_nonP.php on line 259
[30-May-2026 07:43:10] PHP Notice:  Undefined variable: no_gol in /var/www/html/prof/Garden/list_Greenhous_nonP.php on line 260
[30-May-2026 07:43:10] PHP Notice:  Undefined variable: no_saz in /var/www/html/prof/Garden/list_Greenhous_nonP.php on line 267
[30-May-2026 07:43:10] PHP Notice:  Undefined variable: no_saz in /var/www/html/prof/Garden/list_Greenhous_nonP.php on line 268
[30-May-2026 07:43:10] PHP Notice:  Undefined variable: no_saz in /var/www/html/prof/Garden/list_Greenhous_nonP.php on line 269
[30-May-2026 07:43:10] PHP Notice:  Undefined variable: no_saz in /var/www/html/prof/Garden/list_Greenhous_nonP.php on line 270
[30-May-2026 07:43:10] PHP Notice:  Undefined variable: sys_hot in /var/www/html/prof/Garden/list_Greenhous_nonP.php on line 279
[30-May-2026 07:43:10] PHP Notice:  Undefined variable: sys_hot in /var/www/html/prof/Garden/list_Greenhous_nonP.php on line 280
[30-May-2026 07:43:10] PHP Notice:  Undefined variable: sys_hot in /var/www/html/prof/Garden/list_Greenhous_nonP.php on line 281
[30-May-2026 07:43:10] PHP Notice:  Undefined variable: no_moj in /var/www/html/prof/Garden/list_Greenhous_nonP.php on line 288
[30-May-2026 07:43:10] PHP Notice:  Undefined variable: no_moj in /var/www/html/prof/Garden/list_Greenhous_nonP.php on line 289
[30-May-2026 07:43:10] PHP Notice:  Undefined variable: no_moj in /var/www/html/prof/Garden/list_Greenhous_nonP.php on line 290
[30-May-2026 07:43:10] PHP Notice:  Undefined variable: no_moj in /var/www/html/prof/Garden/list_Greenhous_nonP.php on line 291
[30-May-2026 07:43:10] PHP Notice:  Undefined variable: no_moj in /var/www/html/prof/Garden/list_Greenhous_nonP.php on line 292
[30-May-2026 07:43:10] PHP Notice:  Undefined variable: query1 in /var/www/html/prof/Garden/list_Greenhous_nonP.php on line 450
[30-May-2026 07:43:10] PHP Notice:  Undefined variable: limit in /var/www/html/prof/Garden/list_Greenhous_nonP.php on line 453
[30-May-2026 07:43:10] PHP Warning:  Division by zero in /var/www/html/prof/Garden/list_Greenhous_nonP.php on line 453
[30-May-2026 07:43:10] PHP Notice:  Undefined variable: id in /var/www/html/prof/Garden/list_Greenhous_nonP.php on line 454
[30-May-2026 07:43:10] PHP Notice:  Undefined variable: id in /var/www/html/prof/Garden/list_Greenhous_nonP.php on line 479
[30-May-2026 07:43:10] PHP Notice:  Undefined index: bah_cod_m in /var/www/html/prof/Garden/Greenhous_prodi.php on line 9
[30-May-2026 07:43:10] PHP Notice:  Undefined index: unit_id in /var/www/html/prof/Garden/Greenhous_prodi.php on line 10
[30-May-2026 07:43:10] PHP Notice:  Undefined index: y_prod in /var/www/html/prof/Garden/Greenhous_prodi.php on line 14
[30-May-2026 07:43:10] PHP Notice:  Undefined index: v_unit in /var/www/html/prof/Garden/Greenhous_prodi.php on line 15
[30-May-2026 07:43:10] PHP Notice:  Undefined index: unit_id in /var/www/html/prof/Garden/Greenhous_prodi.php on line 16
[30-May-2026 07:43:10] PHP Notice:  Undefined index: num_bah in /var/www/html/prof/Garden/Greenhous_prodi.php on line 17
[30-May-2026 07:43:10] PHP Notice:  Undefined variable: mess in /var/www/html/prof/Garden/Greenhous_prodi.php on line 135
[30-May-2026 07:43:10] PHP Notice:  Undefined variable: row in /var/www/html/prof/Garden/Greenhous_prodi.php on line 197
[30-May-2026 07:43:10] PHP Notice:  Undefined variable: row in /var/www/html/prof/Garden/Greenhous_prodi.php on line 219
[30-May-2026 07:43:10] PHP Notice:  Undefined variable: id_city in /var/www/html/prof/Garden/Greenhous_prodi.php on line 221
[30-May-2026 07:43:10] PHP Notice:  Undefined variable: add_abadi in /var/www/html/prof/Garden/Greenhous_prodi.php on line 222
[30-May-2026 07:43:10] PHP Notice:  Undefined variable: add_city in /var/www/html/prof/Garden/Greenhous_prodi.php on line 223
[30-May-2026 07:43:10] PHP Notice:  Undefined variable: mess in /var/www/html/prof/Garden/Greenhous_prodi.php on line 43
[30-May-2026 07:43:10] PHP Notice:  Undefined variable: mess in /var/www/html/prof/Garden/Greenhous_prodi.php on line 58
[30-May-2026 07:43:10] PHP Notice:  Undefined variable: mess in /var/www/html/prof/Garden/Greenhous_prodi.php on line 135
[30-May-2026 07:43:10] PHP Notice:  Undefined variable: add_abadi in /var/www/html/prof/Garden/Greenhous_prodi.php on line 222
[30-May-2026 07:43:10] PHP Notice:  Undefined variable: add_city in /var/www/html/prof/Garden/Greenhous_prodi.php on line 223
[30-May-2026 07:43:11] PHP Notice:  Undefined variable: t_mar in /var/www/html/prof/Garden/Greenh_prod.php on line 332
[30-May-2026 07:43:11] PHP Notice:  Undefined variable: z_dep in /var/www/html/prof/Garden/Greenh_prod.php on line 337
[30-May-2026 07:43:11] PHP Notice:  Undefined variable: t_zan in /var/www/html/prof/Garden/Greenh_prod.php on line 343
[30-May-2026 07:43:11] PHP Notice:  Undefined variable: lisan in /var/www/html/prof/Garden/Greenh_prod.php on line 347
[30-May-2026 07:43:11] PHP Notice:  Undefined variable: m_fani in /var/www/html/prof/Garden/Greenh_prod.php on line 355
[30-May-2026 07:43:11] PHP Notice:  Undefined variable: m_fani in /var/www/html/prof/Garden/Greenh_prod.php on line 356
[30-May-2026 07:43:11] PHP Notice:  Undefined variable: t_mar in /var/www/html/prof/Garden/Greenh_prod.php on line 361
[30-May-2026 07:43:11] PHP Notice:  Undefined variable: gar_ma in /var/www/html/prof/Garden/Greenh_prod.php on line 380
[30-May-2026 07:43:11] PHP Notice:  Undefined variable: gar_m in /var/www/html/prof/Garden/Greenh_prod.php on line 383
[30-May-2026 07:43:11] PHP Notice:  Undefined variable: gar_ja in /var/www/html/prof/Garden/Greenh_prod.php on line 386
[30-May-2026 07:43:11] PHP Notice:  Undefined variable: gar_j in /var/www/html/prof/Garden/Greenh_prod.php on line 389
[30-May-2026 07:43:11] PHP Notice:  Undefined variable: hash_ma in /var/www/html/prof/Garden/Greenh_prod.php on line 395
[30-May-2026 07:43:11] PHP Notice:  Undefined variable: hash_m in /var/www/html/prof/Garden/Greenh_prod.php on line 398
[30-May-2026 07:43:11] PHP Notice:  Undefined variable: hash_ja in /var/www/html/prof/Garden/Greenh_prod.php on line 401
[30-May-2026 07:43:11] PHP Notice:  Undefined variable: hash_j in /var/www/html/prof/Garden/Greenh_prod.php on line 404
[30-May-2026 07:43:11] PHP Notice:  Undefined variable: zof_ma in /var/www/html/prof/Garden/Greenh_prod.php on line 410
[30-May-2026 07:43:11] PHP Notice:  Undefined variable: zof_m in /var/www/html/prof/Garden/Greenh_prod.php on line 413
[30-May-2026 07:43:11] PHP Notice:  Undefined variable: zof_ja in /var/www/html/prof/Garden/Greenh_prod.php on line 416
[30-May-2026 07:43:11] PHP Notice:  Undefined variable: zof_j in /var/www/html/prof/Garden/Greenh_prod.php on line 419
[30-May-2026 07:43:11] PHP Notice:  Undefined variable: kod_h3_a in /var/www/html/prof/Garden/Greenh_prod.php on line 446
[30-May-2026 07:43:11] PHP Notice:  Undefined variable: kod_h3_m in /var/www/html/prof/Garden/Greenh_prod.php on line 449
[30-May-2026 07:43:11] PHP Notice:  Undefined variable: kod_h2_a in /var/www/html/prof/Garden/Greenh_prod.php on line 453
[30-May-2026 07:43:11] PHP Notice:  Undefined variable: kod_h2_m in /var/www/html/prof/Garden/Greenh_prod.php on line 456
[30-May-2026 07:43:11] PHP Notice:  Undefined variable: kod_h1_a in /var/www/html/prof/Garden/Greenh_prod.php on line 460
[30-May-2026 07:43:11] PHP Notice:  Undefined variable: kod_h1_m in /var/www/html/prof/Garden/Greenh_prod.php on line 463
[30-May-2026 07:43:11] PHP Notice:  Undefined variable: kod_sh3_a in /var/www/html/prof/Garden/Greenh_prod.php on line 470
[30-May-2026 07:43:11] PHP Notice:  Undefined variable: kod_sh3_m in /var/www/html/prof/Garden/Greenh_prod.php on line 473
[30-May-2026 07:43:11] PHP Notice:  Undefined variable: kod_sh2_a in /var/www/html/prof/Garden/Greenh_prod.php on line 477
[30-May-2026 07:43:11] PHP Notice:  Undefined variable: kod_sh2_m in /var/www/html/prof/Garden/Greenh_prod.php on line 480
[30-May-2026 07:43:11] PHP Notice:  Undefined variable: kod_sh1_a in /var/www/html/prof/Garden/Greenh_prod.php on line 484
[30-May-2026 07:43:11] PHP Notice:  Undefined variable: kod_sh1_m in /var/www/html/prof/Garden/Greenh_prod.php on line 487
[30-May-2026 07:43:11] PHP Notice:  Undefined variable: kod_bio3_a in /var/www/html/prof/Garden/Greenh_prod.php on line 494
[30-May-2026 07:43:11] PHP Notice:  Undefined variable: kod_bio3_m in /var/www/html/prof/Garden/Greenh_prod.php on line 497
[30-May-2026 07:43:11] PHP Notice:  Undefined variable: kod_bio2_a in /var/www/html/prof/Garden/Greenh_prod.php on line 501
[30-May-2026 07:43:11] PHP Notice:  Undefined variable: kod_bio2_m in /var/www/html/prof/Garden/Greenh_prod.php on line 504
[30-May-2026 07:43:11] PHP Notice:  Undefined variable: kod_bio1_a in /var/www/html/prof/Garden/Greenh_prod.php on line 508
[30-May-2026 07:43:11] PHP Notice:  Undefined variable: kod_bio1_m in /var/www/html/prof/Garden/Greenh_prod.php on line 511
[30-May-2026 07:43:11] PHP Notice:  Undefined variable: barg_m in /var/www/html/prof/Garden/Greenh_prod.php on line 541
[30-May-2026 07:43:11] PHP Notice:  Undefined variable: gazoil_m in /var/www/html/prof/Garden/Greenh_prod.php on line 545
[30-May-2026 07:43:11] PHP Notice:  Undefined variable: benz_m in /var/www/html/prof/Garden/Greenh_prod.php on line 548
[30-May-2026 07:43:11] PHP Notice:  Undefined variable: ab_m in /var/www/html/prof/Garden/Greenh_prod.php on line 551
[30-May-2026 07:43:11] PHP Notice:  Undefined variable: barg_a in /var/www/html/prof/Garden/Greenh_prod.php on line 563
[30-May-2026 07:43:11] PHP Notice:  Undefined variable: gazoil_a in /var/www/html/prof/Garden/Greenh_prod.php on line 567
[30-May-2026 07:43:11] PHP Notice:  Undefined variable: benz_a in /var/www/html/prof/Garden/Greenh_prod.php on line 570
[30-May-2026 07:43:11] PHP Notice:  Undefined variable: ab_a in /var/www/html/prof/Garden/Greenh_prod.php on line 573
[30-May-2026 07:43:11] PHP Notice:  Undefined variable: bazr_a in /var/www/html/prof/Garden/Greenh_prod.php on line 594
[30-May-2026 07:43:11] PHP Notice:  Undefined variable: bazr_m in /var/www/html/prof/Garden/Greenh_prod.php on line 598
[30-May-2026 07:43:11] PHP Notice:  Undefined variable: nesha_a in /var/www/html/prof/Garden/Greenh_prod.php on line 606
[30-May-2026 07:43:11] PHP Notice:  Undefined variable: nesha_m in /var/www/html/prof/Garden/Greenh_prod.php on line 611
[30-May-2026 07:43:11] PHP Notice:  Undefined variable: t_zgard in /var/www/html/prof/Garden/Greenh_prod.php on line 620
[30-May-2026 07:43:11] PHP Notice:  Undefined variable: t_hshekar in /var/www/html/prof/Garden/Greenh_prod.php on line 625
[30-May-2026 07:43:11] PHP Notice:  Undefined variable: b_say in /var/www/html/prof/Garden/Greenh_prod.php on line 647
[30-May-2026 07:43:11] PHP Notice:  Undefined variable: b_pet in /var/www/html/prof/Garden/Greenh_prod.php on line 650
[30-May-2026 07:43:11] PHP Notice:  Undefined variable: b_per in /var/www/html/prof/Garden/Greenh_prod.php on line 653
[30-May-2026 07:43:11] PHP Notice:  Undefined variable: b_mas in /var/www/html/prof/Garden/Greenh_prod.php on line 656
[30-May-2026 07:43:11] PHP Notice:  Undefined variable: b_coco in /var/www/html/prof/Garden/Greenh_prod.php on line 659
[30-May-2026 07:43:11] PHP Notice:  Undefined variable: id in /var/www/html/prof/Garden/Greenh_prod.php on line 697
[30-May-2026 07:43:11] PHP Notice:  Undefined variable: id in /var/www/html/prof/Garden/Greenh_prod.php on line 700
[30-May-2026 07:43:11] PHP Notice:  Undefined variable: id in /var/www/html/prof/Garden/Greenh_prod.php on line 713
[30-May-2026 07:43:11] PHP Notice:  Undefined variable: id in /var/www/html/prof/Garden/Greenh_prod.php on line 723
[30-May-2026 07:43:11] PHP Notice:  Undefined variable: mah_name in /var/www/html/prof/Garden/Greenh_prod.php on line 837
[30-May-2026 07:43:11] PHP Notice:  Undefined variable: mah_name in /var/www/html/prof/Garden/Greenh_prod.php on line 837
[30-May-2026 07:43:11] PHP Notice:  Undefined variable: number in /var/www/html/prof/Garden/Greenh_prod.php on line 887
[30-May-2026 07:43:11] PHP Notice:  Undefined index: no_mush in /var/www/html/prof/Garden/list_Greenhous_nonP.php on line 19
[30-May-2026 07:43:11] PHP Notice:  Undefined index: m_ab in /var/www/html/prof/Garden/list_Greenhous_nonP.php on line 20
[30-May-2026 07:43:11] PHP Notice:  Undefined variable: id_ostan1 in /var/www/html/prof/Garden/list_Greenhous_nonP.php on line 138
[30-May-2026 07:43:11] PHP Notice:  Undefined index: no_bah in /var/www/html/prof/Garden/list_Greenhous_nonP.php on line 437
[30-May-2026 07:43:11] PHP Notice:  Undefined index: no_bah in /var/www/html/prof/Garden/list_Greenhous_nonP.php on line 437
[30-May-2026 07:43:11] PHP Notice:  Undefined index: no_bah in /var/www/html/prof/Garden/list_Greenhous_nonP.php on line 437
[30-May-2026 07:43:11] PHP Notice:  Undefined index: no_bah in /var/www/html/prof/Garden/list_Greenhous_nonP.php on line 437
[30-May-2026 07:43:11] PHP Notice:  Undefined index: no_bah in /var/www/html/prof/Garden/list_Greenhous_nonP.php on line 437
[30-May-2026 07:43:11] PHP Notice:  Undefined index: no_bah in /var/www/html/prof/Garden/list_Greenhous_nonP.php on line 437
[30-May-2026 07:43:11] PHP Notice:  Undefined index: no_bah in /var/www/html/prof/Garden/list_Greenhous_nonP.php on line 437
[30-May-2026 07:43:11] PHP Notice:  Undefined index: no_bah in /var/www/html/prof/Garden/list_Greenhous_nonP.php on line 437
[30-May-2026 07:43:11] PHP Notice:  Undefined index: no_bah in /var/www/html/prof/Garden/list_Greenhous_nonP.php on line 437
[30-May-2026 07:43:11] PHP Notice:  Undefined index: no_bah in /var/www/html/prof/Garden/list_Greenhous_nonP.php on line 437
[30-May-2026 07:43:11] PHP Notice:  Undefined index: no_bah in /var/www/html/prof/Garden/list_Greenhous_nonP.php on line 437
[30-May-2026 07:43:11] PHP Notice:  Undefined index: no_bah in /var/www/html/prof/Garden/list_Greenhous_nonP.php on line 437
[30-May-2026 07:43:11] PHP Notice:  Undefined index: no_bah in /var/www/html/prof/Garden/list_Greenhous_nonP.php on line 437
[30-May-2026 07:43:11] PHP Notice:  Undefined index: no_bah in /var/www/html/prof/Garden/list_Greenhous_nonP.php on line 437
[30-May-2026 07:43:11] PHP Notice:  Undefined index: no_bah in /var/www/html/prof/Garden/list_Greenhous_nonP.php on line 437
[30-May-2026 07:43:11] PHP Notice:  Undefined index: no_bah in /var/www/html/prof/Garden/list_Greenhous_nonP.php on line 437
[30-May-2026 07:43:11] PHP Notice:  Undefined index: no_bah in /var/www/html/prof/Garden/list_Greenhous_nonP.php on line 437
[30-May-2026 07:43:11] PHP Notice:  Undefined index: no_bah in /var/www/html/prof/Garden/list_Greenhous_nonP.php on line 437
[30-May-2026 07:43:11] PHP Notice:  Undefined index: no_bah in /var/www/html/prof/Garden/list_Greenhous_nonP.php on line 437
[30-May-2026 07:43:11] PHP Notice:  Undefined index: no_bah in /var/www/html/prof/Garden/list_Greenhous_nonP.php on line 437
[30-May-2026 07:43:11] PHP Notice:  Undefined index: no_bah in /var/www/html/prof/Garden/list_Greenhous_nonP.php on line 437
[30-May-2026 07:43:11] PHP Notice:  Undefined index: no_bah in /var/www/html/prof/Garden/list_Greenhous_nonP.php on line 437
[30-May-2026 07:43:11] PHP Notice:  Undefined index: no_bah in /var/www/html/prof/Garden/list_Greenhous_nonP.php on line 437
[30-May-2026 07:43:11] PHP Notice:  Undefined index: no_bah in /var/www/html/prof/Garden/list_Greenhous_nonP.php on line 437
[30-May-2026 07:43:11] PHP Notice:  Undefined index: no_bah in /var/www/html/prof/Garden/list_Greenhous_nonP.php on line 437
[30-May-2026 07:43:11] PHP Notice:  Undefined variable: id in /var/www/html/prof/Garden/list_Greenhous_nonP.php on line 454
[30-May-2026 07:43:11] PHP Notice:  Undefined variable: id in /var/www/html/prof/Garden/list_Greenhous_nonP.php on line 479
[30-May-2026 07:43:11] PHP Notice:  Undefined variable: id in /var/www/html/prof/Garden/list_Greenhous_nonP.php on line 482
[30-May-2026 07:43:11] PHP Notice:  Undefined variable: id in /var/www/html/prof/Garden/list_Greenhous_nonP.php on line 507
[30-May-2026 07:43:11] PHP Notice:  Undefined variable: id in /var/www/html/prof/Garden/list_Greenhous_nonP.php on line 507
[30-May-2026 07:43:16] PHP Notice:  Undefined index: es in /var/www/html/prof/Garden/Garden_data.php on line 222
[30-May-2026 07:43:16] PHP Notice:  Undefined index: jens in /var/www/html/prof/Garden/Garden_data.php on line 414
[30-May-2026 07:43:16] PHP Notice:  Undefined index: jens in /var/www/html/prof/Garden/Garden_data.php on line 415
[30-May-2026 07:43:16] PHP Notice:  Undefined variable: m_vaz_sok in /var/www/html/prof/Garden/Garden_data.php on line 454
[30-May-2026 07:43:16] PHP Notice:  Undefined variable: m_vaz_sok in /var/www/html/prof/Garden/Garden_data.php on line 455
[30-May-2026 07:43:16] PHP Notice:  Undefined variable: md_ab in /var/www/html/prof/Garden/Garden_data.php on line 476
[30-May-2026 07:43:16] PHP Notice:  Undefined variable: no_sab in /var/www/html/prof/Garden/Garden_data.php on line 503
[30-May-2026 07:43:16] PHP Notice:  Undefined variable: no_sab in /var/www/html/prof/Garden/Garden_data.php on line 504
[30-May-2026 07:43:16] PHP Notice:  Undefined variable: no_sab in /var/www/html/prof/Garden/Garden_data.php on line 505
[30-May-2026 07:43:16] PHP Notice:  Undefined variable: no_sab in /var/www/html/prof/Garden/Garden_data.php on line 506
[30-May-2026 07:43:16] PHP Notice:  Undefined variable: h_ab in /var/www/html/prof/Garden/Garden_data.php on line 512
[30-May-2026 07:43:16] PHP Notice:  Undefined variable: mah_tol in /var/www/html/prof/Garden/Garden_data.php on line 605
[30-May-2026 07:43:16] PHP Notice:  Undefined variable: mah_tolp in /var/www/html/prof/Garden/Garden_data.php on line 608
[30-May-2026 07:43:16] PHP Notice:  Undefined variable: tree_gb in /var/www/html/prof/Garden/Garden_data.php on line 611
[30-May-2026 07:43:16] PHP Notice:  Undefined variable: tree_b in /var/www/html/prof/Garden/Garden_data.php on line 614
[30-May-2026 07:43:16] PHP Notice:  Undefined variable: s_kesht_gb in /var/www/html/prof/Garden/Garden_data.php on line 618
[30-May-2026 07:43:16] PHP Notice:  Undefined variable: s_kesht_b in /var/www/html/prof/Garden/Garden_data.php on line 621
[30-May-2026 07:43:16] PHP Notice:  Undefined variable: mah_name in /var/www/html/prof/Garden/Garden_data.php on line 625
[30-May-2026 07:43:16] PHP Notice:  Undefined variable: number in /var/www/html/prof/Garden/Garden_data.php on line 667
[30-May-2026 07:43:17] PHP Notice:  Undefined variable: query1 in /var/www/html/prof/Garden/Garden_edit_T_new.php on line 457
[30-May-2026 07:43:17] PHP Notice:  Undefined variable: limit in /var/www/html/prof/Garden/Garden_edit_T_new.php on line 460
[30-May-2026 07:43:17] PHP Warning:  Division by zero in /var/www/html/prof/Garden/Garden_edit_T_new.php on line 460
[30-May-2026 07:43:17] PHP Notice:  Undefined variable: id in /var/www/html/prof/Garden/Garden_edit_T_new.php on line 486
[30-May-2026 07:43:17] PHP Notice:  Undefined variable: id in /var/www/html/prof/Garden/Garden_edit_T_new.php on line 487
[30-May-2026 07:43:17] PHP Notice:  Undefined variable: id in /var/www/html/prof/Garden/Garden_edit_T_new.php on line 492
[30-May-2026 07:43:17] PHP Notice:  Undefined variable: id in /var/www/html/prof/Garden/Garden_edit_T_new.php on line 538
[30-May-2026 07:43:19] PHP Notice:  Undefined index: bah_cod_m in /var/www/html/prof/Garden/Greenhous_prodi.php on line 9
[30-May-2026 07:43:19] PHP Notice:  Undefined index: unit_id in /var/www/html/prof/Garden/Greenhous_prodi.php on line 10
[30-May-2026 07:43:19] PHP Notice:  Undefined index: y_prod in /var/www/html/prof/Garden/Greenhous_prodi.php on line 14
[30-May-2026 07:43:19] PHP Notice:  Undefined index: v_unit in /var/www/html/prof/Garden/Greenhous_prodi.php on line 15
[30-May-2026 07:43:19] PHP Notice:  Undefined index: unit_id in /var/www/html/prof/Garden/Greenhous_prodi.php on line 16
[30-May-2026 07:43:19] PHP Notice:  Undefined index: num_bah in /var/www/html/prof/Garden/Greenhous_prodi.php on line 17
[30-May-2026 07:43:19] PHP Notice:  Undefined variable: mess in /var/www/html/prof/Garden/Greenhous_prodi.php on line 135
[30-May-2026 07:43:19] PHP Notice:  Undefined variable: row in /var/www/html/prof/Garden/Greenhous_prodi.php on line 197
[30-May-2026 07:43:19] PHP Notice:  Undefined variable: row in /var/www/html/prof/Garden/Greenhous_prodi.php on line 219
[30-May-2026 07:43:19] PHP Notice:  Undefined variable: add_abadi in /var/www/html/prof/Garden/Greenhous_prodi.php on line 222
[30-May-2026 07:43:19] PHP Notice:  Undefined variable: add_city in /var/www/html/prof/Garden/Greenhous_prodi.php on line 223
[30-May-2026 07:43:22] PHP Notice:  Undefined variable: mess in /var/www/html/prof/Garden/Greenhous_prodi.php on line 135
[30-May-2026 07:43:22] PHP Notice:  Undefined variable: add_abadi in /var/www/html/prof/Garden/Greenhous_prodi.php on line 222
[30-May-2026 07:43:22] PHP Notice:  Undefined variable: add_city in /var/www/html/prof/Garden/Greenhous_prodi.php on line 223
[30-May-2026 07:43:22] PHP Notice:  Undefined variable: query1 in /var/www/html/prof/Garden/Garden_edit_T_new.php on line 457
[30-May-2026 07:43:22] PHP Notice:  Undefined variable: limit in /var/www/html/prof/Garden/Garden_edit_T_new.php on line 460
[30-May-2026 07:43:22] PHP Warning:  Division by zero in /var/www/html/prof/Garden/Garden_edit_T_new.php on line 460
[30-May-2026 07:43:22] PHP Notice:  Undefined variable: id in /var/www/html/prof/Garden/Garden_edit_T_new.php on line 486
[30-May-2026 07:43:22] PHP Notice:  Undefined variable: id in /var/www/html/prof/Garden/Garden_edit_T_new.php on line 487
[30-May-2026 07:43:22] PHP Notice:  Undefined variable: id in /var/www/html/prof/Garden/Garden_edit_T_new.php on line 492
[30-May-2026 07:43:22] PHP Notice:  Undefined variable: id in /var/www/html/prof/Garden/Garden_edit_T_new.php on line 538
[30-May-2026 07:43:26] PHP Notice:  Undefined variable: sys_kesh in /var/www/html/prof/Garden/liste_Greenhousn_old.php on line 187
[30-May-2026 07:43:26] PHP Notice:  Undefined variable: sys_kesh in /var/www/html/prof/Garden/liste_Greenhousn_old.php on line 188
[30-May-2026 07:43:26] PHP Notice:  Undefined variable: sys_kesh in /var/www/html/prof/Garden/liste_Greenhousn_old.php on line 189
[30-May-2026 07:43:26] PHP Notice:  Undefined variable: no_kesht in /var/www/html/prof/Garden/liste_Greenhousn_old.php on line 197
[30-May-2026 07:43:26] PHP Notice:  Undefined variable: no_kesht in /var/www/html/prof/Garden/liste_Greenhousn_old.php on line 198
[30-May-2026 07:43:26] PHP Notice:  Undefined variable: no_gol in /var/www/html/prof/Garden/liste_Greenhousn_old.php on line 208
[30-May-2026 07:43:26] PHP Notice:  Undefined variable: no_gol in /var/www/html/prof/Garden/liste_Greenhousn_old.php on line 209
[30-May-2026 07:43:26] PHP Notice:  Undefined variable: no_gol in /var/www/html/prof/Garden/liste_Greenhousn_old.php on line 210
[30-May-2026 07:43:26] PHP Notice:  Undefined variable: no_gol in /var/www/html/prof/Garden/liste_Greenhousn_old.php on line 211
[30-May-2026 07:43:26] PHP Notice:  Undefined variable: no_saz in /var/www/html/prof/Garden/liste_Greenhousn_old.php on line 217
[30-May-2026 07:43:26] PHP Notice:  Undefined variable: no_saz in /var/www/html/prof/Garden/liste_Greenhousn_old.php on line 218
[30-May-2026 07:43:26] PHP Notice:  Undefined variable: no_saz in /var/www/html/prof/Garden/liste_Greenhousn_old.php on line 219
[30-May-2026 07:43:26] PHP Notice:  Undefined variable: no_saz in /var/www/html/prof/Garden/liste_Greenhousn_old.php on line 220
[30-May-2026 07:43:26] PHP Notice:  Undefined variable: sys_hot in /var/www/html/prof/Garden/liste_Greenhousn_old.php on line 229
[30-May-2026 07:43:26] PHP Notice:  Undefined variable: sys_hot in /var/www/html/prof/Garden/liste_Greenhousn_old.php on line 230
[30-May-2026 07:43:26] PHP Notice:  Undefined variable: sys_hot in /var/www/html/prof/Garden/liste_Greenhousn_old.php on line 231
[30-May-2026 07:43:26] PHP Notice:  Undefined variable: no_mal in /var/www/html/prof/Garden/liste_Greenhousn_old.php on line 238
[30-May-2026 07:43:26] PHP Notice:  Undefined variable: no_mal in /var/www/html/prof/Garden/liste_Greenhousn_old.php on line 239
[30-May-2026 07:43:26] PHP Notice:  Undefined variable: no_mal in /var/www/html/prof/Garden/liste_Greenhousn_old.php on line 240
[30-May-2026 07:43:26] PHP Notice:  Undefined variable: no_mal in /var/www/html/prof/Garden/liste_Greenhousn_old.php on line 241
[30-May-2026 07:43:26] PHP Notice:  Undefined variable: no_mal in /var/www/html/prof/Garden/liste_Greenhousn_old.php on line 242
[30-May-2026 07:43:26] PHP Notice:  Undefined variable: no_mal in /var/www/html/prof/Garden/liste_Greenhousn_old.php on line 243
[30-May-2026 07:43:26] PHP Notice:  Undefined variable: no_mal in /var/www/html/prof/Garden/liste_Greenhousn_old.php on line 244
[30-May-2026 07:43:26] PHP Notice:  Undefined variable: bah_cod_m in /var/www/html/prof/Garden/liste_Greenhousn_old.php on line 251
[30-May-2026 07:43:26] PHP Notice:  Undefined variable: query1 in /var/www/html/prof/Garden/liste_Greenhousn_old.php on line 428
[30-May-2026 07:43:26] PHP Notice:  Undefined variable: limit in /var/www/html/prof/Garden/liste_Greenhousn_old.php on line 431
[30-May-2026 07:43:26] PHP Warning:  Division by zero in /var/www/html/prof/Garden/liste_Greenhousn_old.php on line 431
[30-May-2026 07:43:26] PHP Notice:  Undefined variable: id in /var/www/html/prof/Garden/liste_Greenhousn_old.php on line 432
[30-May-2026 07:43:26] PHP Notice:  Undefined variable: id in /var/www/html/prof/Garden/liste_Greenhousn_old.php on line 452
[30-May-2026 07:43:26] PHP Warning:  session_regenerate_id(): Cannot regenerate session id - headers already sent in /var/www/html/prof/Garden/liste_Greenhousn_old.php on line 513
[30-May-2026 07:43:31] PHP Notice:  Undefined variable: mess in /var/www/html/prof/Garden/Greenhous_prodi.php on line 43
[30-May-2026 07:43:31] PHP Notice:  Undefined variable: mess in /var/www/html/prof/Garden/Greenhous_prodi.php on line 58
[30-May-2026 07:43:31] PHP Notice:  Undefined variable: mess in /var/www/html/prof/Garden/Greenhous_prodi.php on line 135
[30-May-2026 07:43:31] PHP Notice:  Undefined variable: add_abadi in /var/www/html/prof/Garden/Greenhous_prodi.php on line 222
[30-May-2026 07:43:31] PHP Notice:  Undefined variable: add_city in /var/www/html/prof/Garden/Greenhous_prodi.php on line 223
[30-May-2026 07:43:31] PHP Notice:  Undefined variable: t_mar in /var/www/html/prof/Garden/Greenh_prod.php on line 332
[30-May-2026 07:43:31] PHP Notice:  Undefined variable: z_dep in /var/www/html/prof/Garden/Greenh_prod.php on line 337
[30-May-2026 07:43:31] PHP Notice:  Undefined variable: t_zan in /var/www/html/prof/Garden/Greenh_prod.php on line 343
[30-May-2026 07:43:31] PHP Notice:  Undefined variable: lisan in /var/www/html/prof/Garden/Greenh_prod.php on line 347
[30-May-2026 07:43:31] PHP Notice:  Undefined variable: m_fani in /var/www/html/prof/Garden/Greenh_prod.php on line 355
[30-May-2026 07:43:31] PHP Notice:  Undefined variable: m_fani in /var/www/html/prof/Garden/Greenh_prod.php on line 356
[30-May-2026 07:43:31] PHP Notice:  Undefined variable: t_mar in /var/www/html/prof/Garden/Greenh_prod.php on line 361
[30-May-2026 07:43:31] PHP Notice:  Undefined variable: gar_ma in /var/www/html/prof/Garden/Greenh_prod.php on line 380
[30-May-2026 07:43:31] PHP Notice:  Undefined variable: gar_m in /var/www/html/prof/Garden/Greenh_prod.php on line 383
[30-May-2026 07:43:31] PHP Notice:  Undefined variable: gar_ja in /var/www/html/prof/Garden/Greenh_prod.php on line 386
[30-May-2026 07:43:31] PHP Notice:  Undefined variable: gar_j in /var/www/html/prof/Garden/Greenh_prod.php on line 389
[30-May-2026 07:43:31] PHP Notice:  Undefined variable: hash_ma in /var/www/html/prof/Garden/Greenh_prod.php on line 395
[30-May-2026 07:43:31] PHP Notice:  Undefined variable: hash_m in /var/www/html/prof/Garden/Greenh_prod.php on line 398
[30-May-2026 07:43:31] PHP Notice:  Undefined variable: hash_ja in /var/www/html/prof/Garden/Greenh_prod.php on line 401
[30-May-2026 07:43:31] PHP Notice:  Undefined variable: hash_j in /var/www/html/prof/Garden/Greenh_prod.php on line 404
[30-May-2026 07:43:31] PHP Notice:  Undefined variable: zof_ma in /var/www/html/prof/Garden/Greenh_prod.php on line 410
[30-May-2026 07:43:31] PHP Notice:  Undefined variable: zof_m in /var/www/html/prof/Garden/Greenh_prod.php on line 413
[30-May-2026 07:43:31] PHP Notice:  Undefined variable: zof_ja in /var/www/html/prof/Garden/Greenh_prod.php on line 416
[30-May-2026 07:43:31] PHP Notice:  Undefined variable: zof_j in /var/www/html/prof/Garden/Greenh_prod.php on line 419
[30-May-2026 07:43:31] PHP Notice:  Undefined variable: kod_h3_a in /var/www/html/prof/Garden/Greenh_prod.php on line 446
[30-May-2026 07:43:31] PHP Notice:  Undefined variable: kod_h3_m in /var/www/html/prof/Garden/Greenh_prod.php on line 449
[30-May-2026 07:43:31] PHP Notice:  Undefined variable: kod_h2_a in /var/www/html/prof/Garden/Greenh_prod.php on line 453
[30-May-2026 07:43:31] PHP Notice:  Undefined variable: kod_h2_m in /var/www/html/prof/Garden/Greenh_prod.php on line 456
[30-May-2026 07:43:31] PHP Notice:  Undefined variable: kod_h1_a in /var/www/html/prof/Garden/Greenh_prod.php on line 460
[30-May-2026 07:43:31] PHP Notice:  Undefined variable: kod_h1_m in /var/www/html/prof/Garden/Greenh_prod.php on line 463
[30-May-2026 07:43:31] PHP Notice:  Undefined variable: kod_sh3_a in /var/www/html/prof/Garden/Greenh_prod.php on line 470
[30-May-2026 07:43:31] PHP Notice:  Undefined variable: kod_sh3_m in /var/www/html/prof/Garden/Greenh_prod.php on line 473
[30-May-2026 07:43:31] PHP Notice:  Undefined variable: kod_sh2_a in /var/www/html/prof/Garden/Greenh_prod.php on line 477
[30-May-2026 07:43:31] PHP Notice:  Undefined variable: kod_sh2_m in /var/www/html/prof/Garden/Greenh_prod.php on line 480
[30-May-2026 07:43:31] PHP Notice:  Undefined variable: kod_sh1_a in /var/www/html/prof/Garden/Greenh_prod.php on line 484
[30-May-2026 07:43:31] PHP Notice:  Undefined variable: kod_sh1_m in /var/www/html/prof/Garden/Greenh_prod.php on line 487
[30-May-2026 07:43:31] PHP Notice:  Undefined variable: kod_bio3_a in /var/www/html/prof/Garden/Greenh_prod.php on line 494
[30-May-2026 07:43:31] PHP Notice:  Undefined variable: kod_bio3_m in /var/www/html/prof/Garden/Greenh_prod.php on line 497
[30-May-2026 07:43:31] PHP Notice:  Undefined variable: kod_bio2_a in /var/www/html/prof/Garden/Greenh_prod.php on line 501
[30-May-2026 07:43:31] PHP Notice:  Undefined variable: kod_bio2_m in /var/www/html/prof/Garden/Greenh_prod.php on line 504
[30-May-2026 07:43:31] PHP Notice:  Undefined variable: kod_bio1_a in /var/www/html/prof/Garden/Greenh_prod.php on line 508
[30-May-2026 07:43:31] PHP Notice:  Undefined variable: kod_bio1_m in /var/www/html/prof/Garden/Greenh_prod.php on line 511
[30-May-2026 07:43:31] PHP Notice:  Undefined variable: barg_m in /var/www/html/prof/Garden/Greenh_prod.php on line 541
[30-May-2026 07:43:31] PHP Notice:  Undefined variable: gazoil_m in /var/www/html/prof/Garden/Greenh_prod.php on line 545
[30-May-2026 07:43:31] PHP Notice:  Undefined variable: benz_m in /var/www/html/prof/Garden/Greenh_prod.php on line 548
[30-May-2026 07:43:31] PHP Notice:  Undefined variable: ab_m in /var/www/html/prof/Garden/Greenh_prod.php on line 551
[30-May-2026 07:43:31] PHP Notice:  Undefined variable: barg_a in /var/www/html/prof/Garden/Greenh_prod.php on line 563
[30-May-2026 07:43:31] PHP Notice:  Undefined variable: gazoil_a in /var/www/html/prof/Garden/Greenh_prod.php on line 567
[30-May-2026 07:43:31] PHP Notice:  Undefined variable: benz_a in /var/www/html/prof/Garden/Greenh_prod.php on line 570
[30-May-2026 07:43:31] PHP Notice:  Undefined variable: ab_a in /var/www/html/prof/Garden/Greenh_prod.php on line 573
[30-May-2026 07:43:31] PHP Notice:  Undefined variable: bazr_a in /var/www/html/prof/Garden/Greenh_prod.php on line 594
[30-May-2026 07:43:31] PHP Notice:  Undefined variable: bazr_m in /var/www/html/prof/Garden/Greenh_prod.php on line 598
[30-May-2026 07:43:31] PHP Notice:  Undefined variable: nesha_a in /var/www/html/prof/Garden/Greenh_prod.php on line 606
[30-May-2026 07:43:31] PHP Notice:  Undefined variable: nesha_m in /var/www/html/prof/Garden/Greenh_prod.php on line 611
[30-May-2026 07:43:31] PHP Notice:  Undefined variable: t_zgard in /var/www/html/prof/Garden/Greenh_prod.php on line 620
[30-May-2026 07:43:31] PHP Notice:  Undefined variable: t_hshekar in /var/www/html/prof/Garden/Greenh_prod.php on line 625
[30-May-2026 07:43:31] PHP Notice:  Undefined variable: b_say in /var/www/html/prof/Garden/Greenh_prod.php on line 647
[30-May-2026 07:43:31] PHP Notice:  Undefined variable: b_pet in /var/www/html/prof/Garden/Greenh_prod.php on line 650
[30-May-2026 07:43:31] PHP Notice:  Undefined variable: b_per in /var/www/html/prof/Garden/Greenh_prod.php on line 653
[30-May-2026 07:43:31] PHP Notice:  Undefined variable: b_mas in /var/www/html/prof/Garden/Greenh_prod.php on line 656
[30-May-2026 07:43:31] PHP Notice:  Undefined variable: b_coco in /var/www/html/prof/Garden/Greenh_prod.php on line 659
[30-May-2026 07:43:31] PHP Notice:  Undefined variable: id in /var/www/html/prof/Garden/Greenh_prod.php on line 697
[30-May-2026 07:43:31] PHP Notice:  Undefined variable: id in /var/www/html/prof/Garden/Greenh_prod.php on line 700
[30-May-2026 07:43:31] PHP Notice:  Undefined variable: id in /var/www/html/prof/Garden/Greenh_prod.php on line 713
[30-May-2026 07:43:31] PHP Notice:  Undefined variable: id in /var/www/html/prof/Garden/Greenh_prod.php on line 723
[30-May-2026 07:43:31] PHP Notice:  Undefined variable: mah_name in /var/www/html/prof/Garden/Greenh_prod.php on line 837
[30-May-2026 07:43:31] PHP Notice:  Undefined variable: mah_name in /var/www/html/prof/Garden/Greenh_prod.php on line 837
[30-May-2026 07:43:31] PHP Notice:  Undefined variable: number in /var/www/html/prof/Garden/Greenh_prod.php on line 887
[30-May-2026 07:43:43] PHP Notice:  Undefined index: bah_cod_m in /var/www/html/prof/Garden/manager_Garden.php on line 40
[30-May-2026 07:43:51] PHP Notice:  Undefined index: m_poul in /var/www/html/prof/Garden/Garden_edit.php on line 6
[30-May-2026 07:43:51] PHP Notice:  Undefined variable: id_page in /var/www/html/prof/Garden/Garden_edit.php on line 9
[30-May-2026 07:43:51] PHP Notice:  Undefined variable: mess in /var/www/html/prof/Garden/Garden_edit.php on line 149
[30-May-2026 07:43:52] PHP Notice:  Undefined index: id_ostan in /var/www/html/prof/Garden/liste_Greenhousn_old.php on line 271
[30-May-2026 07:43:52] PHP Notice:  Undefined index: id_city5 in /var/www/html/prof/Garden/liste_Greenhousn_old.php on line 272
[30-May-2026 07:43:52] PHP Notice:  Undefined index: id_mar in /var/www/html/prof/Garden/liste_Greenhousn_old.php on line 273
[30-May-2026 07:43:52] PHP Notice:  Undefined variable: add_abadi in /var/www/html/prof/Garden/liste_Greenhousn_old.php on line 387
[30-May-2026 07:43:52] PHP Notice:  Undefined variable: add_city in /var/www/html/prof/Garden/liste_Greenhousn_old.php on line 388
[30-May-2026 07:43:52] PHP Notice:  Undefined index: m_poul in /var/www/html/prof/Garden/liste_Greenhousn_old.php on line 393
[30-May-2026 07:43:52] PHP Warning:  session_regenerate_id(): Cannot regenerate session id - headers already sent in /var/www/html/prof/Garden/liste_Greenhousn_old.php on line 513
[30-May-2026 07:43:56] PHP Notice:  Undefined index: no_bah in /var/www/html/prof/Garden/liste_Greenhous_prod.php on line 125
[30-May-2026 07:43:56] PHP Notice:  Undefined variable: mess in /var/www/html/prof/Garden/Garden_edit.php on line 46
[30-May-2026 07:43:56] PHP Notice:  Undefined variable: mess in /var/www/html/prof/Garden/Garden_edit.php on line 149
[30-May-2026 07:43:57] PHP Notice:  Undefined index: bah_cod_m in /var/www/html/prof/Garden/manager_Garden.php on line 40
[30-May-2026 07:43:58] PHP Notice:  Undefined index: jens in /var/www/html/prof/Garden/Gardendata_edit.php on line 452
[30-May-2026 07:43:58] PHP Notice:  Undefined index: jens in /var/www/html/prof/Garden/Gardendata_edit.php on line 453
[30-May-2026 07:44:00] PHP Notice:  Undefined index: m_poul in /var/www/html/prof/Garden/Garden_edit.php on line 6
[30-May-2026 07:44:00] PHP Notice:  Undefined variable: mess in /var/www/html/prof/Garden/Garden_edit.php on line 149
[30-May-2026 07:44:06] PHP Notice:  Undefined variable: query1 in /var/www/html/prof/Garden/liste_Mushroom.php on line 297
[30-May-2026 07:44:06] PHP Notice:  Undefined variable: limit in /var/www/html/prof/Garden/liste_Mushroom.php on line 300
[30-May-2026 07:44:06] PHP Warning:  Division by zero in /var/www/html/prof/Garden/liste_Mushroom.php on line 300
[30-May-2026 07:44:06] PHP Notice:  Undefined variable: id in /var/www/html/prof/Garden/liste_Mushroom.php on line 301
[30-May-2026 07:44:06] PHP Notice:  Undefined variable: id in /var/www/html/prof/Garden/liste_Mushroom.php on line 316
[30-May-2026 07:44:07] PHP Notice:  Undefined index: m_poul in /var/www/html/prof/Garden/Garden_edit.php on line 6
[30-May-2026 07:44:07] PHP Notice:  Undefined variable: id_page in /var/www/html/prof/Garden/Garden_edit.php on line 9
[30-May-2026 07:44:07] PHP Notice:  Undefined variable: mess in /var/www/html/prof/Garden/Garden_edit.php on line 149
[30-May-2026 07:44:07] PHP Notice:  Undefined variable: m_vaz_sok in /var/www/html/prof/Garden/Garden_data.php on line 454
[30-May-2026 07:44:07] PHP Notice:  Undefined variable: m_vaz_sok in /var/www/html/prof/Garden/Garden_data.php on line 455
[30-May-2026 07:44:07] PHP Notice:  Undefined variable: md_ab in /var/www/html/prof/Garden/Garden_data.php on line 476
[30-May-2026 07:44:07] PHP Notice:  Undefined variable: no_sab in /var/www/html/prof/Garden/Garden_data.php on line 503
[30-May-2026 07:44:07] PHP Notice:  Undefined variable: no_sab in /var/www/html/prof/Garden/Garden_data.php on line 504
[30-May-2026 07:44:07] PHP Notice:  Undefined variable: no_sab in /var/www/html/prof/Garden/Garden_data.php on line 505
[30-May-2026 07:44:07] PHP Notice:  Undefined variable: no_sab in /var/www/html/prof/Garden/Garden_data.php on line 506
[30-May-2026 07:44:07] PHP Notice:  Undefined variable: h_ab in /var/www/html/prof/Garden/Garden_data.php on line 512
[30-May-2026 07:44:07] PHP Notice:  Undefined variable: mah_tol in /var/www/html/prof/Garden/Garden_data.php on line 605
[30-May-2026 07:44:07] PHP Notice:  Undefined variable: mah_tolp in /var/www/html/prof/Garden/Garden_data.php on line 608
[30-May-2026 07:44:07] PHP Notice:  Undefined variable: tree_gb in /var/www/html/prof/Garden/Garden_data.php on line 611
[30-May-2026 07:44:07] PHP Notice:  Undefined variable: tree_b in /var/www/html/prof/Garden/Garden_data.php on line 614
[30-May-2026 07:44:07] PHP Notice:  Undefined variable: s_kesht_gb in /var/www/html/prof/Garden/Garden_data.php on line 618
[30-May-2026 07:44:07] PHP Notice:  Undefined variable: s_kesht_b in /var/www/html/prof/Garden/Garden_data.php on line 621
[30-May-2026 07:44:07] PHP Notice:  Undefined variable: mah_name in /var/www/html/prof/Garden/Garden_data.php on line 625
[30-May-2026 07:44:07] PHP Notice:  Undefined variable: number in /var/www/html/prof/Garden/Garden_data.php on line 667
[30-May-2026 07:44:08] PHP Notice:  Undefined index: no_bah in /var/www/html/prof/Garden/liste_Greenhous_prod.php on line 125
[30-May-2026 07:44:14] PHP Notice:  Undefined variable: query1 in /var/www/html/prof/Garden/Garden_rep15.php on line 435
[30-May-2026 07:44:14] PHP Notice:  Undefined variable: limit in /var/www/html/prof/Garden/Garden_rep15.php on line 438
[30-May-2026 07:44:14] PHP Warning:  Division by zero in /var/www/html/prof/Garden/Garden_rep15.php on line 438
[30-May-2026 07:44:14] PHP Notice:  Undefined variable: id in /var/www/html/prof/Garden/Garden_rep15.php on line 461
[30-May-2026 07:44:14] PHP Notice:  Undefined variable: id in /var/www/html/prof/Garden/Garden_rep15.php on line 462
[30-May-2026 07:44:14] PHP Notice:  Undefined variable: id in /var/www/html/prof/Garden/Garden_rep15.php on line 467
[30-May-2026 07:44:14] PHP Notice:  Undefined variable: id in /var/www/html/prof/Garden/Garden_rep15.php on line 513
[30-May-2026 07:44:14] PHP Notice:  Undefined variable: mess in /var/www/html/prof/Garden/Garden_edit.php on line 46
[30-May-2026 07:44:14] PHP Notice:  Undefined variable: mess in /var/www/html/prof/Garden/Garden_edit.php on line 149
[30-May-2026 07:44:15] PHP Notice:  Undefined index: jens in /var/www/html/prof/Garden/Gardendata_edit.php on line 452
[30-May-2026 07:44:15] PHP Notice:  Undefined index: jens in /var/www/html/prof/Garden/Gardendata_edit.php on line 453
[30-May-2026 07:44:19] PHP Notice:  Undefined index: bah_cod_m in /var/www/html/prof/Garden/Greenhous_prodi.php on line 9
[30-May-2026 07:44:19] PHP Notice:  Undefined index: unit_id in /var/www/html/prof/Garden/Greenhous_prodi.php on line 10
[30-May-2026 07:44:19] PHP Notice:  Undefined index: y_prod in /var/www/html/prof/Garden/Greenhous_prodi.php on line 14
[30-May-2026 07:44:19] PHP Notice:  Undefined index: v_unit in /var/www/html/prof/Garden/Greenhous_prodi.php on line 15
[30-May-2026 07:44:19] PHP Notice:  Undefined index: unit_id in /var/www/html/prof/Garden/Greenhous_prodi.php on line 16
[30-May-2026 07:44:19] PHP Notice:  Undefined index: num_bah in /var/www/html/prof/Garden/Greenhous_prodi.php on line 17
[30-May-2026 07:44:19] PHP Notice:  Undefined variable: mess in /var/www/html/prof/Garden/Greenhous_prodi.php on line 135
[30-May-2026 07:44:19] PHP Notice:  Undefined variable: row in /var/www/html/prof/Garden/Greenhous_prodi.php on line 197
[30-May-2026 07:44:19] PHP Notice:  Undefined variable: row in /var/www/html/prof/Garden/Greenhous_prodi.php on line 219
[30-May-2026 07:44:19] PHP Notice:  Undefined variable: id_city in /var/www/html/prof/Garden/Greenhous_prodi.php on line 221
[30-May-2026 07:44:19] PHP Notice:  Undefined variable: add_abadi in /var/www/html/prof/Garden/Greenhous_prodi.php on line 222
[30-May-2026 07:44:19] PHP Notice:  Undefined variable: add_city in /var/www/html/prof/Garden/Greenhous_prodi.php on line 223
[30-May-2026 07:44:19] PHP Notice:  Undefined variable: id_mar in /var/www/html/prof/Garden/Greenhous_prodi.php on line 224
[30-May-2026 07:44:25] PHP Notice:  Undefined index: cod_mah in /var/www/html/prof/Garden/Garden_rep15.php on line 396
[30-May-2026 07:44:25] PHP Notice:  Undefined index: cod_mah in /var/www/html/prof/Garden/Garden_rep15.php on line 396
[30-May-2026 07:44:25] PHP Notice:  Undefined index: cod_mah in /var/www/html/prof/Garden/Garden_rep15.php on line 396
[30-May-2026 07:44:25] PHP Notice:  Undefined index: cod_mah in /var/www/html/prof/Garden/Garden_rep15.php on line 396
[30-May-2026 07:44:25] PHP Notice:  Undefined index: cod_mah in /var/www/html/prof/Garden/Garden_rep15.php on line 396
[30-May-2026 07:44:25] PHP Notice:  Undefined index: cod_mah in /var/www/html/prof/Garden/Garden_rep15.php on line 396
[30-May-2026 07:44:25] PHP Notice:  Undefined index: cod_mah in /var/www/html/prof/Garden/Garden_rep15.php on line 396
[30-May-2026 07:44:25] PHP Notice:  Undefined index: cod_mah in /var/www/html/prof/Garden/Garden_rep15.php on line 396
[30-May-2026 07:44:25] PHP Notice:  Undefined index: cod_mah in /var/www/html/prof/Garden/Garden_rep15.php on line 396
[30-May-2026 07:44:25] PHP Notice:  Undefined index: cod_mah in /var/www/html/prof/Garden/Garden_rep15.php on line 396
[30-May-2026 07:44:25] PHP Notice:  Undefined index: cod_mah in /var/www/html/prof/Garden/Garden_rep15.php on line 396
[30-May-2026 07:44:25] PHP Notice:  Undefined index: cod_mah in /var/www/html/prof/Garden/Garden_rep15.php on line 396
[30-May-2026 07:44:27] PHP Notice:  Undefined variable: mess in /var/www/html/prof/Garden/Greenhous_prodi.php on line 135
[30-May-2026 07:44:27] PHP Notice:  Undefined variable: id_city in /var/www/html/prof/Garden/Greenhous_prodi.php on line 221
[30-May-2026 07:44:27] PHP Notice:  Undefined variable: add_abadi in /var/www/html/prof/Garden/Greenhous_prodi.php on line 222
[30-May-2026 07:44:27] PHP Notice:  Undefined variable: add_city in /var/www/html/prof/Garden/Greenhous_prodi.php on line 223
[30-May-2026 07:44:27] PHP Notice:  Undefined variable: id_mar in /var/www/html/prof/Garden/Greenhous_prodi.php on line 224
[30-May-2026 07:44:40] PHP Notice:  Undefined variable: no_kesh in /var/www/html/prof/Garden/Greenhous.php on line 103
[30-May-2026 07:44:40] PHP Notice:  Undefined variable: nah_kesh in /var/www/html/prof/Garden/Greenhous_data.php on line 355
[30-May-2026 07:44:40] PHP Notice:  Undefined variable: lng_ds in /var/www/html/prof/Garden/Greenhous_data.php on line 369
[30-May-2026 07:44:40] PHP Notice:  Undefined variable: lng_s in /var/www/html/prof/Garden/Greenhous_data.php on line 370
[30-May-2026 07:44:40] PHP Notice:  Undefined variable: lng_m in /var/www/html/prof/Garden/Greenhous_data.php on line 371
[30-May-2026 07:44:40] PHP Notice:  Undefined variable: lng_d in /var/www/html/prof/Garden/Greenhous_data.php on line 372
[30-May-2026 07:44:40] PHP Notice:  Undefined variable: lat_ds in /var/www/html/prof/Garden/Greenhous_data.php on line 376
[30-May-2026 07:44:40] PHP Notice:  Undefined variable: lat_s in /var/www/html/prof/Garden/Greenhous_data.php on line 377
[30-May-2026 07:44:40] PHP Notice:  Undefined variable: lat_m in /var/www/html/prof/Garden/Greenhous_data.php on line 378
[30-May-2026 07:44:40] PHP Notice:  Undefined variable: lat_d in /var/www/html/prof/Garden/Greenhous_data.php on line 379
[30-May-2026 07:44:40] PHP Notice:  Undefined variable: m_zamin_gol in /var/www/html/prof/Garden/Greenhous_data.php on line 389
[30-May-2026 07:44:40] PHP Notice:  Undefined variable: m_zamin in /var/www/html/prof/Garden/Greenhous_data.php on line 399
[30-May-2026 07:44:40] PHP Notice:  Undefined index: jens in /var/www/html/prof/Garden/Greenhous_data.php on line 414
[30-May-2026 07:44:40] PHP Notice:  Undefined index: jens in /var/www/html/prof/Garden/Greenhous_data.php on line 415
[30-May-2026 07:44:40] PHP Notice:  Undefined variable: m_addres in /var/www/html/prof/Garden/Greenhous_data.php on line 452
[30-May-2026 07:44:40] PHP Notice:  Undefined variable: m_vaz_sok in /var/www/html/prof/Garden/Greenhous_data.php on line 463
[30-May-2026 07:44:40] PHP Notice:  Undefined variable: m_vaz_sok in /var/www/html/prof/Garden/Greenhous_data.php on line 464
[30-May-2026 07:44:40] PHP Notice:  Undefined variable: unit_name in /var/www/html/prof/Garden/Greenhous_data.php on line 497
[30-May-2026 07:44:40] PHP Notice:  Undefined variable: pb_date in /var/www/html/prof/Garden/Greenhous_data.php on line 520
[30-May-2026 07:44:40] PHP Notice:  Undefined variable: pb_no in /var/www/html/prof/Garden/Greenhous_data.php on line 526
[30-May-2026 07:44:40] PHP Notice:  Undefined variable: sar_kol in /var/www/html/prof/Garden/Greenhous_data.php on line 534
[30-May-2026 07:44:40] PHP Notice:  Undefined variable: sal_tas in /var/www/html/prof/Garden/Greenhous_data.php on line 540
[30-May-2026 07:44:40] PHP Notice:  Undefined variable: num_ab in /var/www/html/prof/Garden/Greenhous_data.php on line 677
[30-May-2026 07:44:40] PHP Notice:  Undefined variable: m_ab in /var/www/html/prof/Garden/Greenhous_data.php on line 684
[30-May-2026 07:44:40] PHP Notice:  Undefined variable: m_ab in /var/www/html/prof/Garden/Greenhous_data.php on line 685
[30-May-2026 07:44:40] PHP Notice:  Undefined variable: m_ab in /var/www/html/prof/Garden/Greenhous_data.php on line 686
[30-May-2026 07:44:40] PHP Notice:  Undefined variable: m_ab in /var/www/html/prof/Garden/Greenhous_data.php on line 687
[30-May-2026 07:44:40] PHP Notice:  Undefined variable: m_ab in /var/www/html/prof/Garden/Greenhous_data.php on line 688
[30-May-2026 07:44:40] PHP Notice:  Undefined variable: m_ab in /var/www/html/prof/Garden/Greenhous_data.php on line 689
[30-May-2026 07:44:40] PHP Notice:  Undefined variable: m_ab in /var/www/html/prof/Garden/Greenhous_data.php on line 690
[30-May-2026 07:44:40] PHP Notice:  Undefined variable: m_ab in /var/www/html/prof/Garden/Greenhous_data.php on line 691
[30-May-2026 07:44:40] PHP Notice:  Undefined variable: m_ab in /var/www/html/prof/Garden/Greenhous_data.php on line 692
[30-May-2026 07:44:40] PHP Notice:  Undefined variable: m_ab in /var/www/html/prof/Garden/Greenhous_data.php on line 693
[30-May-2026 07:44:40] PHP Notice:  Undefined variable: m_ab in /var/www/html/prof/Garden/Greenhous_data.php on line 694
[30-May-2026 07:44:44] PHP Notice:  Undefined variable: mess in /var/www/html/prof/Garden/Greenhous_prodi.php on line 43
[30-May-2026 07:44:44] PHP Notice:  Undefined variable: mess in /var/www/html/prof/Garden/Greenhous_prodi.php on line 58
[30-May-2026 07:44:44] PHP Notice:  Undefined variable: mess in /var/www/html/prof/Garden/Greenhous_prodi.php on line 135
[30-May-2026 07:44:44] PHP Notice:  Undefined variable: id_city in /var/www/html/prof/Garden/Greenhous_prodi.php on line 221
[30-May-2026 07:44:44] PHP Notice:  Undefined variable: add_abadi in /var/www/html/prof/Garden/Greenhous_prodi.php on line 222
[30-May-2026 07:44:44] PHP Notice:  Undefined variable: add_city in /var/www/html/prof/Garden/Greenhous_prodi.php on line 223
[30-May-2026 07:44:44] PHP Notice:  Undefined variable: id_mar in /var/www/html/prof/Garden/Greenhous_prodi.php on line 224
[30-May-2026 07:44:44] PHP Notice:  Undefined variable: t_mar in /var/www/html/prof/Garden/Greenh_prod.php on line 332
[30-May-2026 07:44:44] PHP Notice:  Undefined variable: z_dep in /var/www/html/prof/Garden/Greenh_prod.php on line 337
[30-May-2026 07:44:44] PHP Notice:  Undefined variable: t_zan in /var/www/html/prof/Garden/Greenh_prod.php on line 343
[30-May-2026 07:44:44] PHP Notice:  Undefined variable: lisan in /var/www/html/prof/Garden/Greenh_prod.php on line 347
[30-May-2026 07:44:44] PHP Notice:  Undefined variable: m_fani in /var/www/html/prof/Garden/Greenh_prod.php on line 355
[30-May-2026 07:44:44] PHP Notice:  Undefined variable: m_fani in /var/www/html/prof/Garden/Greenh_prod.php on line 356
[30-May-2026 07:44:44] PHP Notice:  Undefined variable: t_mar in /var/www/html/prof/Garden/Greenh_prod.php on line 361
[30-May-2026 07:44:44] PHP Notice:  Undefined variable: gar_ma in /var/www/html/prof/Garden/Greenh_prod.php on line 380
[30-May-2026 07:44:44] PHP Notice:  Undefined variable: gar_m in /var/www/html/prof/Garden/Greenh_prod.php on line 383
[30-May-2026 07:44:44] PHP Notice:  Undefined variable: gar_ja in /var/www/html/prof/Garden/Greenh_prod.php on line 386
[30-May-2026 07:44:44] PHP Notice:  Undefined variable: gar_j in /var/www/html/prof/Garden/Greenh_prod.php on line 389
[30-May-2026 07:44:44] PHP Notice:  Undefined variable: hash_ma in /var/www/html/prof/Garden/Greenh_prod.php on line 395
[30-May-2026 07:44:44] PHP Notice:  Undefined variable: hash_m in /var/www/html/prof/Garden/Greenh_prod.php on line 398
[30-May-2026 07:44:44] PHP Notice:  Undefined variable: hash_ja in /var/www/html/prof/Garden/Greenh_prod.php on line 401
[30-May-2026 07:44:44] PHP Notice:  Undefined variable: hash_j in /var/www/html/prof/Garden/Greenh_prod.php on line 404
[30-May-2026 07:44:44] PHP Notice:  Undefined variable: zof_ma in /var/www/html/prof/Garden/Greenh_prod.php on line 410
[30-May-2026 07:44:44] PHP Notice:  Undefined variable: zof_m in /var/www/html/prof/Garden/Greenh_prod.php on line 413
[30-May-2026 07:44:44] PHP Notice:  Undefined variable: zof_ja in /var/www/html/prof/Garden/Greenh_prod.php on line 416
[30-May-2026 07:44:44] PHP Notice:  Undefined variable: zof_j in /var/www/html/prof/Garden/Greenh_prod.php on line 419
[30-May-2026 07:44:44] PHP Notice:  Undefined variable: kod_h3_a in /var/www/html/prof/Garden/Greenh_prod.php on line 446
[30-May-2026 07:44:44] PHP Notice:  Undefined variable: kod_h3_m in /var/www/html/prof/Garden/Greenh_prod.php on line 449
[30-May-2026 07:44:44] PHP Notice:  Undefined variable: kod_h2_a in /var/www/html/prof/Garden/Greenh_prod.php on line 453
[30-May-2026 07:44:44] PHP Notice:  Undefined variable: kod_h2_m in /var/www/html/prof/Garden/Greenh_prod.php on line 456
[30-May-2026 07:44:44] PHP Notice:  Undefined variable: kod_h1_a in /var/www/html/prof/Garden/Greenh_prod.php on line 460
[30-May-2026 07:44:44] PHP Notice:  Undefined variable: kod_h1_m in /var/www/html/prof/Garden/Greenh_prod.php on line 463
[30-May-2026 07:44:44] PHP Notice:  Undefined variable: kod_sh3_a in /var/www/html/prof/Garden/Greenh_prod.php on line 470
[30-May-2026 07:44:44] PHP Notice:  Undefined variable: kod_sh3_m in /var/www/html/prof/Garden/Greenh_prod.php on line 473
[30-May-2026 07:44:44] PHP Notice:  Undefined variable: kod_sh2_a in /var/www/html/prof/Garden/Greenh_prod.php on line 477
[30-May-2026 07:44:44] PHP Notice:  Undefined variable: kod_sh2_m in /var/www/html/prof/Garden/Greenh_prod.php on line 480
[30-May-2026 07:44:44] PHP Notice:  Undefined variable: kod_sh1_a in /var/www/html/prof/Garden/Greenh_prod.php on line 484
[30-May-2026 07:44:44] PHP Notice:  Undefined variable: kod_sh1_m in /var/www/html/prof/Garden/Greenh_prod.php on line 487
[30-May-2026 07:44:44] PHP Notice:  Undefined variable: kod_bio3_a in /var/www/html/prof/Garden/Greenh_prod.php on line 494
[30-May-2026 07:44:44] PHP Notice:  Undefined variable: kod_bio3_m in /var/www/html/prof/Garden/Greenh_prod.php on line 497
[30-May-2026 07:44:44] PHP Notice:  Undefined variable: kod_bio2_a in /var/www/html/prof/Garden/Greenh_prod.php on line 501
[30-May-2026 07:44:44] PHP Notice:  Undefined variable: kod_bio2_m in /var/www/html/prof/Garden/Greenh_prod.php on line 504
[30-May-2026 07:44:44] PHP Notice:  Undefined variable: kod_bio1_a in /var/www/html/prof/Garden/Greenh_prod.php on line 508
[30-May-2026 07:44:44] PHP Notice:  Undefined variable: kod_bio1_m in /var/www/html/prof/Garden/Greenh_prod.php on line 511
[30-May-2026 07:44:44] PHP Notice:  Undefined variable: gazoil_m in /var/www/html/prof/Garden/Greenh_prod.php on line 545
[30-May-2026 07:44:44] PHP Notice:  Undefined variable: benz_m in /var/www/html/prof/Garden/Greenh_prod.php on line 548
[30-May-2026 07:44:44] PHP Notice:  Undefined variable: ab_m in /var/www/html/prof/Garden/Greenh_prod.php on line 551
[30-May-2026 07:44:44] PHP Notice:  Undefined variable: gazoil_a in /var/www/html/prof/Garden/Greenh_prod.php on line 567
[30-May-2026 07:44:44] PHP Notice:  Undefined variable: benz_a in /var/www/html/prof/Garden/Greenh_prod.php on line 570
[30-May-2026 07:44:44] PHP Notice:  Undefined variable: ab_a in /var/www/html/prof/Garden/Greenh_prod.php on line 573
[30-May-2026 07:44:44] PHP Notice:  Undefined variable: bazr_a in /var/www/html/prof/Garden/Greenh_prod.php on line 594
[30-May-2026 07:44:44] PHP Notice:  Undefined variable: bazr_m in /var/www/html/prof/Garden/Greenh_prod.php on line 598
[30-May-2026 07:44:44] PHP Notice:  Undefined variable: nesha_a in /var/www/html/prof/Garden/Greenh_prod.php on line 606
[30-May-2026 07:44:44] PHP Notice:  Undefined variable: nesha_m in /var/www/html/prof/Garden/Greenh_prod.php on line 611
[30-May-2026 07:44:44] PHP Notice:  Undefined variable: t_zgard in /var/www/html/prof/Garden/Greenh_prod.php on line 620
[30-May-2026 07:44:44] PHP Notice:  Undefined variable: t_hshekar in /var/www/html/prof/Garden/Greenh_prod.php on line 625
[30-May-2026 07:44:44] PHP Notice:  Undefined variable: b_say in /var/www/html/prof/Garden/Greenh_prod.php on line 647
[30-May-2026 07:44:44] PHP Notice:  Undefined variable: b_pet in /var/www/html/prof/Garden/Greenh_prod.php on line 650
[30-May-2026 07:44:44] PHP Notice:  Undefined variable: b_per in /var/www/html/prof/Garden/Greenh_prod.php on line 653
[30-May-2026 07:44:44] PHP Notice:  Undefined variable: b_mas in /var/www/html/prof/Garden/Greenh_prod.php on line 656
[30-May-2026 07:44:44] PHP Notice:  Undefined variable: b_coco in /var/www/html/prof/Garden/Greenh_prod.php on line 659
[30-May-2026 07:44:44] PHP Notice:  Undefined variable: id in /var/www/html/prof/Garden/Greenh_prod.php on line 697
[30-May-2026 07:44:44] PHP Notice:  Undefined variable: id in /var/www/html/prof/Garden/Greenh_prod.php on line 700
[30-May-2026 07:44:44] PHP Notice:  Undefined variable: id in /var/www/html/prof/Garden/Greenh_prod.php on line 713
[30-May-2026 07:44:44] PHP Notice:  Undefined variable: id in /var/www/html/prof/Garden/Greenh_prod.php on line 723
[30-May-2026 07:44:44] PHP Notice:  Undefined variable: mah_name in /var/www/html/prof/Garden/Greenh_prod.php on line 837
[30-May-2026 07:44:44] PHP Notice:  Undefined variable: mah_name in /var/www/html/prof/Garden/Greenh_prod.php on line 837
[30-May-2026 07:44:44] PHP Notice:  Undefined variable: number in /var/www/html/prof/Garden/Greenh_prod.php on line 887
[30-May-2026 07:44:51] PHP Notice:  Undefined variable: mess in /var/www/html/prof/Garden/Greenhous_prodi.php on line 135
[30-May-2026 07:44:51] PHP Notice:  Undefined variable: id_city in /var/www/html/prof/Garden/Greenhous_prodi.php on line 221
[30-May-2026 07:44:51] PHP Notice:  Undefined variable: add_abadi in /var/www/html/prof/Garden/Greenhous_prodi.php on line 222
[30-May-2026 07:44:51] PHP Notice:  Undefined variable: add_city in /var/www/html/prof/Garden/Greenhous_prodi.php on line 223
[30-May-2026 07:44:52] PHP Notice:  Undefined variable: id in /var/www/html/prof/Garden/Greenh_prod.php on line 697
[30-May-2026 07:44:52] PHP Notice:  Undefined variable: id in /var/www/html/prof/Garden/Greenh_prod.php on line 700
[30-May-2026 07:44:52] PHP Notice:  Undefined variable: mah_name in /var/www/html/prof/Garden/Greenh_prod.php on line 837
[30-May-2026 07:44:52] PHP Notice:  Undefined variable: mah_name in /var/www/html/prof/Garden/Greenh_prod.php on line 837
[30-May-2026 07:44:52] PHP Notice:  Undefined variable: number in /var/www/html/prof/Garden/Greenh_prod.php on line 887
[30-May-2026 07:44:58] PHP Notice:  Undefined variable: mess in /var/www/html/prof/Garden/Greenhous_prodi.php on line 43
[30-May-2026 07:44:58] PHP Notice:  Undefined variable: mess in /var/www/html/prof/Garden/Greenhous_prodi.php on line 58
[30-May-2026 07:44:58] PHP Notice:  Undefined variable: mess in /var/www/html/prof/Garden/Greenhous_prodi.php on line 135
[30-May-2026 07:44:58] PHP Notice:  Undefined variable: id_city in /var/www/html/prof/Garden/Greenhous_prodi.php on line 221
[30-May-2026 07:44:58] PHP Notice:  Undefined variable: add_abadi in /var/www/html/prof/Garden/Greenhous_prodi.php on line 222
[30-May-2026 07:44:58] PHP Notice:  Undefined variable: add_city in /var/www/html/prof/Garden/Greenhous_prodi.php on line 223
[30-May-2026 07:44:58] PHP Notice:  Undefined variable: t_mar in /var/www/html/prof/Garden/Greenh_prod.php on line 332
[30-May-2026 07:44:58] PHP Notice:  Undefined variable: z_dep in /var/www/html/prof/Garden/Greenh_prod.php on line 337
[30-May-2026 07:44:58] PHP Notice:  Undefined variable: t_zan in /var/www/html/prof/Garden/Greenh_prod.php on line 343
[30-May-2026 07:44:58] PHP Notice:  Undefined variable: lisan in /var/www/html/prof/Garden/Greenh_prod.php on line 347
[30-May-2026 07:44:58] PHP Notice:  Undefined variable: m_fani in /var/www/html/prof/Garden/Greenh_prod.php on line 355
[30-May-2026 07:44:58] PHP Notice:  Undefined variable: m_fani in /var/www/html/prof/Garden/Greenh_prod.php on line 356
[30-May-2026 07:44:58] PHP Notice:  Undefined variable: t_mar in /var/www/html/prof/Garden/Greenh_prod.php on line 361
[30-May-2026 07:44:58] PHP Notice:  Undefined variable: gar_ma in /var/www/html/prof/Garden/Greenh_prod.php on line 380
[30-May-2026 07:44:58] PHP Notice:  Undefined variable: gar_m in /var/www/html/prof/Garden/Greenh_prod.php on line 383
[30-May-2026 07:44:58] PHP Notice:  Undefined variable: gar_ja in /var/www/html/prof/Garden/Greenh_prod.php on line 386
[30-May-2026 07:44:58] PHP Notice:  Undefined variable: gar_j in /var/www/html/prof/Garden/Greenh_prod.php on line 389
[30-May-2026 07:44:58] PHP Notice:  Undefined variable: hash_ma in /var/www/html/prof/Garden/Greenh_prod.php on line 395
[30-May-2026 07:44:58] PHP Notice:  Undefined variable: hash_m in /var/www/html/prof/Garden/Greenh_prod.php on line 398
[30-May-2026 07:44:58] PHP Notice:  Undefined variable: hash_ja in /var/www/html/prof/Garden/Greenh_prod.php on line 401
[30-May-2026 07:44:58] PHP Notice:  Undefined variable: hash_j in /var/www/html/prof/Garden/Greenh_prod.php on line 404
[30-May-2026 07:44:58] PHP Notice:  Undefined variable: zof_ma in /var/www/html/prof/Garden/Greenh_prod.php on line 410
[30-May-2026 07:44:58] PHP Notice:  Undefined variable: zof_m in /var/www/html/prof/Garden/Greenh_prod.php on line 413
[30-May-2026 07:44:58] PHP Notice:  Undefined variable: zof_ja in /var/www/html/prof/Garden/Greenh_prod.php on line 416
[30-May-2026 07:44:58] PHP Notice:  Undefined variable: zof_j in /var/www/html/prof/Garden/Greenh_prod.php on line 419
[30-May-2026 07:44:58] PHP Notice:  Undefined variable: kod_h3_a in /var/www/html/prof/Garden/Greenh_prod.php on line 446
[30-May-2026 07:44:58] PHP Notice:  Undefined variable: kod_h3_m in /var/www/html/prof/Garden/Greenh_prod.php on line 449
[30-May-2026 07:44:58] PHP Notice:  Undefined variable: kod_h2_a in /var/www/html/prof/Garden/Greenh_prod.php on line 453
[30-May-2026 07:44:58] PHP Notice:  Undefined variable: kod_h2_m in /var/www/html/prof/Garden/Greenh_prod.php on line 456
[30-May-2026 07:44:58] PHP Notice:  Undefined variable: kod_h1_a in /var/www/html/prof/Garden/Greenh_prod.php on line 460
[30-May-2026 07:44:58] PHP Notice:  Undefined variable: kod_h1_m in /var/www/html/prof/Garden/Greenh_prod.php on line 463
[30-May-2026 07:44:58] PHP Notice:  Undefined variable: kod_sh3_a in /var/www/html/prof/Garden/Greenh_prod.php on line 470
[30-May-2026 07:44:58] PHP Notice:  Undefined variable: kod_sh3_m in /var/www/html/prof/Garden/Greenh_prod.php on line 473
[30-May-2026 07:44:58] PHP Notice:  Undefined variable: kod_sh2_a in /var/www/html/prof/Garden/Greenh_prod.php on line 477
[30-May-2026 07:44:58] PHP Notice:  Undefined variable: kod_sh2_m in /var/www/html/prof/Garden/Greenh_prod.php on line 480
[30-May-2026 07:44:58] PHP Notice:  Undefined variable: kod_sh1_a in /var/www/html/prof/Garden/Greenh_prod.php on line 484
[30-May-2026 07:44:58] PHP Notice:  Undefined variable: kod_sh1_m in /var/www/html/prof/Garden/Greenh_prod.php on line 487
[30-May-2026 07:44:58] PHP Notice:  Undefined variable: kod_bio3_a in /var/www/html/prof/Garden/Greenh_prod.php on line 494
[30-May-2026 07:44:58] PHP Notice:  Undefined variable: kod_bio3_m in /var/www/html/prof/Garden/Greenh_prod.php on line 497
[30-May-2026 07:44:58] PHP Notice:  Undefined variable: kod_bio2_a in /var/www/html/prof/Garden/Greenh_prod.php on line 501
[30-May-2026 07:44:58] PHP Notice:  Undefined variable: kod_bio2_m in /var/www/html/prof/Garden/Greenh_prod.php on line 504
[30-May-2026 07:44:58] PHP Notice:  Undefined variable: kod_bio1_a in /var/www/html/prof/Garden/Greenh_prod.php on line 508
[30-May-2026 07:44:58] PHP Notice:  Undefined variable: kod_bio1_m in /var/www/html/prof/Garden/Greenh_prod.php on line 511
[30-May-2026 07:44:58] PHP Notice:  Undefined variable: barg_m in /var/www/html/prof/Garden/Greenh_prod.php on line 541
[30-May-2026 07:44:58] PHP Notice:  Undefined variable: gazoil_m in /var/www/html/prof/Garden/Greenh_prod.php on line 545
[30-May-2026 07:44:58] PHP Notice:  Undefined variable: benz_m in /var/www/html/prof/Garden/Greenh_prod.php on line 548
[30-May-2026 07:44:58] PHP Notice:  Undefined variable: ab_m in /var/www/html/prof/Garden/Greenh_prod.php on line 551
[30-May-2026 07:44:58] PHP Notice:  Undefined variable: barg_a in /var/www/html/prof/Garden/Greenh_prod.php on line 563
[30-May-2026 07:44:58] PHP Notice:  Undefined variable: gazoil_a in /var/www/html/prof/Garden/Greenh_prod.php on line 567
[30-May-2026 07:44:58] PHP Notice:  Undefined variable: benz_a in /var/www/html/prof/Garden/Greenh_prod.php on line 570
[30-May-2026 07:44:58] PHP Notice:  Undefined variable: ab_a in /var/www/html/prof/Garden/Greenh_prod.php on line 573
[30-May-2026 07:44:58] PHP Notice:  Undefined variable: bazr_a in /var/www/html/prof/Garden/Greenh_prod.php on line 594
[30-May-2026 07:44:58] PHP Notice:  Undefined variable: bazr_m in /var/www/html/prof/Garden/Greenh_prod.php on line 598
[30-May-2026 07:44:58] PHP Notice:  Undefined variable: nesha_a in /var/www/html/prof/Garden/Greenh_prod.php on line 606
[30-May-2026 07:44:58] PHP Notice:  Undefined variable: nesha_m in /var/www/html/prof/Garden/Greenh_prod.php on line 611
[30-May-2026 07:44:58] PHP Notice:  Undefined variable: t_zgard in /var/www/html/prof/Garden/Greenh_prod.php on line 620
[30-May-2026 07:44:58] PHP Notice:  Undefined variable: t_hshekar in /var/www/html/prof/Garden/Greenh_prod.php on line 625
[30-May-2026 07:44:58] PHP Notice:  Undefined variable: b_say in /var/www/html/prof/Garden/Greenh_prod.php on line 647
[30-May-2026 07:44:58] PHP Notice:  Undefined variable: b_pet in /var/www/html/prof/Garden/Greenh_prod.php on line 650
[30-May-2026 07:44:58] PHP Notice:  Undefined variable: b_per in /var/www/html/prof/Garden/Greenh_prod.php on line 653
[30-May-2026 07:44:58] PHP Notice:  Undefined variable: b_mas in /var/www/html/prof/Garden/Greenh_prod.php on line 656
[30-May-2026 07:44:58] PHP Notice:  Undefined variable: b_coco in /var/www/html/prof/Garden/Greenh_prod.php on line 659
[30-May-2026 07:44:58] PHP Notice:  Undefined variable: id in /var/www/html/prof/Garden/Greenh_prod.php on line 697
[30-May-2026 07:44:58] PHP Notice:  Undefined variable: id in /var/www/html/prof/Garden/Greenh_prod.php on line 700
[30-May-2026 07:44:58] PHP Notice:  Undefined variable: id in /var/www/html/prof/Garden/Greenh_prod.php on line 713
[30-May-2026 07:44:58] PHP Notice:  Undefined variable: id in /var/www/html/prof/Garden/Greenh_prod.php on line 723
[30-May-2026 07:44:58] PHP Notice:  Undefined variable: mah_name in /var/www/html/prof/Garden/Greenh_prod.php on line 837
[30-May-2026 07:44:58] PHP Notice:  Undefined variable: mah_name in /var/www/html/prof/Garden/Greenh_prod.php on line 837
[30-May-2026 07:44:58] PHP Notice:  Undefined variable: number in /var/www/html/prof/Garden/Greenh_prod.php on line 887
[30-May-2026 07:45:02] PHP Notice:  Undefined index: bah_cod_m in /var/www/html/prof/Garden/manager_Garden.php on line 40
[30-May-2026 07:45:09] PHP Notice:  Undefined index: bah_cod_m in /var/www/html/prof/Garden/Greenhous_prodi.php on line 9
[30-May-2026 07:45:09] PHP Notice:  Undefined index: unit_id in /var/www/html/prof/Garden/Greenhous_prodi.php on line 10
[30-May-2026 07:45:09] PHP Notice:  Undefined index: y_prod in /var/www/html/prof/Garden/Greenhous_prodi.php on line 14
[30-May-2026 07:45:09] PHP Notice:  Undefined index: v_unit in /var/www/html/prof/Garden/Greenhous_prodi.php on line 15
[30-May-2026 07:45:09] PHP Notice:  Undefined index: unit_id in /var/www/html/prof/Garden/Greenhous_prodi.php on line 16
[30-May-2026 07:45:09] PHP Notice:  Undefined index: num_bah in /var/www/html/prof/Garden/Greenhous_prodi.php on line 17
[30-May-2026 07:45:09] PHP Notice:  Undefined variable: mess in /var/www/html/prof/Garden/Greenhous_prodi.php on line 135
[30-May-2026 07:45:09] PHP Notice:  Undefined variable: row in /var/www/html/prof/Garden/Greenhous_prodi.php on line 197
[30-May-2026 07:45:09] PHP Notice:  Undefined variable: row in /var/www/html/prof/Garden/Greenhous_prodi.php on line 219
[30-May-2026 07:45:09] PHP Notice:  Undefined variable: add_abadi in /var/www/html/prof/Garden/Greenhous_prodi.php on line 222
[30-May-2026 07:45:09] PHP Notice:  Undefined variable: add_city in /var/www/html/prof/Garden/Greenhous_prodi.php on line 223
[30-May-2026 07:45:15] PHP Notice:  Undefined variable: mess in /var/www/html/prof/Garden/Greenhous_prodi.php on line 135
[30-May-2026 07:45:15] PHP Notice:  Undefined variable: add_abadi in /var/www/html/prof/Garden/Greenhous_prodi.php on line 222
[30-May-2026 07:45:15] PHP Notice:  Undefined variable: add_city in /var/www/html/prof/Garden/Greenhous_prodi.php on line 223
[30-May-2026 07:45:18] PHP Notice:  Undefined variable: id in /var/www/html/prof/Garden/Greenh_prod.php on line 697
[30-May-2026 07:45:18] PHP Notice:  Undefined variable: id in /var/www/html/prof/Garden/Greenh_prod.php on line 700
[30-May-2026 07:45:18] PHP Notice:  Undefined variable: mah_name in /var/www/html/prof/Garden/Greenh_prod.php on line 837
[30-May-2026 07:45:18] PHP Notice:  Undefined variable: mah_name in /var/www/html/prof/Garden/Greenh_prod.php on line 837
[30-May-2026 07:45:18] PHP Notice:  Undefined variable: number in /var/www/html/prof/Garden/Greenh_prod.php on line 887
[30-May-2026 07:45:21] PHP Notice:  Undefined index: bah_cod_m in /var/www/html/prof/Garden/Greenhous_prodi.php on line 9
[30-May-2026 07:45:21] PHP Notice:  Undefined index: unit_id in /var/www/html/prof/Garden/Greenhous_prodi.php on line 10
[30-May-2026 07:45:21] PHP Notice:  Undefined index: y_prod in /var/www/html/prof/Garden/Greenhous_prodi.php on line 14
[30-May-2026 07:45:21] PHP Notice:  Undefined index: v_unit in /var/www/html/prof/Garden/Greenhous_prodi.php on line 15
[30-May-2026 07:45:21] PHP Notice:  Undefined index: unit_id in /var/www/html/prof/Garden/Greenhous_prodi.php on line 16
[30-May-2026 07:45:21] PHP Notice:  Undefined index: num_bah in /var/www/html/prof/Garden/Greenhous_prodi.php on line 17
[30-May-2026 07:45:21] PHP Notice:  Undefined variable: mess in /var/www/html/prof/Garden/Greenhous_prodi.php on line 135
[30-May-2026 07:45:21] PHP Notice:  Undefined variable: row in /var/www/html/prof/Garden/Greenhous_prodi.php on line 197
[30-May-2026 07:45:21] PHP Notice:  Undefined variable: row in /var/www/html/prof/Garden/Greenhous_prodi.php on line 219
[30-May-2026 07:45:21] PHP Notice:  Undefined variable: add_abadi in /var/www/html/prof/Garden/Greenhous_prodi.php on line 222
[30-May-2026 07:45:21] PHP Notice:  Undefined variable: add_city in /var/www/html/prof/Garden/Greenhous_prodi.php on line 223
[30-May-2026 07:45:25] PHP Notice:  Undefined variable: mess in /var/www/html/prof/Garden/Greenhous_prodi.php on line 43
[30-May-2026 07:45:25] PHP Notice:  Undefined variable: mess in /var/www/html/prof/Garden/Greenhous_prodi.php on line 58
[30-May-2026 07:45:25] PHP Notice:  Undefined variable: mess in /var/www/html/prof/Garden/Greenhous_prodi.php on line 135
[30-May-2026 07:45:25] PHP Notice:  Undefined variable: add_abadi in /var/www/html/prof/Garden/Greenhous_prodi.php on line 222
[30-May-2026 07:45:25] PHP Notice:  Undefined variable: add_city in /var/www/html/prof/Garden/Greenhous_prodi.php on line 223
[30-May-2026 07:45:25] PHP Notice:  Undefined variable: t_mar in /var/www/html/prof/Garden/Greenh_prod.php on line 332
[30-May-2026 07:45:25] PHP Notice:  Undefined variable: z_dep in /var/www/html/prof/Garden/Greenh_prod.php on line 337
[30-May-2026 07:45:25] PHP Notice:  Undefined variable: t_zan in /var/www/html/prof/Garden/Greenh_prod.php on line 343
[30-May-2026 07:45:25] PHP Notice:  Undefined variable: lisan in /var/www/html/prof/Garden/Greenh_prod.php on line 347
[30-May-2026 07:45:25] PHP Notice:  Undefined variable: m_fani in /var/www/html/prof/Garden/Greenh_prod.php on line 355
[30-May-2026 07:45:25] PHP Notice:  Undefined variable: m_fani in /var/www/html/prof/Garden/Greenh_prod.php on line 356
[30-May-2026 07:45:25] PHP Notice:  Undefined variable: t_mar in /var/www/html/prof/Garden/Greenh_prod.php on line 361
[30-May-2026 07:45:25] PHP Notice:  Undefined variable: gar_ma in /var/www/html/prof/Garden/Greenh_prod.php on line 380
[30-May-2026 07:45:25] PHP Notice:  Undefined variable: gar_m in /var/www/html/prof/Garden/Greenh_prod.php on line 383
[30-May-2026 07:45:25] PHP Notice:  Undefined variable: gar_ja in /var/www/html/prof/Garden/Greenh_prod.php on line 386
[30-May-2026 07:45:25] PHP Notice:  Undefined variable: gar_j in /var/www/html/prof/Garden/Greenh_prod.php on line 389
[30-May-2026 07:45:25] PHP Notice:  Undefined variable: hash_ma in /var/www/html/prof/Garden/Greenh_prod.php on line 395
[30-May-2026 07:45:25] PHP Notice:  Undefined variable: hash_m in /var/www/html/prof/Garden/Greenh_prod.php on line 398
[30-May-2026 07:45:25] PHP Notice:  Undefined variable: hash_ja in /var/www/html/prof/Garden/Greenh_prod.php on line 401
[30-May-2026 07:45:25] PHP Notice:  Undefined variable: hash_j in /var/www/html/prof/Garden/Greenh_prod.php on line 404
[30-May-2026 07:45:25] PHP Notice:  Undefined variable: zof_ma in /var/www/html/prof/Garden/Greenh_prod.php on line 410
[30-May-2026 07:45:25] PHP Notice:  Undefined variable: zof_m in /var/www/html/prof/Garden/Greenh_prod.php on line 413
[30-May-2026 07:45:25] PHP Notice:  Undefined variable: zof_ja in /var/www/html/prof/Garden/Greenh_prod.php on line 416
[30-May-2026 07:45:25] PHP Notice:  Undefined variable: zof_j in /var/www/html/prof/Garden/Greenh_prod.php on line 419
[30-May-2026 07:45:25] PHP Notice:  Undefined variable: kod_h3_a in /var/www/html/prof/Garden/Greenh_prod.php on line 446
[30-May-2026 07:45:25] PHP Notice:  Undefined variable: kod_h3_m in /var/www/html/prof/Garden/Greenh_prod.php on line 449
[30-May-2026 07:45:25] PHP Notice:  Undefined variable: kod_h2_a in /var/www/html/prof/Garden/Greenh_prod.php on line 453
[30-May-2026 07:45:25] PHP Notice:  Undefined variable: kod_h2_m in /var/www/html/prof/Garden/Greenh_prod.php on line 456
[30-May-2026 07:45:25] PHP Notice:  Undefined variable: kod_h1_a in /var/www/html/prof/Garden/Greenh_prod.php on line 460
[30-May-2026 07:45:25] PHP Notice:  Undefined variable: kod_h1_m in /var/www/html/prof/Garden/Greenh_prod.php on line 463
[30-May-2026 07:45:25] PHP Notice:  Undefined variable: kod_sh3_a in /var/www/html/prof/Garden/Greenh_prod.php on line 470
[30-May-2026 07:45:25] PHP Notice:  Undefined variable: kod_sh3_m in /var/www/html/prof/Garden/Greenh_prod.php on line 473
[30-May-2026 07:45:25] PHP Notice:  Undefined variable: kod_sh2_a in /var/www/html/prof/Garden/Greenh_prod.php on line 477
[30-May-2026 07:45:25] PHP Notice:  Undefined variable: kod_sh2_m in /var/www/html/prof/Garden/Greenh_prod.php on line 480
[30-May-2026 07:45:25] PHP Notice:  Undefined variable: kod_sh1_a in /var/www/html/prof/Garden/Greenh_prod.php on line 484
[30-May-2026 07:45:25] PHP Notice:  Undefined variable: kod_sh1_m in /var/www/html/prof/Garden/Greenh_prod.php on line 487
[30-May-2026 07:45:25] PHP Notice:  Undefined variable: kod_bio3_a in /var/www/html/prof/Garden/Greenh_prod.php on line 494
[30-May-2026 07:45:25] PHP Notice:  Undefined variable: kod_bio3_m in /var/www/html/prof/Garden/Greenh_prod.php on line 497
[30-May-2026 07:45:25] PHP Notice:  Undefined variable: kod_bio2_a in /var/www/html/prof/Garden/Greenh_prod.php on line 501
[30-May-2026 07:45:25] PHP Notice:  Undefined variable: kod_bio2_m in /var/www/html/prof/Garden/Greenh_prod.php on line 504
[30-May-2026 07:45:25] PHP Notice:  Undefined variable: kod_bio1_a in /var/www/html/prof/Garden/Greenh_prod.php on line 508
[30-May-2026 07:45:25] PHP Notice:  Undefined variable: kod_bio1_m in /var/www/html/prof/Garden/Greenh_prod.php on line 511
[30-May-2026 07:45:25] PHP Notice:  Undefined variable: barg_m in /var/www/html/prof/Garden/Greenh_prod.php on line 541
[30-May-2026 07:45:25] PHP Notice:  Undefined variable: gazoil_m in /var/www/html/prof/Garden/Greenh_prod.php on line 545
[30-May-2026 07:45:25] PHP Notice:  Undefined variable: benz_m in /var/www/html/prof/Garden/Greenh_prod.php on line 548
[30-May-2026 07:45:25] PHP Notice:  Undefined variable: ab_m in /var/www/html/prof/Garden/Greenh_prod.php on line 551
[30-May-2026 07:45:25] PHP Notice:  Undefined variable: barg_a in /var/www/html/prof/Garden/Greenh_prod.php on line 563
[30-May-2026 07:45:25] PHP Notice:  Undefined variable: gazoil_a in /var/www/html/prof/Garden/Greenh_prod.php on line 567
[30-May-2026 07:45:25] PHP Notice:  Undefined variable: benz_a in /var/www/html/prof/Garden/Greenh_prod.php on line 570
[30-May-2026 07:45:25] PHP Notice:  Undefined variable: ab_a in /var/www/html/prof/Garden/Greenh_prod.php on line 573
[30-May-2026 07:45:25] PHP Notice:  Undefined variable: bazr_a in /var/www/html/prof/Garden/Greenh_prod.php on line 594
[30-May-2026 07:45:25] PHP Notice:  Undefined variable: bazr_m in /var/www/html/prof/Garden/Greenh_prod.php on line 598
[30-May-2026 07:45:25] PHP Notice:  Undefined variable: nesha_a in /var/www/html/prof/Garden/Greenh_prod.php on line 606
[30-May-2026 07:45:25] PHP Notice:  Undefined variable: nesha_m in /var/www/html/prof/Garden/Greenh_prod.php on line 611
[30-May-2026 07:45:25] PHP Notice:  Undefined variable: t_zgard in /var/www/html/prof/Garden/Greenh_prod.php on line 620
[30-May-2026 07:45:25] PHP Notice:  Undefined variable: t_hshekar in /var/www/html/prof/Garden/Greenh_prod.php on line 625
[30-May-2026 07:45:25] PHP Notice:  Undefined variable: b_say in /var/www/html/prof/Garden/Greenh_prod.php on line 647
[30-May-2026 07:45:25] PHP Notice:  Undefined variable: b_pet in /var/www/html/prof/Garden/Greenh_prod.php on line 650
[30-May-2026 07:45:25] PHP Notice:  Undefined variable: b_per in /var/www/html/prof/Garden/Greenh_prod.php on line 653
[30-May-2026 07:45:25] PHP Notice:  Undefined variable: b_mas in /var/www/html/prof/Garden/Greenh_prod.php on line 656
[30-May-2026 07:45:25] PHP Notice:  Undefined variable: b_coco in /var/www/html/prof/Garden/Greenh_prod.php on line 659
[30-May-2026 07:45:25] PHP Notice:  Undefined variable: id in /var/www/html/prof/Garden/Greenh_prod.php on line 697
[30-May-2026 07:45:25] PHP Notice:  Undefined variable: id in /var/www/html/prof/Garden/Greenh_prod.php on line 700
[30-May-2026 07:45:25] PHP Notice:  Undefined variable: id in /var/www/html/prof/Garden/Greenh_prod.php on line 713
[30-May-2026 07:45:25] PHP Notice:  Undefined variable: id in /var/www/html/prof/Garden/Greenh_prod.php on line 723
[30-May-2026 07:45:25] PHP Notice:  Undefined variable: mah_name in /var/www/html/prof/Garden/Greenh_prod.php on line 837
[30-May-2026 07:45:25] PHP Notice:  Undefined variable: mah_name in /var/www/html/prof/Garden/Greenh_prod.php on line 837
[30-May-2026 07:45:25] PHP Notice:  Undefined variable: number in /var/www/html/prof/Garden/Greenh_prod.php on line 887
[30-May-2026 07:45:29] PHP Notice:  Undefined variable: id in /var/www/html/prof/Garden/Greenh_prod.php on line 697
[30-May-2026 07:45:29] PHP Notice:  Undefined variable: id in /var/www/html/prof/Garden/Greenh_prod.php on line 700
[30-May-2026 07:45:29] PHP Notice:  Undefined variable: mah_name in /var/www/html/prof/Garden/Greenh_prod.php on line 837
[30-May-2026 07:45:29] PHP Notice:  Undefined variable: mah_name in /var/www/html/prof/Garden/Greenh_prod.php on line 837
[30-May-2026 07:45:29] PHP Notice:  Undefined variable: number in /var/www/html/prof/Garden/Greenh_prod.php on line 887
[30-May-2026 07:45:32] PHP Notice:  Undefined variable: v_no_mal in /var/www/html/prof/Garden/list_Garden_xls.php on line 117
[30-May-2026 07:45:32] PHP Notice:  Undefined variable: v_no_mal in /var/www/html/prof/Garden/list_Garden_xls.php on line 117
[30-May-2026 07:45:32] PHP Notice:  Undefined variable: v_no_mal in /var/www/html/prof/Garden/list_Garden_xls.php on line 117
[30-May-2026 07:45:32] PHP Notice:  Undefined variable: v_no_mal in /var/www/html/prof/Garden/list_Garden_xls.php on line 117
[30-May-2026 07:45:32] PHP Notice:  Undefined variable: v_no_mal in /var/www/html/prof/Garden/list_Garden_xls.php on line 117
[30-May-2026 07:45:32] PHP Notice:  Undefined variable: v_no_mal in /var/www/html/prof/Garden/list_Garden_xls.php on line 117
[30-May-2026 07:45:32] PHP Notice:  Undefined variable: v_no_mal in /var/www/html/prof/Garden/list_Garden_xls.php on line 117
[30-May-2026 07:45:32] PHP Notice:  Undefined variable: v_no_mal in /var/www/html/prof/Garden/list_Garden_xls.php on line 117
[30-May-2026 07:45:32] PHP Notice:  Undefined variable: v_no_mal in /var/www/html/prof/Garden/list_Garden_xls.php on line 117
[30-May-2026 07:45:32] PHP Notice:  Undefined variable: v_no_mal in /var/www/html/prof/Garden/list_Garden_xls.php on line 117
[30-May-2026 07:45:32] PHP Notice:  Undefined variable: v_no_mal in /var/www/html/prof/Garden/list_Garden_xls.php on line 117
[30-May-2026 07:45:32] PHP Notice:  Undefined variable: v_no_mal in /var/www/html/prof/Garden/list_Garden_xls.php on line 117
[30-May-2026 07:45:32] PHP Notice:  Undefined variable: v_no_mal in /var/www/html/prof/Garden/list_Garden_xls.php on line 117
[30-May-2026 07:45:32] PHP Notice:  Undefined variable: v_no_mal in /var/www/html/prof/Garden/list_Garden_xls.php on line 117
[30-May-2026 07:45:32] PHP Notice:  Undefined variable: v_no_mal in /var/www/html/prof/Garden/list_Garden_xls.php on line 117
[30-May-2026 07:45:32] PHP Notice:  Undefined variable: v_no_mal in /var/www/html/prof/Garden/list_Garden_xls.php on line 117
[30-May-2026 07:45:32] PHP Notice:  Undefined variable: v_no_mal in /var/www/html/prof/Garden/list_Garden_xls.php on line 117
[30-May-2026 07:45:32] PHP Notice:  Undefined variable: v_no_mal in /var/www/html/prof/Garden/list_Garden_xls.php on line 117
[30-May-2026 07:45:32] PHP Notice:  Undefined variable: v_no_mal in /var/www/html/prof/Garden/list_Garden_xls.php on line 117
[30-May-2026 07:45:32] PHP Notice:  Undefined variable: v_no_mal in /var/www/html/prof/Garden/list_Garden_xls.php on line 117
[30-May-2026 07:45:32] PHP Notice:  Undefined variable: v_no_mal in /var/www/html/prof/Garden/list_Garden_xls.php on line 117
[30-May-2026 07:45:32] PHP Notice:  Undefined variable: v_no_mal in /var/www/html/prof/Garden/list_Garden_xls.php on line 117
[30-May-2026 07:45:32] PHP Notice:  Undefined variable: v_no_mal in /var/www/html/prof/Garden/list_Garden_xls.php on line 117
[30-May-2026 07:45:32] PHP Notice:  Undefined variable: v_no_mal in /var/www/html/prof/Garden/list_Garden_xls.php on line 117
[30-May-2026 07:45:32] PHP Notice:  Undefined variable: v_no_mal in /var/www/html/prof/Garden/list_Garden_xls.php on line 117
[30-May-2026 07:45:32] PHP Notice:  Undefined variable: v_no_mal in /var/www/html/prof/Garden/list_Garden_xls.php on line 117
[30-May-2026 07:45:32] PHP Notice:  Undefined variable: v_no_mal in /var/www/html/prof/Garden/list_Garden_xls.php on line 117
[30-May-2026 07:45:32] PHP Notice:  Undefined variable: v_no_mal in /var/www/html/prof/Garden/list_Garden_xls.php on line 117
[30-May-2026 07:45:32] PHP Notice:  Undefined variable: v_no_mal in /var/www/html/prof/Garden/list_Garden_xls.php on line 117
[30-May-2026 07:45:32] PHP Notice:  Undefined variable: v_no_mal in /var/www/html/prof/Garden/list_Garden_xls.php on line 117
[30-May-2026 07:45:32] PHP Notice:  Undefined variable: v_no_mal in /var/www/html/prof/Garden/list_Garden_xls.php on line 117
[30-May-2026 07:45:32] PHP Notice:  Undefined variable: v_no_mal in /var/www/html/prof/Garden/list_Garden_xls.php on line 117
[30-May-2026 07:45:32] PHP Notice:  Undefined variable: v_no_mal in /var/www/html/prof/Garden/list_Garden_xls.php on line 117
[30-May-2026 07:45:32] PHP Notice:  Undefined variable: v_no_mal in /var/www/html/prof/Garden/list_Garden_xls.php on line 117
[30-May-2026 07:45:32] PHP Notice:  Undefined variable: v_no_mal in /var/www/html/prof/Garden/list_Garden_xls.php on line 117
[30-May-2026 07:45:32] PHP Notice:  Undefined variable: v_no_mal in /var/www/html/prof/Garden/list_Garden_xls.php on line 117
[30-May-2026 07:45:32] PHP Notice:  Undefined variable: v_no_mal in /var/www/html/prof/Garden/list_Garden_xls.php on line 117
[30-May-2026 07:45:32] PHP Notice:  Undefined variable: v_no_mal in /var/www/html/prof/Garden/list_Garden_xls.php on line 117
[30-May-2026 07:45:32] PHP Notice:  Undefined variable: v_no_mal in /var/www/html/prof/Garden/list_Garden_xls.php on line 117
[30-May-2026 07:45:32] PHP Notice:  Undefined variable: v_no_mal in /var/www/html/prof/Garden/list_Garden_xls.php on line 117
[30-May-2026 07:45:32] PHP Notice:  Undefined variable: v_no_mal in /var/www/html/prof/Garden/list_Garden_xls.php on line 117
[30-May-2026 07:45:32] PHP Notice:  Undefined variable: v_no_mal in /var/www/html/prof/Garden/list_Garden_xls.php on line 117
[30-May-2026 07:45:32] PHP Notice:  Undefined variable: v_no_mal in /var/www/html/prof/Garden/list_Garden_xls.php on line 117
[30-May-2026 07:45:32] PHP Notice:  Undefined variable: v_no_mal in /var/www/html/prof/Garden/list_Garden_xls.php on line 117
[30-May-2026 07:45:32] PHP Notice:  Undefined variable: v_no_mal in /var/www/html/prof/Garden/list_Garden_xls.php on line 117
[30-May-2026 07:45:32] PHP Notice:  Undefined variable: v_no_mal in /var/www/html/prof/Garden/list_Garden_xls.php on line 117
[30-May-2026 07:45:32] PHP Notice:  Undefined variable: v_no_mal in /var/www/html/prof/Garden/list_Garden_xls.php on line 117
[30-May-2026 07:45:32] PHP Notice:  Undefined variable: v_no_mal in /var/www/html/prof/Garden/list_Garden_xls.php on line 117
[30-May-2026 07:45:32] PHP Notice:  Undefined variable: v_no_mal in /var/www/html/prof/Garden/list_Garden_xls.php on line 117
[30-May-2026 07:45:32] PHP Notice:  Undefined variable: v_no_mal in /var/www/html/prof/Garden/list_Garden_xls.php on line 117
[30-May-2026 07:45:32] PHP Notice:  Undefined variable: v_no_mal in /var/www/html/prof/Garden/list_Garden_xls.php on line 117
[30-May-2026 07:45:32] PHP Notice:  Undefined variable: v_no_mal in /var/www/html/prof/Garden/list_Garden_xls.php on line 117
[30-May-2026 07:45:32] PHP Notice:  Undefined variable: v_no_mal in /var/www/html/prof/Garden/list_Garden_xls.php on line 117
[30-May-2026 07:45:32] PHP Notice:  Undefined variable: v_no_mal in /var/www/html/prof/Garden/list_Garden_xls.php on line 117
[30-May-2026 07:45:34] PHP Notice:  Undefined index: bah_cod_m in /var/www/html/prof/Garden/Greenhous_prodi.php on line 9
[30-May-2026 07:45:34] PHP Notice:  Undefined index: unit_id in /var/www/html/prof/Garden/Greenhous_prodi.php on line 10
[30-May-2026 07:45:34] PHP Notice:  Undefined index: y_prod in /var/www/html/prof/Garden/Greenhous_prodi.php on line 14
[30-May-2026 07:45:34] PHP Notice:  Undefined index: v_unit in /var/www/html/prof/Garden/Greenhous_prodi.php on line 15
[30-May-2026 07:45:34] PHP Notice:  Undefined index: unit_id in /var/www/html/prof/Garden/Greenhous_prodi.php on line 16
[30-May-2026 07:45:34] PHP Notice:  Undefined index: num_bah in /var/www/html/prof/Garden/Greenhous_prodi.php on line 17
[30-May-2026 07:45:34] PHP Notice:  Undefined variable: mess in /var/www/html/prof/Garden/Greenhous_prodi.php on line 135
[30-May-2026 07:45:34] PHP Notice:  Undefined variable: row in /var/www/html/prof/Garden/Greenhous_prodi.php on line 197
[30-May-2026 07:45:34] PHP Notice:  Undefined variable: row in /var/www/html/prof/Garden/Greenhous_prodi.php on line 219
[30-May-2026 07:45:34] PHP Notice:  Undefined variable: add_abadi in /var/www/html/prof/Garden/Greenhous_prodi.php on line 222
[30-May-2026 07:45:34] PHP Notice:  Undefined variable: add_city in /var/www/html/prof/Garden/Greenhous_prodi.php on line 223
[30-May-2026 07:45:35] PHP Notice:  Undefined index: bah_cod_m in /var/www/html/prof/Garden/manager_Garden.php on line 40
[30-May-2026 07:45:40] PHP Notice:  Undefined index: m_poul in /var/www/html/prof/Garden/Garden_edit.php on line 6
[30-May-2026 07:45:40] PHP Notice:  Undefined variable: id_page in /var/www/html/prof/Garden/Garden_edit.php on line 9
[30-May-2026 07:45:40] PHP Notice:  Undefined variable: mess in /var/www/html/prof/Garden/Garden_edit.php on line 149
[30-May-2026 07:45:40] PHP Notice:  Undefined variable: mess in /var/www/html/prof/Garden/Greenhous_prodi.php on line 135
[30-May-2026 07:45:40] PHP Notice:  Undefined variable: add_abadi in /var/www/html/prof/Garden/Greenhous_prodi.php on line 222
[30-May-2026 07:45:40] PHP Notice:  Undefined variable: add_city in /var/www/html/prof/Garden/Greenhous_prodi.php on line 223
[30-May-2026 07:45:40] PHP Notice:  Undefined variable: y_prod in /var/www/html/prof/Garden/list_Greenhous_nonP.php on line 126
[30-May-2026 07:45:40] PHP Notice:  Undefined variable: y_prod in /var/www/html/prof/Garden/list_Greenhous_nonP.php on line 127
[30-May-2026 07:45:40] PHP Notice:  Undefined variable: y_prod in /var/www/html/prof/Garden/list_Greenhous_nonP.php on line 128
[30-May-2026 07:45:40] PHP Notice:  Undefined variable: y_prod in /var/www/html/prof/Garden/list_Greenhous_nonP.php on line 129
[30-May-2026 07:45:40] PHP Notice:  Undefined variable: id_ostan1 in /var/www/html/prof/Garden/list_Greenhous_nonP.php on line 138
[30-May-2026 07:45:40] PHP Notice:  Undefined variable: add_abadi in /var/www/html/prof/Garden/list_Greenhous_nonP.php on line 183
[30-May-2026 07:45:40] PHP Notice:  Undefined variable: add_abadi in /var/www/html/prof/Garden/list_Greenhous_nonP.php on line 183
[30-May-2026 07:45:40] PHP Notice:  Undefined variable: add_abadi in /var/www/html/prof/Garden/list_Greenhous_nonP.php on line 183
[30-May-2026 07:45:40] PHP Notice:  Undefined variable: add_abadi in /var/www/html/prof/Garden/list_Greenhous_nonP.php on line 183
[30-May-2026 07:45:40] PHP Notice:  Undefined variable: add_abadi in /var/www/html/prof/Garden/list_Greenhous_nonP.php on line 183
[30-May-2026 07:45:40] PHP Notice:  Undefined variable: add_abadi in /var/www/html/prof/Garden/list_Greenhous_nonP.php on line 183
[30-May-2026 07:45:40] PHP Notice:  Undefined variable: add_abadi in /var/www/html/prof/Garden/list_Greenhous_nonP.php on line 183
[30-May-2026 07:45:40] PHP Notice:  Undefined variable: add_abadi in /var/www/html/prof/Garden/list_Greenhous_nonP.php on line 183
[30-May-2026 07:45:40] PHP Notice:  Undefined variable: add_abadi in /var/www/html/prof/Garden/list_Greenhous_nonP.php on line 183
[30-May-2026 07:45:40] PHP Notice:  Undefined variable: add_abadi in /var/www/html/prof/Garden/list_Greenhous_nonP.php on line 183
[30-May-2026 07:45:40] PHP Notice:  Undefined variable: add_abadi in /var/www/html/prof/Garden/list_Greenhous_nonP.php on line 183
[30-May-2026 07:45:40] PHP Notice:  Undefined variable: add_abadi in /var/www/html/prof/Garden/list_Greenhous_nonP.php on line 183
[30-May-2026 07:45:40] PHP Notice:  Undefined variable: add_abadi in /var/www/html/prof/Garden/list_Greenhous_nonP.php on line 183
[30-May-2026 07:45:40] PHP Notice:  Undefined variable: add_abadi in /var/www/html/prof/Garden/list_Greenhous_nonP.php on line 183
[30-May-2026 07:45:40] PHP Notice:  Undefined variable: add_abadi in /var/www/html/prof/Garden/list_Greenhous_nonP.php on line 183
[30-May-2026 07:45:40] PHP Notice:  Undefined variable: add_abadi in /var/www/html/prof/Garden/list_Greenhous_nonP.php on line 183
[30-May-2026 07:45:40] PHP Notice:  Undefined variable: add_abadi in /var/www/html/prof/Garden/list_Greenhous_nonP.php on line 183
[30-May-2026 07:45:40] PHP Notice:  Undefined variable: add_abadi in /var/www/html/prof/Garden/list_Greenhous_nonP.php on line 183
[30-May-2026 07:45:40] PHP Notice:  Undefined variable: add_abadi in /var/www/html/prof/Garden/list_Greenhous_nonP.php on line 183
[30-May-2026 07:45:40] PHP Notice:  Undefined variable: add_abadi in /var/www/html/prof/Garden/list_Greenhous_nonP.php on line 183
[30-May-2026 07:45:40] PHP Notice:  Undefined variable: add_abadi in /var/www/html/prof/Garden/list_Greenhous_nonP.php on line 183
[30-May-2026 07:45:40] PHP Notice:  Undefined variable: add_abadi in /var/www/html/prof/Garden/list_Greenhous_nonP.php on line 183
[30-May-2026 07:45:40] PHP Notice:  Undefined variable: add_abadi in /var/www/html/prof/Garden/list_Greenhous_nonP.php on line 183
[30-May-2026 07:45:40] PHP Notice:  Undefined variable: add_abadi in /var/www/html/prof/Garden/list_Greenhous_nonP.php on line 183
[30-May-2026 07:45:40] PHP Notice:  Undefined variable: add_abadi in /var/www/html/prof/Garden/list_Greenhous_nonP.php on line 183
[30-May-2026 07:45:40] PHP Notice:  Undefined variable: add_abadi in /var/www/html/prof/Garden/list_Greenhous_nonP.php on line 183
[30-May-2026 07:45:40] PHP Notice:  Undefined variable: add_abadi in /var/www/html/prof/Garden/list_Greenhous_nonP.php on line 183
[30-May-2026 07:45:40] PHP Notice:  Undefined variable: add_abadi in /var/www/html/prof/Garden/list_Greenhous_nonP.php on line 183
[30-May-2026 07:45:40] PHP Notice:  Undefined variable: add_abadi in /var/www/html/prof/Garden/list_Greenhous_nonP.php on line 183
[30-May-2026 07:45:40] PHP Notice:  Undefined variable: add_abadi in /var/www/html/prof/Garden/list_Greenhous_nonP.php on line 183
[30-May-2026 07:45:40] PHP Notice:  Undefined variable: add_abadi in /var/www/html/prof/Garden/list_Greenhous_nonP.php on line 183
[30-May-2026 07:45:40] PHP Notice:  Undefined variable: add_abadi in /var/www/html/prof/Garden/list_Greenhous_nonP.php on line 183
[30-May-2026 07:45:40] PHP Notice:  Undefined variable: add_abadi in /var/www/html/prof/Garden/list_Greenhous_nonP.php on line 183
[30-May-2026 07:45:40] PHP Notice:  Undefined variable: add_abadi in /var/www/html/prof/Garden/list_Greenhous_nonP.php on line 183
[30-May-2026 07:45:40] PHP Notice:  Undefined variable: add_abadi in /var/www/html/prof/Garden/list_Greenhous_nonP.php on line 183
[30-May-2026 07:45:40] PHP Notice:  Undefined variable: add_abadi in /var/www/html/prof/Garden/list_Greenhous_nonP.php on line 183
[30-May-2026 07:45:40] PHP Notice:  Undefined variable: add_abadi in /var/www/html/prof/Garden/list_Greenhous_nonP.php on line 183
[30-May-2026 07:45:40] PHP Notice:  Undefined variable: add_abadi in /var/www/html/prof/Garden/list_Greenhous_nonP.php on line 183
[30-May-2026 07:45:40] PHP Notice:  Undefined variable: add_abadi in /var/www/html/prof/Garden/list_Greenhous_nonP.php on line 183
[30-May-2026 07:45:40] PHP Notice:  Undefined variable: add_abadi in /var/www/html/prof/Garden/list_Greenhous_nonP.php on line 183
[30-May-2026 07:45:40] PHP Notice:  Undefined variable: add_abadi in /var/www/html/prof/Garden/list_Greenhous_nonP.php on line 183
[30-May-2026 07:45:40] PHP Notice:  Undefined variable: add_abadi in /var/www/html/prof/Garden/list_Greenhous_nonP.php on line 183
[30-May-2026 07:45:40] PHP Notice:  Undefined variable: add_abadi in /var/www/html/prof/Garden/list_Greenhous_nonP.php on line 183
[30-May-2026 07:45:40] PHP Notice:  Undefined variable: add_abadi in /var/www/html/prof/Garden/list_Greenhous_nonP.php on line 183
[30-May-2026 07:45:40] PHP Notice:  Undefined variable: add_abadi in /var/www/html/prof/Garden/list_Greenhous_nonP.php on line 183
[30-May-2026 07:45:40] PHP Notice:  Undefined variable: add_abadi in /var/www/html/prof/Garden/list_Greenhous_nonP.php on line 183
[30-May-2026 07:45:40] PHP Notice:  Undefined variable: add_abadi in /var/www/html/prof/Garden/list_Greenhous_nonP.php on line 183
[30-May-2026 07:45:40] PHP Notice:  Undefined variable: add_abadi in /var/www/html/prof/Garden/list_Greenhous_nonP.php on line 183
[30-May-2026 07:45:40] PHP Notice:  Undefined variable: add_abadi in /var/www/html/prof/Garden/list_Greenhous_nonP.php on line 183
[30-May-2026 07:45:40] PHP Notice:  Undefined variable: add_abadi in /var/www/html/prof/Garden/list_Greenhous_nonP.php on line 183
[30-May-2026 07:45:40] PHP Notice:  Undefined variable: add_abadi in /var/www/html/prof/Garden/list_Greenhous_nonP.php on line 183
[30-May-2026 07:45:40] PHP Notice:  Undefined variable: add_abadi in /var/www/html/prof/Garden/list_Greenhous_nonP.php on line 183
[30-May-2026 07:45:40] PHP Notice:  Undefined variable: add_abadi in /var/www/html/prof/Garden/list_Greenhous_nonP.php on line 183
[30-May-2026 07:45:40] PHP Notice:  Undefined variable: add_abadi in /var/www/html/prof/Garden/list_Greenhous_nonP.php on line 183
[30-May-2026 07:45:40] PHP Notice:  Undefined variable: add_abadi in /var/www/html/prof/Garden/list_Greenhous_nonP.php on line 183
[30-May-2026 07:45:40] PHP Notice:  Undefined variable: add_abadi in /var/www/html/prof/Garden/list_Greenhous_nonP.php on line 183
[30-May-2026 07:45:40] PHP Notice:  Undefined variable: add_abadi in /var/www/html/prof/Garden/list_Greenhous_nonP.php on line 183
[30-May-2026 07:45:40] PHP Notice:  Undefined variable: add_abadi in /var/www/html/prof/Garden/list_Greenhous_nonP.php on line 183
[30-May-2026 07:45:40] PHP Notice:  Undefined variable: add_abadi in /var/www/html/prof/Garden/list_Greenhous_nonP.php on line 183
[30-May-2026 07:45:40] PHP Notice:  Undefined variable: add_abadi in /var/www/html/prof/Garden/list_Greenhous_nonP.php on line 183
[30-May-2026 07:45:40] PHP Notice:  Undefined variable: add_abadi in /var/www/html/prof/Garden/list_Greenhous_nonP.php on line 183
[30-May-2026 07:45:40] PHP Notice:  Undefined variable: add_abadi in /var/www/html/prof/Garden/list_Greenhous_nonP.php on line 183
[30-May-2026 07:45:40] PHP Notice:  Undefined variable: add_abadi in /var/www/html/prof/Garden/list_Greenhous_nonP.php on line 183
[30-May-2026 07:45:40] PHP Notice:  Undefined variable: add_abadi in /var/www/html/prof/Garden/list_Greenhous_nonP.php on line 183
[30-May-2026 07:45:40] PHP Notice:  Undefined variable: add_abadi in /var/www/html/prof/Garden/list_Greenhous_nonP.php on line 183
[30-May-2026 07:45:40] PHP Notice:  Undefined variable: add_abadi in /var/www/html/prof/Garden/list_Greenhous_nonP.php on line 183
[30-May-2026 07:45:40] PHP Notice:  Undefined variable: add_abadi in /var/www/html/prof/Garden/list_Greenhous_nonP.php on line 183
[30-May-2026 07:45:40] PHP Notice:  Undefined variable: add_abadi in /var/www/html/prof/Garden/list_Greenhous_nonP.php on line 183
[30-May-2026 07:45:40] PHP Notice:  Undefined variable: add_abadi in /var/www/html/prof/Garden/list_Greenhous_nonP.php on line 183
[30-May-2026 07:45:40] PHP Notice:  Undefined variable: add_abadi in /var/www/html/prof/Garden/list_Greenhous_nonP.php on line 183
[30-May-2026 07:45:40] PHP Notice:  Undefined variable: add_abadi in /var/www/html/prof/Garden/list_Greenhous_nonP.php on line 183
[30-May-2026 07:45:40] PHP Notice:  Undefined variable: add_abadi in /var/www/html/prof/Garden/list_Greenhous_nonP.php on line 183
[30-May-2026 07:45:40] PHP Notice:  Undefined variable: add_abadi in /var/www/html/prof/Garden/list_Greenhous_nonP.php on line 183
[30-May-2026 07:45:40] PHP Notice:  Undefined variable: add_abadi in /var/www/html/prof/Garden/list_Greenhous_nonP.php on line 183
[30-May-2026 07:45:40] PHP Notice:  Undefined variable: add_abadi in /var/www/html/prof/Garden/list_Greenhous_nonP.php on line 183
[30-May-2026 07:45:40] PHP Notice:  Undefined variable: add_abadi in /var/www/html/prof/Garden/list_Greenhous_nonP.php on line 183
[30-May-2026 07:45:40] PHP Notice:  Undefined variable: add_abadi in /var/www/html/prof/Garden/list_Greenhous_nonP.php on line 183
[30-May-2026 07:45:40] PHP Notice:  Undefined variable: add_abadi in /var/www/html/prof/Garden/list_Greenhous_nonP.php on line 183
[30-May-2026 07:45:40] PHP Notice:  Undefined variable: add_abadi in /var/www/html/prof/Garden/list_Greenhous_nonP.php on line 183
[30-May-2026 07:45:40] PHP Notice:  Undefined variable: add_abadi in /var/www/html/prof/Garden/list_Greenhous_nonP.php on line 183
[30-May-2026 07:45:40] PHP Notice:  Undefined variable: add_abadi in /var/www/html/prof/Garden/list_Greenhous_nonP.php on line 183
[30-May-2026 07:45:40] PHP Notice:  Undefined variable: add_abadi in /var/www/html/prof/Garden/list_Greenhous_nonP.php on line 183
[30-May-2026 07:45:40] PHP Notice:  Undefined variable: add_abadi in /var/www/html/prof/Garden/list_Greenhous_nonP.php on line 183
[30-May-2026 07:45:40] PHP Notice:  Undefined variable: add_abadi in /var/www/html/prof/Garden/list_Greenhous_nonP.php on line 183
[30-May-2026 07:45:40] PHP Notice:  Undefined variable: add_abadi in /var/www/html/prof/Garden/list_Greenhous_nonP.php on line 183
[30-May-2026 07:45:40] PHP Notice:  Undefined variable: add_abadi in /var/www/html/prof/Garden/list_Greenhous_nonP.php on line 183
[30-May-2026 07:45:40] PHP Notice:  Undefined variable: add_abadi in /var/www/html/prof/Garden/list_Greenhous_nonP.php on line 183
[30-May-2026 07:45:40] PHP Notice:  Undefined variable: add_abadi in /var/www/html/prof/Garden/list_Greenhous_nonP.php on line 183
[30-May-2026 07:45:40] PHP Notice:  Undefined variable: add_abadi in /var/www/html/prof/Garden/list_Greenhous_nonP.php on line 183
[30-May-2026 07:45:40] PHP Notice:  Undefined variable: add_abadi in /var/www/html/prof/Garden/list_Greenhous_nonP.php on line 183
[30-May-2026 07:45:40] PHP Notice:  Undefined variable: add_abadi in /var/www/html/prof/Garden/list_Greenhous_nonP.php on line 183
[30-May-2026 07:45:40] PHP Notice:  Undefined variable: add_abadi in /var/www/html/prof/Garden/list_Greenhous_nonP.php on line 183
[30-May-2026 07:45:40] PHP Notice:  Undefined variable: add_abadi in /var/www/html/prof/Garden/list_Greenhous_nonP.php on line 183
[30-May-2026 07:45:40] PHP Notice:  Undefined variable: add_abadi in /var/www/html/prof/Garden/list_Greenhous_nonP.php on line 183
[30-May-2026 07:45:40] PHP Notice:  Undefined variable: add_abadi in /var/www/html/prof/Garden/list_Greenhous_nonP.php on line 183
[30-May-2026 07:45:40] PHP Notice:  Undefined variable: add_abadi in /var/www/html/prof/Garden/list_Greenhous_nonP.php on line 183
[30-May-2026 07:45:40] PHP Notice:  Undefined variable: add_abadi in /var/www/html/prof/Garden/list_Greenhous_nonP.php on line 183
[30-May-2026 07:45:40] PHP Notice:  Undefined variable: add_abadi in /var/www/html/prof/Garden/list_Greenhous_nonP.php on line 183
[30-May-2026 07:45:40] PHP Notice:  Undefined variable: add_abadi in /var/www/html/prof/Garden/list_Greenhous_nonP.php on line 183
[30-May-2026 07:45:40] PHP Notice:  Undefined variable: add_abadi in /var/www/html/prof/Garden/list_Greenhous_nonP.php on line 183
[30-May-2026 07:45:40] PHP Notice:  Undefined variable: add_abadi in /var/www/html/prof/Garden/list_Greenhous_nonP.php on line 183
[30-May-2026 07:45:40] PHP Notice:  Undefined variable: add_abadi in /var/www/html/prof/Garden/list_Greenhous_nonP.php on line 183
[30-May-2026 07:45:40] PHP Notice:  Undefined variable: add_abadi in /var/www/html/prof/Garden/list_Greenhous_nonP.php on line 183
[30-May-2026 07:45:40] PHP Notice:  Undefined variable: add_abadi in /var/www/html/prof/Garden/list_Greenhous_nonP.php on line 183
[30-May-2026 07:45:40] PHP Notice:  Undefined variable: add_abadi in /var/www/html/prof/Garden/list_Greenhous_nonP.php on line 183
[30-May-2026 07:45:40] PHP Notice:  Undefined variable: add_abadi in /var/www/html/prof/Garden/list_Greenhous_nonP.php on line 183
[30-May-2026 07:45:40] PHP Notice:  Undefined variable: add_abadi in /var/www/html/prof/Garden/list_Greenhous_nonP.php on line 183
[30-May-2026 07:45:40] PHP Notice:  Undefined variable: add_abadi in /var/www/html/prof/Garden/list_Greenhous_nonP.php on line 183
[30-May-2026 07:45:40] PHP Notice:  Undefined variable: add_abadi in /var/www/html/prof/Garden/list_Greenhous_nonP.php on line 183
[30-May-2026 07:45:40] PHP Notice:  Undefined variable: add_abadi in /var/www/html/prof/Garden/list_Greenhous_nonP.php on line 183
[30-May-2026 07:45:40] PHP Notice:  Undefined variable: add_abadi in /var/www/html/prof/Garden/list_Greenhous_nonP.php on line 183
[30-May-2026 07:45:40] PHP Notice:  Undefined variable: add_abadi in /var/www/html/prof/Garden/list_Greenhous_nonP.php on line 183
[30-May-2026 07:45:40] PHP Notice:  Undefined variable: add_abadi in /var/www/html/prof/Garden/list_Greenhous_nonP.php on line 183
[30-May-2026 07:45:40] PHP Notice:  Undefined variable: add_abadi in /var/www/html/prof/Garden/list_Greenhous_nonP.php on line 183
[30-May-2026 07:45:40] PHP Notice:  Undefined variable: add_abadi in /var/www/html/prof/Garden/list_Greenhous_nonP.php on line 183
[30-May-2026 07:45:40] PHP Notice:  Undefined variable: add_abadi in /var/www/html/prof/Garden/list_Greenhous_nonP.php on line 183
[30-May-2026 07:45:40] PHP Notice:  Undefined variable: add_abadi in /var/www/html/prof/Garden/list_Greenhous_nonP.php on line 183
[30-May-2026 07:45:40] PHP Notice:  Undefined variable: add_abadi in /var/www/html/prof/Garden/list_Greenhous_nonP.php on line 183
[30-May-2026 07:45:40] PHP Notice:  Undefined variable: add_abadi in /var/www/html/prof/Garden/list_Greenhous_nonP.php on line 183
[30-May-2026 07:45:40] PHP Notice:  Undefined variable: add_abadi in /var/www/html/prof/Garden/list_Greenhous_nonP.php on line 183
[30-May-2026 07:45:40] PHP Notice:  Undefined variable: add_abadi in /var/www/html/prof/Garden/list_Greenhous_nonP.php on line 183
[30-May-2026 07:45:40] PHP Notice:  Undefined variable: add_abadi in /var/www/html/prof/Garden/list_Greenhous_nonP.php on line 183
[30-May-2026 07:45:40] PHP Notice:  Undefined variable: add_abadi in /var/www/html/prof/Garden/list_Greenhous_nonP.php on line 183
[30-May-2026 07:45:40] PHP Notice:  Undefined variable: add_abadi in /var/www/html/prof/Garden/list_Greenhous_nonP.php on line 183
[30-May-2026 07:45:40] PHP Notice:  Undefined variable: add_abadi in /var/www/html/prof/Garden/list_Greenhous_nonP.php on line 183
[30-May-2026 07:45:40] PHP Notice:  Undefined variable: add_abadi in /var/www/html/prof/Garden/list_Greenhous_nonP.php on line 183
[30-May-2026 07:45:40] PHP Notice:  Undefined variable: add_abadi in /var/www/html/prof/Garden/list_Greenhous_nonP.php on line 183
[30-May-2026 07:45:40] PHP Notice:  Undefined variable: add_abadi in /var/www/html/prof/Garden/list_Greenhous_nonP.php on line 183
[30-May-2026 07:45:40] PHP Notice:  Undefined variable: add_abadi in /var/www/html/prof/Garden/list_Greenhous_nonP.php on line 183
[30-May-2026 07:45:40] PHP Notice:  Undefined variable: add_abadi in /var/www/html/prof/Garden/list_Greenhous_nonP.php on line 183
[30-May-2026 07:45:40] PHP Notice:  Undefined variable: add_abadi in /var/www/html/prof/Garden/list_Greenhous_nonP.php on line 183
[30-May-2026 07:45:40] PHP Notice:  Undefined variable: add_abadi in /var/www/html/prof/Garden/list_Greenhous_nonP.php on line 183
[30-May-2026 07:45:40] PHP Notice:  Undefined variable: add_abadi in /var/www/html/prof/Garden/list_Greenhous_nonP.php on line 183
[30-May-2026 07:45:40] PHP Notice:  Undefined variable: add_abadi in /var/www/html/prof/Garden/list_Greenhous_nonP.php on line 183
[30-May-2026 07:45:40] PHP Notice:  Undefined variable: add_abadi in /var/www/html/prof/Garden/list_Greenhous_nonP.php on line 183
[30-May-2026 07:45:40] PHP Notice:  Undefined variable: add_abadi in /var/www/html/prof/Garden/list_Greenhous_nonP.php on line 183
[30-May-2026 07:45:40] PHP Notice:  Undefined variable: add_abadi in /var/www/html/prof/Garden/list_Greenhous_nonP.php on line 183
[30-May-2026 07:45:40] PHP Notice:  Undefined variable: add_abadi in /var/www/html/prof/Garden/list_Greenhous_nonP.php on line 183
[30-May-2026 07:45:40] PHP Notice:  Undefined variable: add_abadi in /var/www/html/prof/Garden/list_Greenhous_nonP.php on line 183
[30-May-2026 07:45:40] PHP Notice:  Undefined variable: add_abadi in /var/www/html/prof/Garden/list_Greenhous_nonP.php on line 183
[30-May-2026 07:45:40] PHP Notice:  Undefined variable: add_abadi in /var/www/html/prof/Garden/list_Greenhous_nonP.php on line 183
[30-May-2026 07:45:40] PHP Notice:  Undefined variable: add_abadi in /var/www/html/prof/Garden/list_Greenhous_nonP.php on line 183
[30-May-2026 07:45:40] PHP Notice:  Undefined variable: add_abadi in /var/www/html/prof/Garden/list_Greenhous_nonP.php on line 183
[30-May-2026 07:45:40] PHP Notice:  Undefined variable: add_abadi in /var/www/html/prof/Garden/list_Greenhous_nonP.php on line 183
[30-May-2026 07:45:40] PHP Notice:  Undefined variable: add_abadi in /var/www/html/prof/Garden/list_Greenhous_nonP.php on line 183
[30-May-2026 07:45:40] PHP Notice:  Undefined variable: add_abadi in /var/www/html/prof/Garden/list_Greenhous_nonP.php on line 183
[30-May-2026 07:45:40] PHP Notice:  Undefined variable: add_abadi in /var/www/html/prof/Garden/list_Greenhous_nonP.php on line 183
[30-May-2026 07:45:40] PHP Notice:  Undefined variable: add_abadi in /var/www/html/prof/Garden/list_Greenhous_nonP.php on line 183
[30-May-2026 07:45:40] PHP Notice:  Undefined variable: add_abadi in /var/www/html/prof/Garden/list_Greenhous_nonP.php on line 183
[30-May-2026 07:45:40] PHP Notice:  Undefined variable: add_abadi in /var/www/html/prof/Garden/list_Greenhous_nonP.php on line 183
[30-May-2026 07:45:40] PHP Notice:  Undefined variable: add_abadi in /var/www/html/prof/Garden/list_Greenhous_nonP.php on line 183
[30-May-2026 07:45:40] PHP Notice:  Undefined variable: add_abadi in /var/www/html/prof/Garden/list_Greenhous_nonP.php on line 183
[30-May-2026 07:45:40] PHP Notice:  Undefined variable: add_abadi in /var/www/html/prof/Garden/list_Greenhous_nonP.php on line 183
[30-May-2026 07:45:40] PHP Notice:  Undefined variable: add_abadi in /var/www/html/prof/Garden/list_Greenhous_nonP.php on line 183
[30-May-2026 07:45:40] PHP Notice:  Undefined variable: add_abadi in /var/www/html/prof/Garden/list_Greenhous_nonP.php on line 183
[30-May-2026 07:45:40] PHP Notice:  Undefined variable: add_abadi in /var/www/html/prof/Garden/list_Greenhous_nonP.php on line 183
[30-May-2026 07:45:40] PHP Notice:  Undefined variable: add_abadi in /var/www/html/prof/Garden/list_Greenhous_nonP.php on line 183
[30-May-2026 07:45:40] PHP Notice:  Undefined variable: add_abadi in /var/www/html/prof/Garden/list_Greenhous_nonP.php on line 183
[30-May-2026 07:45:40] PHP Notice:  Undefined variable: add_abadi in /var/www/html/prof/Garden/list_Greenhous_nonP.php on line 183
[30-May-2026 07:45:40] PHP Notice:  Undefined variable: add_abadi in /var/www/html/prof/Garden/list_Greenhous_nonP.php on line 183
[30-May-2026 07:45:40] PHP Notice:  Undefined variable: add_abadi in /var/www/html/prof/Garden/list_Greenhous_nonP.php on line 183
[30-May-2026 07:45:40] PHP Notice:  Undefined variable: add_abadi in /var/www/html/prof/Garden/list_Greenhous_nonP.php on line 183
[30-May-2026 07:45:40] PHP Notice:  Undefined variable: add_abadi in /var/www/html/prof/Garden/list_Greenhous_nonP.php on line 183
[30-May-2026 07:45:40] PHP Notice:  Undefined variable: add_abadi in /var/www/html/prof/Garden/list_Greenhous_nonP.php on line 183
[30-May-2026 07:45:40] PHP Notice:  Undefined variable: add_abadi in /var/www/html/prof/Garden/list_Greenhous_nonP.php on line 183
[30-May-2026 07:45:40] PHP Notice:  Undefined variable: add_abadi in /var/www/html/prof/Garden/list_Greenhous_nonP.php on line 183
[30-May-2026 07:45:40] PHP Notice:  Undefined variable: add_abadi in /var/www/html/prof/Garden/list_Greenhous_nonP.php on line 183
[30-May-2026 07:45:40] PHP Notice:  Undefined variable: add_abadi in /var/www/html/prof/Garden/list_Greenhous_nonP.php on line 183
[30-May-2026 07:45:40] PHP Notice:  Undefined variable: add_abadi in /var/www/html/prof/Garden/list_Greenhous_nonP.php on line 183
[30-May-2026 07:45:40] PHP Notice:  Undefined variable: add_abadi in /var/www/html/prof/Garden/list_Greenhous_nonP.php on line 183
[30-May-2026 07:45:40] PHP Notice:  Undefined variable: add_abadi in /var/www/html/prof/Garden/list_Greenhous_nonP.php on line 183
[30-May-2026 07:45:40] PHP Notice:  Undefined variable: add_abadi in /var/www/html/prof/Garden/list_Greenhous_nonP.php on line 183
[30-May-2026 07:45:40] PHP Notice:  Undefined variable: add_abadi in /var/www/html/prof/Garden/list_Greenhous_nonP.php on line 183
[30-May-2026 07:45:40] PHP Notice:  Undefined variable: add_abadi in /var/www/html/prof/Garden/list_Greenhous_nonP.php on line 183
[30-May-2026 07:45:40] PHP Notice:  Undefined variable: add_abadi in /var/www/html/prof/Garden/list_Greenhous_nonP.php on line 183
[30-May-2026 07:45:40] PHP Notice:  Undefined variable: add_abadi in /var/www/html/prof/Garden/list_Greenhous_nonP.php on line 183
[30-May-2026 07:45:40] PHP Notice:  Undefined variable: add_abadi in /var/www/html/prof/Garden/list_Greenhous_nonP.php on line 183
[30-May-2026 07:45:40] PHP Notice:  Undefined variable: add_abadi in /var/www/html/prof/Garden/list_Greenhous_nonP.php on line 183
[30-May-2026 07:45:40] PHP Notice:  Undefined variable: add_abadi in /var/www/html/prof/Garden/list_Greenhous_nonP.php on line 183
[30-May-2026 07:45:40] PHP Notice:  Undefined variable: add_abadi in /var/www/html/prof/Garden/list_Greenhous_nonP.php on line 183
[30-May-2026 07:45:40] PHP Notice:  Undefined variable: add_abadi in /var/www/html/prof/Garden/list_Greenhous_nonP.php on line 183
[30-May-2026 07:45:40] PHP Notice:  Undefined variable: add_abadi in /var/www/html/prof/Garden/list_Greenhous_nonP.php on line 183
[30-May-2026 07:45:40] PHP Notice:  Undefined variable: add_abadi in /var/www/html/prof/Garden/list_Greenhous_nonP.php on line 183
[30-May-2026 07:45:40] PHP Notice:  Undefined variable: add_abadi in /var/www/html/prof/Garden/list_Greenhous_nonP.php on line 183
[30-May-2026 07:45:40] PHP Notice:  Undefined variable: add_abadi in /var/www/html/prof/Garden/list_Greenhous_nonP.php on line 183
[30-May-2026 07:45:40] PHP Notice:  Undefined variable: add_abadi in /var/www/html/prof/Garden/list_Greenhous_nonP.php on line 183
[30-May-2026 07:45:40] PHP Notice:  Undefined variable: add_abadi in /var/www/html/prof/Garden/list_Greenhous_nonP.php on line 183
[30-May-2026 07:45:40] PHP Notice:  Undefined variable: add_abadi in /var/www/html/prof/Garden/list_Greenhous_nonP.php on line 183
[30-May-2026 07:45:40] PHP Notice:  Undefined variable: add_abadi in /var/www/html/prof/Garden/list_Greenhous_nonP.php on line 183
[30-May-2026 07:45:40] PHP Notice:  Undefined variable: add_abadi in /var/www/html/prof/Garden/list_Greenhous_nonP.php on line 183
[30-May-2026 07:45:40] PHP Notice:  Undefined variable: add_abadi in /var/www/html/prof/Garden/list_Greenhous_nonP.php on line 183
[30-May-2026 07:45:40] PHP Notice:  Undefined variable: add_abadi in /var/www/html/prof/Garden/list_Greenhous_nonP.php on line 183
[30-May-2026 07:45:40] PHP Notice:  Undefined variable: add_abadi in /var/www/html/prof/Garden/list_Greenhous_nonP.php on line 183
[30-May-2026 07:45:40] PHP Notice:  Undefined variable: add_abadi in /var/www/html/prof/Garden/list_Greenhous_nonP.php on line 183
[30-May-2026 07:45:40] PHP Notice:  Undefined variable: add_abadi in /var/www/html/prof/Garden/list_Greenhous_nonP.php on line 183
[30-May-2026 07:45:40] PHP Notice:  Undefined variable: add_abadi in /var/www/html/prof/Garden/list_Greenhous_nonP.php on line 183
[30-May-2026 07:45:40] PHP Notice:  Undefined variable: add_abadi in /var/www/html/prof/Garden/list_Greenhous_nonP.php on line 183
[30-May-2026 07:45:40] PHP Notice:  Undefined variable: add_abadi in /var/www/html/prof/Garden/list_Greenhous_nonP.php on line 183
[30-May-2026 07:45:40] PHP Notice:  Undefined variable: add_abadi in /var/www/html/prof/Garden/list_Greenhous_nonP.php on line 183
[30-May-2026 07:45:40] PHP Notice:  Undefined variable: add_abadi in /var/www/html/prof/Garden/list_Greenhous_nonP.php on line 183
[30-May-2026 07:45:40] PHP Notice:  Undefined variable: add_abadi in /var/www/html/prof/Garden/list_Greenhous_nonP.php on line 183
[30-May-2026 07:45:40] PHP Notice:  Undefined variable: add_abadi in /var/www/html/prof/Garden/list_Greenhous_nonP.php on line 183
[30-May-2026 07:45:40] PHP Notice:  Undefined variable: add_abadi in /var/www/html/prof/Garden/list_Greenhous_nonP.php on line 183
[30-May-2026 07:45:40] PHP Notice:  Undefined variable: add_abadi in /var/www/html/prof/Garden/list_Greenhous_nonP.php on line 183
[30-May-2026 07:45:40] PHP Notice:  Undefined variable: add_abadi in /var/www/html/prof/Garden/list_Greenhous_nonP.php on line 183
[30-May-2026 07:45:40] PHP Notice:  Undefined variable: add_abadi in /var/www/html/prof/Garden/list_Greenhous_nonP.php on line 183
[30-May-2026 07:45:40] PHP Notice:  Undefined variable: add_abadi in /var/www/html/prof/Garden/list_Greenhous_nonP.php on line 183
[30-May-2026 07:45:40] PHP Notice:  Undefined variable: add_abadi in /var/www/html/prof/Garden/list_Greenhous_nonP.php on line 183
[30-May-2026 07:45:40] PHP Notice:  Undefined variable: add_abadi in /var/www/html/prof/Garden/list_Greenhous_nonP.php on line 183
[30-May-2026 07:45:40] PHP Notice:  Undefined variable: add_abadi in /var/www/html/prof/Garden/list_Greenhous_nonP.php on line 183
[30-May-2026 07:45:40] PHP Notice:  Undefined variable: add_abadi in /var/www/html/prof/Garden/list_Greenhous_nonP.php on line 183
[30-May-2026 07:45:40] PHP Notice:  Undefined variable: add_abadi in /var/www/html/prof/Garden/list_Greenhous_nonP.php on line 183
[30-May-2026 07:45:40] PHP Notice:  Undefined variable: add_abadi in /var/www/html/prof/Garden/list_Greenhous_nonP.php on line 183
[30-May-2026 07:45:40] PHP Notice:  Undefined variable: add_abadi in /var/www/html/prof/Garden/list_Greenhous_nonP.php on line 183
[30-May-2026 07:45:40] PHP Notice:  Undefined variable: add_abadi in /var/www/html/prof/Garden/list_Greenhous_nonP.php on line 183
[30-May-2026 07:45:40] PHP Notice:  Undefined variable: add_abadi in /var/www/html/prof/Garden/list_Greenhous_nonP.php on line 183
[30-May-2026 07:45:40] PHP Notice:  Undefined variable: add_abadi in /var/www/html/prof/Garden/list_Greenhous_nonP.php on line 183
[30-May-2026 07:45:40] PHP Notice:  Undefined variable: add_abadi in /var/www/html/prof/Garden/list_Greenhous_nonP.php on line 183
[30-May-2026 07:45:40] PHP Notice:  Undefined variable: add_abadi in /var/www/html/prof/Garden/list_Greenhous_nonP.php on line 183
[30-May-2026 07:45:40] PHP Notice:  Undefined variable: add_abadi in /var/www/html/prof/Garden/list_Greenhous_nonP.php on line 183
[30-May-2026 07:45:40] PHP Notice:  Undefined variable: add_abadi in /var/www/html/prof/Garden/list_Greenhous_nonP.php on line 183
[30-May-2026 07:45:40] PHP Notice:  Undefined variable: add_abadi in /var/www/html/prof/Garden/list_Greenhous_nonP.php on line 183
[30-May-2026 07:45:40] PHP Notice:  Undefined variable: add_abadi in /var/www/html/prof/Garden/list_Greenhous_nonP.php on line 183
[30-May-2026 07:45:40] PHP Notice:  Undefined variable: add_abadi in /var/www/html/prof/Garden/list_Greenhous_nonP.php on line 183
[30-May-2026 07:45:40] PHP Notice:  Undefined variable: add_abadi in /var/www/html/prof/Garden/list_Greenhous_nonP.php on line 183
[30-May-2026 07:45:40] PHP Notice:  Undefined variable: add_abadi in /var/www/html/prof/Garden/list_Greenhous_nonP.php on line 183
[30-May-2026 07:45:40] PHP Notice:  Undefined variable: add_abadi in /var/www/html/prof/Garden/list_Greenhous_nonP.php on line 183
[30-May-2026 07:45:40] PHP Notice:  Undefined variable: add_abadi in /var/www/html/prof/Garden/list_Greenhous_nonP.php on line 183
[30-May-2026 07:45:40] PHP Notice:  Undefined variable: add_abadi in /var/www/html/prof/Garden/list_Greenhous_nonP.php on line 183
[30-May-2026 07:45:40] PHP Notice:  Undefined variable: add_abadi in /var/www/html/prof/Garden/list_Greenhous_nonP.php on line 183
[30-May-2026 07:45:40] PHP Notice:  Undefined variable: add_abadi in /var/www/html/prof/Garden/list_Greenhous_nonP.php on line 183
[30-May-2026 07:45:40] PHP Notice:  Undefined variable: add_abadi in /var/www/html/prof/Garden/list_Greenhous_nonP.php on line 183
[30-May-2026 07:45:40] PHP Notice:  Undefined variable: add_abadi in /var/www/html/prof/Garden/list_Greenhous_nonP.php on line 183
[30-May-2026 07:45:40] PHP Notice:  Undefined variable: add_abadi in /var/www/html/prof/Garden/list_Greenhous_nonP.php on line 183
[30-May-2026 07:45:40] PHP Notice:  Undefined variable: add_abadi in /var/www/html/prof/Garden/list_Greenhous_nonP.php on line 183
[30-May-2026 07:45:40] PHP Notice:  Undefined variable: add_abadi in /var/www/html/prof/Garden/list_Greenhous_nonP.php on line 183
[30-May-2026 07:45:40] PHP Notice:  Undefined variable: add_abadi in /var/www/html/prof/Garden/list_Greenhous_nonP.php on line 183
[30-May-2026 07:45:40] PHP Notice:  Undefined variable: add_abadi in /var/www/html/prof/Garden/list_Greenhous_nonP.php on line 183
[30-May-2026 07:45:40] PHP Notice:  Undefined variable: add_abadi in /var/www/html/prof/Garden/list_Greenhous_nonP.php on line 183
[30-May-2026 07:45:40] PHP Notice:  Undefined variable: add_abadi in /var/www/html/prof/Garden/list_Greenhous_nonP.php on line 183
[30-May-2026 07:45:40] PHP Notice:  Undefined variable: add_abadi in /var/www/html/prof/Garden/list_Greenhous_nonP.php on line 183
[30-May-2026 07:45:40] PHP Notice:  Undefined variable: add_abadi in /var/www/html/prof/Garden/list_Greenhous_nonP.php on line 183
[30-May-2026 07:45:40] PHP Notice:  Undefined variable: add_abadi in /var/www/html/prof/Garden/list_Greenhous_nonP.php on line 183
[30-May-2026 07:45:40] PHP Notice:  Undefined variable: add_abadi in /var/www/html/prof/Garden/list_Greenhous_nonP.php on line 183
[30-May-2026 07:45:40] PHP Notice:  Undefined variable: add_abadi in /var/www/html/prof/Garden/list_Greenhous_nonP.php on line 183
[30-May-2026 07:45:40] PHP Notice:  Undefined variable: add_abadi in /var/www/html/prof/Garden/list_Greenhous_nonP.php on line 183
[30-May-2026 07:45:40] PHP Notice:  Undefined variable: add_abadi in /var/www/html/prof/Garden/list_Greenhous_nonP.php on line 183
[30-May-2026 07:45:40] PHP Notice:  Undefined variable: add_abadi in /var/www/html/prof/Garden/list_Greenhous_nonP.php on line 183
[30-May-2026 07:45:40] PHP Notice:  Undefined variable: add_abadi in /var/www/html/prof/Garden/list_Greenhous_nonP.php on line 183
[30-May-2026 07:45:40] PHP Notice:  Undefined variable: add_abadi in /var/www/html/prof/Garden/list_Greenhous_nonP.php on line 183
[30-May-2026 07:45:40] PHP Notice:  Undefined variable: add_abadi in /var/www/html/prof/Garden/list_Greenhous_nonP.php on line 183
[30-May-2026 07:45:40] PHP Notice:  Undefined variable: add_abadi in /var/www/html/prof/Garden/list_Greenhous_nonP.php on line 183
[30-May-2026 07:45:40] PHP Notice:  Undefined variable: add_abadi in /var/www/html/prof/Garden/list_Greenhous_nonP.php on line 183
[30-May-2026 07:45:40] PHP Notice:  Undefined variable: add_abadi in /var/www/html/prof/Garden/list_Greenhous_nonP.php on line 183
[30-May-2026 07:45:40] PHP Notice:  Undefined variable: add_abadi in /var/www/html/prof/Garden/list_Greenhous_nonP.php on line 183
[30-May-2026 07:45:40] PHP Notice:  Undefined variable: add_abadi in /var/www/html/prof/Garden/list_Greenhous_nonP.php on line 183
[30-May-2026 07:45:40] PHP Notice:  Undefined variable: add_abadi in /var/www/html/prof/Garden/list_Greenhous_nonP.php on line 183
[30-May-2026 07:45:40] PHP Notice:  Undefined variable: add_abadi in /var/www/html/prof/Garden/list_Greenhous_nonP.php on line 183
[30-May-2026 07:45:40] PHP Notice:  Undefined variable: add_abadi in /var/www/html/prof/Garden/list_Greenhous_nonP.php on line 183
[30-May-2026 07:45:40] PHP Notice:  Undefined variable: add_abadi in /var/www/html/prof/Garden/list_Greenhous_nonP.php on line 183
[30-May-2026 07:45:40] PHP Notice:  Undefined variable: add_abadi in /var/www/html/prof/Garden/list_Greenhous_nonP.php on line 183
[30-May-2026 07:45:40] PHP Notice:  Undefined variable: add_abadi in /var/www/html/prof/Garden/list_Greenhous_nonP.php on line 183
[30-May-2026 07:45:40] PHP Notice:  Undefined variable: add_abadi in /var/www/html/prof/Garden/list_Greenhous_nonP.php on line 183
[30-May-2026 07:45:40] PHP Notice:  Undefined variable: add_abadi in /var/www/html/prof/Garden/list_Greenhous_nonP.php on line 183
[30-May-2026 07:45:40] PHP Notice:  Undefined variable: add_abadi in /var/www/html/prof/Garden/list_Greenhous_nonP.php on line 183
[30-May-2026 07:45:40] PHP Notice:  Undefined variable: add_abadi in /var/www/html/prof/Garden/list_Greenhous_nonP.php on line 183
[30-May-2026 07:45:40] PHP Notice:  Undefined variable: add_abadi in /var/www/html/prof/Garden/list_Greenhous_nonP.php on line 183
[30-May-2026 07:45:40] PHP Notice:  Undefined variable: add_abadi in /var/www/html/prof/Garden/list_Greenhous_nonP.php on line 183
[30-May-2026 07:45:40] PHP Notice:  Undefined variable: add_abadi in /var/www/html/prof/Garden/list_Greenhous_nonP.php on line 183
[30-May-2026 07:45:40] PHP Notice:  Undefined variable: add_abadi in /var/www/html/prof/Garden/list_Greenhous_nonP.php on line 183
[30-May-2026 07:45:40] PHP Notice:  Undefined variable: add_abadi in /var/www/html/prof/Garden/list_Greenhous_nonP.php on line 183
[30-May-2026 07:45:40] PHP Notice:  Undefined variable: add_abadi in /var/www/html/prof/Garden/list_Greenhous_nonP.php on line 183
[30-May-2026 07:45:40] PHP Notice:  Undefined variable: add_abadi in /var/www/html/prof/Garden/list_Greenhous_nonP.php on line 183
[30-May-2026 07:45:40] PHP Notice:  Undefined variable: add_abadi in /var/www/html/prof/Garden/list_Greenhous_nonP.php on line 183
[30-May-2026 07:45:40] PHP Notice:  Undefined variable: add_abadi in /var/www/html/prof/Garden/list_Greenhous_nonP.php on line 183
[30-May-2026 07:45:40] PHP Notice:  Undefined variable: add_abadi in /var/www/html/prof/Garden/list_Greenhous_nonP.php on line 183
[30-May-2026 07:45:40] PHP Notice:  Undefined variable: add_abadi in /var/www/html/prof/Garden/list_Greenhous_nonP.php on line 183
[30-May-2026 07:45:40] PHP Notice:  Undefined variable: add_city in /var/www/html/prof/Garden/list_Greenhous_nonP.php on line 217
[30-May-2026 07:45:40] PHP Notice:  Undefined variable: m_cod_m in /var/www/html/prof/Garden/list_Greenhous_nonP.php on line 224
[30-May-2026 07:45:40] PHP Notice:  Undefined variable: bah_cod_m in /var/www/html/prof/Garden/list_Greenhous_nonP.php on line 228
[30-May-2026 07:45:40] PHP Notice:  Undefined variable: sys_kesh in /var/www/html/prof/Garden/list_Greenhous_nonP.php on line 236
[30-May-2026 07:45:40] PHP Notice:  Undefined variable: sys_kesh in /var/www/html/prof/Garden/list_Greenhous_nonP.php on line 237
[30-May-2026 07:45:40] PHP Notice:  Undefined variable: sys_kesh in /var/www/html/prof/Garden/list_Greenhous_nonP.php on line 238
[30-May-2026 07:45:40] PHP Notice:  Undefined variable: no_kesht in /var/www/html/prof/Garden/list_Greenhous_nonP.php on line 246
[30-May-2026 07:45:40] PHP Notice:  Undefined variable: no_kesht in /var/www/html/prof/Garden/list_Greenhous_nonP.php on line 247
[30-May-2026 07:45:40] PHP Notice:  Undefined variable: no_gol in /var/www/html/prof/Garden/list_Greenhous_nonP.php on line 257
[30-May-2026 07:45:40] PHP Notice:  Undefined variable: no_gol in /var/www/html/prof/Garden/list_Greenhous_nonP.php on line 258
[30-May-2026 07:45:40] PHP Notice:  Undefined variable: no_gol in /var/www/html/prof/Garden/list_Greenhous_nonP.php on line 259
[30-May-2026 07:45:40] PHP Notice:  Undefined variable: no_gol in /var/www/html/prof/Garden/list_Greenhous_nonP.php on line 260
[30-May-2026 07:45:40] PHP Notice:  Undefined variable: no_saz in /var/www/html/prof/Garden/list_Greenhous_nonP.php on line 267
[30-May-2026 07:45:40] PHP Notice:  Undefined variable: no_saz in /var/www/html/prof/Garden/list_Greenhous_nonP.php on line 268
[30-May-2026 07:45:40] PHP Notice:  Undefined variable: no_saz in /var/www/html/prof/Garden/list_Greenhous_nonP.php on line 269
[30-May-2026 07:45:40] PHP Notice:  Undefined variable: no_saz in /var/www/html/prof/Garden/list_Greenhous_nonP.php on line 270
[30-May-2026 07:45:40] PHP Notice:  Undefined variable: sys_hot in /var/www/html/prof/Garden/list_Greenhous_nonP.php on line 279
[30-May-2026 07:45:40] PHP Notice:  Undefined variable: sys_hot in /var/www/html/prof/Garden/list_Greenhous_nonP.php on line 280
[30-May-2026 07:45:40] PHP Notice:  Undefined variable: sys_hot in /var/www/html/prof/Garden/list_Greenhous_nonP.php on line 281
[30-May-2026 07:45:40] PHP Notice:  Undefined variable: no_moj in /var/www/html/prof/Garden/list_Greenhous_nonP.php on line 288
[30-May-2026 07:45:40] PHP Notice:  Undefined variable: no_moj in /var/www/html/prof/Garden/list_Greenhous_nonP.php on line 289
[30-May-2026 07:45:40] PHP Notice:  Undefined variable: no_moj in /var/www/html/prof/Garden/list_Greenhous_nonP.php on line 290
[30-May-2026 07:45:40] PHP Notice:  Undefined variable: no_moj in /var/www/html/prof/Garden/list_Greenhous_nonP.php on line 291
[30-May-2026 07:45:40] PHP Notice:  Undefined variable: no_moj in /var/www/html/prof/Garden/list_Greenhous_nonP.php on line 292
[30-May-2026 07:45:40] PHP Notice:  Undefined variable: query1 in /var/www/html/prof/Garden/list_Greenhous_nonP.php on line 450
[30-May-2026 07:45:40] PHP Notice:  Undefined variable: limit in /var/www/html/prof/Garden/list_Greenhous_nonP.php on line 453
[30-May-2026 07:45:40] PHP Warning:  Division by zero in /var/www/html/prof/Garden/list_Greenhous_nonP.php on line 453
[30-May-2026 07:45:40] PHP Notice:  Undefined variable: id in /var/www/html/prof/Garden/list_Greenhous_nonP.php on line 454
[30-May-2026 07:45:40] PHP Notice:  Undefined variable: id in /var/www/html/prof/Garden/list_Greenhous_nonP.php on line 479
[30-May-2026 07:45:42] PHP Notice:  Undefined index: no_mush in /var/www/html/prof/Garden/list_Greenhous_nonP.php on line 19
[30-May-2026 07:45:42] PHP Notice:  Undefined index: m_ab in /var/www/html/prof/Garden/list_Greenhous_nonP.php on line 20
[30-May-2026 07:45:42] PHP Notice:  Undefined variable: id_ostan1 in /var/www/html/prof/Garden/list_Greenhous_nonP.php on line 138
[30-May-2026 07:45:42] PHP Notice:  Undefined index: no_bah in /var/www/html/prof/Garden/list_Greenhous_nonP.php on line 437
[30-May-2026 07:45:42] PHP Notice:  Undefined index: no_bah in /var/www/html/prof/Garden/list_Greenhous_nonP.php on line 437
[30-May-2026 07:45:42] PHP Notice:  Undefined index: no_bah in /var/www/html/prof/Garden/list_Greenhous_nonP.php on line 437
[30-May-2026 07:45:42] PHP Notice:  Undefined index: no_bah in /var/www/html/prof/Garden/list_Greenhous_nonP.php on line 437
[30-May-2026 07:45:42] PHP Notice:  Undefined index: no_bah in /var/www/html/prof/Garden/list_Greenhous_nonP.php on line 437
[30-May-2026 07:45:42] PHP Notice:  Undefined index: no_bah in /var/www/html/prof/Garden/list_Greenhous_nonP.php on line 437
[30-May-2026 07:45:42] PHP Notice:  Undefined index: no_bah in /var/www/html/prof/Garden/list_Greenhous_nonP.php on line 437
[30-May-2026 07:45:42] PHP Notice:  Undefined index: no_bah in /var/www/html/prof/Garden/list_Greenhous_nonP.php on line 437
[30-May-2026 07:45:42] PHP Notice:  Undefined index: no_bah in /var/www/html/prof/Garden/list_Greenhous_nonP.php on line 437
[30-May-2026 07:45:42] PHP Notice:  Undefined index: no_bah in /var/www/html/prof/Garden/list_Greenhous_nonP.php on line 437
[30-May-2026 07:45:42] PHP Notice:  Undefined index: no_bah in /var/www/html/prof/Garden/list_Greenhous_nonP.php on line 437
[30-May-2026 07:45:42] PHP Notice:  Undefined index: no_bah in /var/www/html/prof/Garden/list_Greenhous_nonP.php on line 437
[30-May-2026 07:45:42] PHP Notice:  Undefined index: no_bah in /var/www/html/prof/Garden/list_Greenhous_nonP.php on line 437
[30-May-2026 07:45:42] PHP Notice:  Undefined index: no_bah in /var/www/html/prof/Garden/list_Greenhous_nonP.php on line 437
[30-May-2026 07:45:42] PHP Notice:  Undefined index: no_bah in /var/www/html/prof/Garden/list_Greenhous_nonP.php on line 437
[30-May-2026 07:45:42] PHP Notice:  Undefined index: no_bah in /var/www/html/prof/Garden/list_Greenhous_nonP.php on line 437
[30-May-2026 07:45:42] PHP Notice:  Undefined index: no_bah in /var/www/html/prof/Garden/list_Greenhous_nonP.php on line 437
[30-May-2026 07:45:42] PHP Notice:  Undefined index: no_bah in /var/www/html/prof/Garden/list_Greenhous_nonP.php on line 437
[30-May-2026 07:45:42] PHP Notice:  Undefined index: no_bah in /var/www/html/prof/Garden/list_Greenhous_nonP.php on line 437
[30-May-2026 07:45:42] PHP Notice:  Undefined index: no_bah in /var/www/html/prof/Garden/list_Greenhous_nonP.php on line 437
[30-May-2026 07:45:42] PHP Notice:  Undefined index: no_bah in /var/www/html/prof/Garden/list_Greenhous_nonP.php on line 437
[30-May-2026 07:45:42] PHP Notice:  Undefined index: no_bah in /var/www/html/prof/Garden/list_Greenhous_nonP.php on line 437
[30-May-2026 07:45:42] PHP Notice:  Undefined index: no_bah in /var/www/html/prof/Garden/list_Greenhous_nonP.php on line 437
[30-May-2026 07:45:42] PHP Notice:  Undefined index: no_bah in /var/www/html/prof/Garden/list_Greenhous_nonP.php on line 437
[30-May-2026 07:45:42] PHP Notice:  Undefined index: no_bah in /var/www/html/prof/Garden/list_Greenhous_nonP.php on line 437
[30-May-2026 07:45:42] PHP Notice:  Undefined variable: id in /var/www/html/prof/Garden/list_Greenhous_nonP.php on line 454
[30-May-2026 07:45:42] PHP Notice:  Undefined variable: id in /var/www/html/prof/Garden/list_Greenhous_nonP.php on line 479
[30-May-2026 07:45:42] PHP Notice:  Undefined variable: id in /var/www/html/prof/Garden/list_Greenhous_nonP.php on line 482
[30-May-2026 07:45:42] PHP Notice:  Undefined variable: id in /var/www/html/prof/Garden/list_Greenhous_nonP.php on line 507
[30-May-2026 07:45:42] PHP Notice:  Undefined variable: id in /var/www/html/prof/Garden/list_Greenhous_nonP.php on line 507
[30-May-2026 07:45:42] PHP Notice:  Undefined variable: mess in /var/www/html/prof/Garden/Garden_edit.php on line 46
[30-May-2026 07:45:42] PHP Notice:  Undefined variable: mess in /var/www/html/prof/Garden/Garden_edit.php on line 149
[30-May-2026 07:45:42] PHP Notice:  Undefined index: jens in /var/www/html/prof/Garden/Gardendata_edit.php on line 452
[30-May-2026 07:45:42] PHP Notice:  Undefined index: jens in /var/www/html/prof/Garden/Gardendata_edit.php on line 453
[30-May-2026 07:45:43] PHP Notice:  Undefined variable: id in /var/www/html/prof/Garden/Greenh_prod.php on line 697
[30-May-2026 07:45:43] PHP Notice:  Undefined variable: id in /var/www/html/prof/Garden/Greenh_prod.php on line 700
[30-May-2026 07:45:43] PHP Notice:  Undefined variable: mah_name in /var/www/html/prof/Garden/Greenh_prod.php on line 837
[30-May-2026 07:45:43] PHP Notice:  Undefined variable: mah_name in /var/www/html/prof/Garden/Greenh_prod.php on line 837
[30-May-2026 07:45:43] PHP Notice:  Undefined variable: number in /var/www/html/prof/Garden/Greenh_prod.php on line 887
[30-May-2026 07:45:47] PHP Notice:  Undefined variable: y_prod in /var/www/html/prof/Garden/list_Greenhous_nonP.php on line 126
[30-May-2026 07:45:47] PHP Notice:  Undefined variable: y_prod in /var/www/html/prof/Garden/list_Greenhous_nonP.php on line 127
[30-May-2026 07:45:47] PHP Notice:  Undefined variable: y_prod in /var/www/html/prof/Garden/list_Greenhous_nonP.php on line 128
[30-May-2026 07:45:47] PHP Notice:  Undefined variable: y_prod in /var/www/html/prof/Garden/list_Greenhous_nonP.php on line 129
[30-May-2026 07:45:47] PHP Notice:  Undefined variable: id_ostan1 in /var/www/html/prof/Garden/list_Greenhous_nonP.php on line 138
[30-May-2026 07:45:47] PHP Notice:  Undefined variable: add_abadi in /var/www/html/prof/Garden/list_Greenhous_nonP.php on line 183
[30-May-2026 07:45:47] PHP Notice:  Undefined variable: add_abadi in /var/www/html/prof/Garden/list_Greenhous_nonP.php on line 183
[30-May-2026 07:45:47] PHP Notice:  Undefined variable: add_abadi in /var/www/html/prof/Garden/list_Greenhous_nonP.php on line 183
[30-May-2026 07:45:47] PHP Notice:  Undefined variable: add_abadi in /var/www/html/prof/Garden/list_Greenhous_nonP.php on line 183
[30-May-2026 07:45:47] PHP Notice:  Undefined variable: add_abadi in /var/www/html/prof/Garden/list_Greenhous_nonP.php on line 183
[30-May-2026 07:45:47] PHP Notice:  Undefined variable: add_abadi in /var/www/html/prof/Garden/list_Greenhous_nonP.php on line 183
[30-May-2026 07:45:47] PHP Notice:  Undefined variable: add_abadi in /var/www/html/prof/Garden/list_Greenhous_nonP.php on line 183
[30-May-2026 07:45:47] PHP Notice:  Undefined variable: add_abadi in /var/www/html/prof/Garden/list_Greenhous_nonP.php on line 183
[30-May-2026 07:45:47] PHP Notice:  Undefined variable: add_abadi in /var/www/html/prof/Garden/list_Greenhous_nonP.php on line 183
[30-May-2026 07:45:47] PHP Notice:  Undefined variable: add_abadi in /var/www/html/prof/Garden/list_Greenhous_nonP.php on line 183
[30-May-2026 07:45:47] PHP Notice:  Undefined variable: add_abadi in /var/www/html/prof/Garden/list_Greenhous_nonP.php on line 183
[30-May-2026 07:45:47] PHP Notice:  Undefined variable: add_abadi in /var/www/html/prof/Garden/list_Greenhous_nonP.php on line 183
[30-May-2026 07:45:47] PHP Notice:  Undefined variable: add_abadi in /var/www/html/prof/Garden/list_Greenhous_nonP.php on line 183
[30-May-2026 07:45:47] PHP Notice:  Undefined variable: add_abadi in /var/www/html/prof/Garden/list_Greenhous_nonP.php on line 183
[30-May-2026 07:45:47] PHP Notice:  Undefined variable: add_abadi in /var/www/html/prof/Garden/list_Greenhous_nonP.php on line 183
[30-May-2026 07:45:47] PHP Notice:  Undefined variable: add_abadi in /var/www/html/prof/Garden/list_Greenhous_nonP.php on line 183
[30-May-2026 07:45:47] PHP Notice:  Undefined variable: add_abadi in /var/www/html/prof/Garden/list_Greenhous_nonP.php on line 183
[30-May-2026 07:45:47] PHP Notice:  Undefined variable: add_abadi in /var/www/html/prof/Garden/list_Greenhous_nonP.php on line 183
[30-May-2026 07:45:47] PHP Notice:  Undefined variable: add_abadi in /var/www/html/prof/Garden/list_Greenhous_nonP.php on line 183
[30-May-2026 07:45:47] PHP Notice:  Undefined variable: add_abadi in /var/www/html/prof/Garden/list_Greenhous_nonP.php on line 183
[30-May-2026 07:45:47] PHP Notice:  Undefined variable: add_abadi in /var/www/html/prof/Garden/list_Greenhous_nonP.php on line 183
[30-May-2026 07:45:47] PHP Notice:  Undefined variable: add_abadi in /var/www/html/prof/Garden/list_Greenhous_nonP.php on line 183
[30-May-2026 07:45:47] PHP Notice:  Undefined variable: add_abadi in /var/www/html/prof/Garden/list_Greenhous_nonP.php on line 183
[30-May-2026 07:45:47] PHP Notice:  Undefined variable: add_abadi in /var/www/html/prof/Garden/list_Greenhous_nonP.php on line 183
[30-May-2026 07:45:47] PHP Notice:  Undefined variable: add_abadi in /var/www/html/prof/Garden/list_Greenhous_nonP.php on line 183
[30-May-2026 07:45:47] PHP Notice:  Undefined variable: add_abadi in /var/www/html/prof/Garden/list_Greenhous_nonP.php on line 183
[30-May-2026 07:45:47] PHP Notice:  Undefined variable: add_abadi in /var/www/html/prof/Garden/list_Greenhous_nonP.php on line 183
[30-May-2026 07:45:47] PHP Notice:  Undefined variable: add_abadi in /var/www/html/prof/Garden/list_Greenhous_nonP.php on line 183
[30-May-2026 07:45:47] PHP Notice:  Undefined variable: add_abadi in /var/www/html/prof/Garden/list_Greenhous_nonP.php on line 183
[30-May-2026 07:45:47] PHP Notice:  Undefined variable: add_abadi in /var/www/html/prof/Garden/list_Greenhous_nonP.php on line 183
[30-May-2026 07:45:47] PHP Notice:  Undefined variable: add_abadi in /var/www/html/prof/Garden/list_Greenhous_nonP.php on line 183
[30-May-2026 07:45:47] PHP Notice:  Undefined variable: add_abadi in /var/www/html/prof/Garden/list_Greenhous_nonP.php on line 183
[30-May-2026 07:45:47] PHP Notice:  Undefined variable: add_abadi in /var/www/html/prof/Garden/list_Greenhous_nonP.php on line 183
[30-May-2026 07:45:47] PHP Notice:  Undefined variable: add_abadi in /var/www/html/prof/Garden/list_Greenhous_nonP.php on line 183
[30-May-2026 07:45:47] PHP Notice:  Undefined variable: add_abadi in /var/www/html/prof/Garden/list_Greenhous_nonP.php on line 183
[30-May-2026 07:45:47] PHP Notice:  Undefined variable: add_abadi in /var/www/html/prof/Garden/list_Greenhous_nonP.php on line 183
[30-May-2026 07:45:47] PHP Notice:  Undefined variable: add_abadi in /var/www/html/prof/Garden/list_Greenhous_nonP.php on line 183
[30-May-2026 07:45:47] PHP Notice:  Undefined variable: add_abadi in /var/www/html/prof/Garden/list_Greenhous_nonP.php on line 183
[30-May-2026 07:45:47] PHP Notice:  Undefined variable: add_abadi in /var/www/html/prof/Garden/list_Greenhous_nonP.php on line 183
[30-May-2026 07:45:47] PHP Notice:  Undefined variable: add_abadi in /var/www/html/prof/Garden/list_Greenhous_nonP.php on line 183
[30-May-2026 07:45:47] PHP Notice:  Undefined variable: add_abadi in /var/www/html/prof/Garden/list_Greenhous_nonP.php on line 183
[30-May-2026 07:45:47] PHP Notice:  Undefined variable: add_abadi in /var/www/html/prof/Garden/list_Greenhous_nonP.php on line 183
[30-May-2026 07:45:47] PHP Notice:  Undefined variable: add_abadi in /var/www/html/prof/Garden/list_Greenhous_nonP.php on line 183
[30-May-2026 07:45:47] PHP Notice:  Undefined variable: add_abadi in /var/www/html/prof/Garden/list_Greenhous_nonP.php on line 183
[30-May-2026 07:45:47] PHP Notice:  Undefined variable: add_abadi in /var/www/html/prof/Garden/list_Greenhous_nonP.php on line 183
[30-May-2026 07:45:47] PHP Notice:  Undefined variable: add_abadi in /var/www/html/prof/Garden/list_Greenhous_nonP.php on line 183
[30-May-2026 07:45:47] PHP Notice:  Undefined variable: add_abadi in /var/www/html/prof/Garden/list_Greenhous_nonP.php on line 183
[30-May-2026 07:45:47] PHP Notice:  Undefined variable: add_abadi in /var/www/html/prof/Garden/list_Greenhous_nonP.php on line 183
[30-May-2026 07:45:47] PHP Notice:  Undefined variable: add_abadi in /var/www/html/prof/Garden/list_Greenhous_nonP.php on line 183
[30-May-2026 07:45:47] PHP Notice:  Undefined variable: add_abadi in /var/www/html/prof/Garden/list_Greenhous_nonP.php on line 183
[30-May-2026 07:45:47] PHP Notice:  Undefined variable: add_abadi in /var/www/html/prof/Garden/list_Greenhous_nonP.php on line 183
[30-May-2026 07:45:47] PHP Notice:  Undefined variable: add_abadi in /var/www/html/prof/Garden/list_Greenhous_nonP.php on line 183
[30-May-2026 07:45:47] PHP Notice:  Undefined variable: add_abadi in /var/www/html/prof/Garden/list_Greenhous_nonP.php on line 183
[30-May-2026 07:45:47] PHP Notice:  Undefined variable: add_abadi in /var/www/html/prof/Garden/list_Greenhous_nonP.php on line 183
[30-May-2026 07:45:47] PHP Notice:  Undefined variable: add_abadi in /var/www/html/prof/Garden/list_Greenhous_nonP.php on line 183
[30-May-2026 07:45:47] PHP Notice:  Undefined variable: add_abadi in /var/www/html/prof/Garden/list_Greenhous_nonP.php on line 183
[30-May-2026 07:45:47] PHP Notice:  Undefined variable: add_abadi in /var/www/html/prof/Garden/list_Greenhous_nonP.php on line 183
[30-May-2026 07:45:47] PHP Notice:  Undefined variable: add_abadi in /var/www/html/prof/Garden/list_Greenhous_nonP.php on line 183
[30-May-2026 07:45:47] PHP Notice:  Undefined variable: add_abadi in /var/www/html/prof/Garden/list_Greenhous_nonP.php on line 183
[30-May-2026 07:45:47] PHP Notice:  Undefined variable: add_abadi in /var/www/html/prof/Garden/list_Greenhous_nonP.php on line 183
[30-May-2026 07:45:47] PHP Notice:  Undefined variable: add_abadi in /var/www/html/prof/Garden/list_Greenhous_nonP.php on line 183
[30-May-2026 07:45:47] PHP Notice:  Undefined variable: add_abadi in /var/www/html/prof/Garden/list_Greenhous_nonP.php on line 183
[30-May-2026 07:45:47] PHP Notice:  Undefined variable: add_abadi in /var/www/html/prof/Garden/list_Greenhous_nonP.php on line 183
[30-May-2026 07:45:47] PHP Notice:  Undefined variable: add_abadi in /var/www/html/prof/Garden/list_Greenhous_nonP.php on line 183
[30-May-2026 07:45:47] PHP Notice:  Undefined variable: add_abadi in /var/www/html/prof/Garden/list_Greenhous_nonP.php on line 183
[30-May-2026 07:45:47] PHP Notice:  Undefined variable: add_abadi in /var/www/html/prof/Garden/list_Greenhous_nonP.php on line 183
[30-May-2026 07:45:47] PHP Notice:  Undefined variable: add_abadi in /var/www/html/prof/Garden/list_Greenhous_nonP.php on line 183
[30-May-2026 07:45:47] PHP Notice:  Undefined variable: add_abadi in /var/www/html/prof/Garden/list_Greenhous_nonP.php on line 183
[30-May-2026 07:45:47] PHP Notice:  Undefined variable: add_abadi in /var/www/html/prof/Garden/list_Greenhous_nonP.php on line 183
[30-May-2026 07:45:47] PHP Notice:  Undefined variable: add_abadi in /var/www/html/prof/Garden/list_Greenhous_nonP.php on line 183
[30-May-2026 07:45:47] PHP Notice:  Undefined variable: add_abadi in /var/www/html/prof/Garden/list_Greenhous_nonP.php on line 183
[30-May-2026 07:45:47] PHP Notice:  Undefined variable: add_abadi in /var/www/html/prof/Garden/list_Greenhous_nonP.php on line 183
[30-May-2026 07:45:47] PHP Notice:  Undefined variable: add_abadi in /var/www/html/prof/Garden/list_Greenhous_nonP.php on line 183
[30-May-2026 07:45:47] PHP Notice:  Undefined variable: add_abadi in /var/www/html/prof/Garden/list_Greenhous_nonP.php on line 183
[30-May-2026 07:45:47] PHP Notice:  Undefined variable: add_abadi in /var/www/html/prof/Garden/list_Greenhous_nonP.php on line 183
[30-May-2026 07:45:47] PHP Notice:  Undefined variable: add_abadi in /var/www/html/prof/Garden/list_Greenhous_nonP.php on line 183
[30-May-2026 07:45:47] PHP Notice:  Undefined variable: add_abadi in /var/www/html/prof/Garden/list_Greenhous_nonP.php on line 183
[30-May-2026 07:45:47] PHP Notice:  Undefined variable: add_abadi in /var/www/html/prof/Garden/list_Greenhous_nonP.php on line 183
[30-May-2026 07:45:47] PHP Notice:  Undefined variable: add_abadi in /var/www/html/prof/Garden/list_Greenhous_nonP.php on line 183
[30-May-2026 07:45:47] PHP Notice:  Undefined variable: add_abadi in /var/www/html/prof/Garden/list_Greenhous_nonP.php on line 183
[30-May-2026 07:45:47] PHP Notice:  Undefined variable: add_abadi in /var/www/html/prof/Garden/list_Greenhous_nonP.php on line 183
[30-May-2026 07:45:47] PHP Notice:  Undefined variable: add_abadi in /var/www/html/prof/Garden/list_Greenhous_nonP.php on line 183
[30-May-2026 07:45:47] PHP Notice:  Undefined variable: add_abadi in /var/www/html/prof/Garden/list_Greenhous_nonP.php on line 183
[30-May-2026 07:45:47] PHP Notice:  Undefined variable: add_abadi in /var/www/html/prof/Garden/list_Greenhous_nonP.php on line 183
[30-May-2026 07:45:47] PHP Notice:  Undefined variable: add_abadi in /var/www/html/prof/Garden/list_Greenhous_nonP.php on line 183
[30-May-2026 07:45:47] PHP Notice:  Undefined variable: add_abadi in /var/www/html/prof/Garden/list_Greenhous_nonP.php on line 183
[30-May-2026 07:45:47] PHP Notice:  Undefined variable: add_abadi in /var/www/html/prof/Garden/list_Greenhous_nonP.php on line 183
[30-May-2026 07:45:47] PHP Notice:  Undefined variable: add_abadi in /var/www/html/prof/Garden/list_Greenhous_nonP.php on line 183
[30-May-2026 07:45:47] PHP Notice:  Undefined variable: add_abadi in /var/www/html/prof/Garden/list_Greenhous_nonP.php on line 183
[30-May-2026 07:45:47] PHP Notice:  Undefined variable: add_abadi in /var/www/html/prof/Garden/list_Greenhous_nonP.php on line 183
[30-May-2026 07:45:47] PHP Notice:  Undefined variable: add_abadi in /var/www/html/prof/Garden/list_Greenhous_nonP.php on line 183
[30-May-2026 07:45:47] PHP Notice:  Undefined variable: add_abadi in /var/www/html/prof/Garden/list_Greenhous_nonP.php on line 183
[30-May-2026 07:45:47] PHP Notice:  Undefined variable: add_abadi in /var/www/html/prof/Garden/list_Greenhous_nonP.php on line 183
[30-May-2026 07:45:47] PHP Notice:  Undefined variable: add_abadi in /var/www/html/prof/Garden/list_Greenhous_nonP.php on line 183
[30-May-2026 07:45:47] PHP Notice:  Undefined variable: add_abadi in /var/www/html/prof/Garden/list_Greenhous_nonP.php on line 183
[30-May-2026 07:45:47] PHP Notice:  Undefined variable: add_abadi in /var/www/html/prof/Garden/list_Greenhous_nonP.php on line 183
[30-May-2026 07:45:47] PHP Notice:  Undefined variable: add_abadi in /var/www/html/prof/Garden/list_Greenhous_nonP.php on line 183
[30-May-2026 07:45:47] PHP Notice:  Undefined variable: add_abadi in /var/www/html/prof/Garden/list_Greenhous_nonP.php on line 183
[30-May-2026 07:45:47] PHP Notice:  Undefined variable: add_abadi in /var/www/html/prof/Garden/list_Greenhous_nonP.php on line 183
[30-May-2026 07:45:47] PHP Notice:  Undefined variable: add_abadi in /var/www/html/prof/Garden/list_Greenhous_nonP.php on line 183
[30-May-2026 07:45:47] PHP Notice:  Undefined variable: add_abadi in /var/www/html/prof/Garden/list_Greenhous_nonP.php on line 183
[30-May-2026 07:45:47] PHP Notice:  Undefined variable: add_abadi in /var/www/html/prof/Garden/list_Greenhous_nonP.php on line 183
[30-May-2026 07:45:47] PHP Notice:  Undefined variable: add_abadi in /var/www/html/prof/Garden/list_Greenhous_nonP.php on line 183
[30-May-2026 07:45:47] PHP Notice:  Undefined variable: add_abadi in /var/www/html/prof/Garden/list_Greenhous_nonP.php on line 183
[30-May-2026 07:45:47] PHP Notice:  Undefined variable: add_abadi in /var/www/html/prof/Garden/list_Greenhous_nonP.php on line 183
[30-May-2026 07:45:47] PHP Notice:  Undefined variable: add_abadi in /var/www/html/prof/Garden/list_Greenhous_nonP.php on line 183
[30-May-2026 07:45:47] PHP Notice:  Undefined variable: add_abadi in /var/www/html/prof/Garden/list_Greenhous_nonP.php on line 183
[30-May-2026 07:45:47] PHP Notice:  Undefined variable: add_abadi in /var/www/html/prof/Garden/list_Greenhous_nonP.php on line 183
[30-May-2026 07:45:47] PHP Notice:  Undefined variable: add_abadi in /var/www/html/prof/Garden/list_Greenhous_nonP.php on line 183
[30-May-2026 07:45:47] PHP Notice:  Undefined variable: add_abadi in /var/www/html/prof/Garden/list_Greenhous_nonP.php on line 183
[30-May-2026 07:45:47] PHP Notice:  Undefined variable: add_abadi in /var/www/html/prof/Garden/list_Greenhous_nonP.php on line 183
[30-May-2026 07:45:47] PHP Notice:  Undefined variable: add_abadi in /var/www/html/prof/Garden/list_Greenhous_nonP.php on line 183
[30-May-2026 07:45:47] PHP Notice:  Undefined variable: add_abadi in /var/www/html/prof/Garden/list_Greenhous_nonP.php on line 183
[30-May-2026 07:45:47] PHP Notice:  Undefined variable: add_abadi in /var/www/html/prof/Garden/list_Greenhous_nonP.php on line 183
[30-May-2026 07:45:47] PHP Notice:  Undefined variable: add_abadi in /var/www/html/prof/Garden/list_Greenhous_nonP.php on line 183
[30-May-2026 07:45:47] PHP Notice:  Undefined variable: add_abadi in /var/www/html/prof/Garden/list_Greenhous_nonP.php on line 183
[30-May-2026 07:45:47] PHP Notice:  Undefined variable: add_abadi in /var/www/html/prof/Garden/list_Greenhous_nonP.php on line 183
[30-May-2026 07:45:47] PHP Notice:  Undefined variable: add_abadi in /var/www/html/prof/Garden/list_Greenhous_nonP.php on line 183
[30-May-2026 07:45:47] PHP Notice:  Undefined variable: add_abadi in /var/www/html/prof/Garden/list_Greenhous_nonP.php on line 183
[30-May-2026 07:45:47] PHP Notice:  Undefined variable: add_abadi in /var/www/html/prof/Garden/list_Greenhous_nonP.php on line 183
[30-May-2026 07:45:47] PHP Notice:  Undefined variable: add_abadi in /var/www/html/prof/Garden/list_Greenhous_nonP.php on line 183
[30-May-2026 07:45:47] PHP Notice:  Undefined variable: add_abadi in /var/www/html/prof/Garden/list_Greenhous_nonP.php on line 183
[30-May-2026 07:45:47] PHP Notice:  Undefined variable: add_abadi in /var/www/html/prof/Garden/list_Greenhous_nonP.php on line 183
[30-May-2026 07:45:47] PHP Notice:  Undefined variable: add_abadi in /var/www/html/prof/Garden/list_Greenhous_nonP.php on line 183
[30-May-2026 07:45:47] PHP Notice:  Undefined variable: add_abadi in /var/www/html/prof/Garden/list_Greenhous_nonP.php on line 183
[30-May-2026 07:45:47] PHP Notice:  Undefined variable: add_abadi in /var/www/html/prof/Garden/list_Greenhous_nonP.php on line 183
[30-May-2026 07:45:47] PHP Notice:  Undefined variable: add_abadi in /var/www/html/prof/Garden/list_Greenhous_nonP.php on line 183
[30-May-2026 07:45:47] PHP Notice:  Undefined variable: add_abadi in /var/www/html/prof/Garden/list_Greenhous_nonP.php on line 183
[30-May-2026 07:45:47] PHP Notice:  Undefined variable: add_abadi in /var/www/html/prof/Garden/list_Greenhous_nonP.php on line 183
[30-May-2026 07:45:47] PHP Notice:  Undefined variable: add_abadi in /var/www/html/prof/Garden/list_Greenhous_nonP.php on line 183
[30-May-2026 07:45:47] PHP Notice:  Undefined variable: add_abadi in /var/www/html/prof/Garden/list_Greenhous_nonP.php on line 183
[30-May-2026 07:45:47] PHP Notice:  Undefined variable: add_abadi in /var/www/html/prof/Garden/list_Greenhous_nonP.php on line 183
[30-May-2026 07:45:47] PHP Notice:  Undefined variable: add_abadi in /var/www/html/prof/Garden/list_Greenhous_nonP.php on line 183
[30-May-2026 07:45:47] PHP Notice:  Undefined variable: add_abadi in /var/www/html/prof/Garden/list_Greenhous_nonP.php on line 183
[30-May-2026 07:45:47] PHP Notice:  Undefined variable: add_abadi in /var/www/html/prof/Garden/list_Greenhous_nonP.php on line 183
[30-May-2026 07:45:47] PHP Notice:  Undefined variable: add_abadi in /var/www/html/prof/Garden/list_Greenhous_nonP.php on line 183
[30-May-2026 07:45:47] PHP Notice:  Undefined variable: add_abadi in /var/www/html/prof/Garden/list_Greenhous_nonP.php on line 183
[30-May-2026 07:45:47] PHP Notice:  Undefined variable: add_abadi in /var/www/html/prof/Garden/list_Greenhous_nonP.php on line 183
[30-May-2026 07:45:47] PHP Notice:  Undefined variable: add_abadi in /var/www/html/prof/Garden/list_Greenhous_nonP.php on line 183
[30-May-2026 07:45:47] PHP Notice:  Undefined variable: add_abadi in /var/www/html/prof/Garden/list_Greenhous_nonP.php on line 183
[30-May-2026 07:45:47] PHP Notice:  Undefined variable: add_abadi in /var/www/html/prof/Garden/list_Greenhous_nonP.php on line 183
[30-May-2026 07:45:47] PHP Notice:  Undefined variable: add_abadi in /var/www/html/prof/Garden/list_Greenhous_nonP.php on line 183
[30-May-2026 07:45:47] PHP Notice:  Undefined variable: add_city in /var/www/html/prof/Garden/list_Greenhous_nonP.php on line 217
[30-May-2026 07:45:47] PHP Notice:  Undefined variable: add_city in /var/www/html/prof/Garden/list_Greenhous_nonP.php on line 217
[30-May-2026 07:45:47] PHP Notice:  Undefined variable: m_cod_m in /var/www/html/prof/Garden/list_Greenhous_nonP.php on line 224
[30-May-2026 07:45:47] PHP Notice:  Undefined variable: bah_cod_m in /var/www/html/prof/Garden/list_Greenhous_nonP.php on line 228
[30-May-2026 07:45:47] PHP Notice:  Undefined variable: sys_kesh in /var/www/html/prof/Garden/list_Greenhous_nonP.php on line 236
[30-May-2026 07:45:47] PHP Notice:  Undefined variable: sys_kesh in /var/www/html/prof/Garden/list_Greenhous_nonP.php on line 237
[30-May-2026 07:45:47] PHP Notice:  Undefined variable: sys_kesh in /var/www/html/prof/Garden/list_Greenhous_nonP.php on line 238
[30-May-2026 07:45:47] PHP Notice:  Undefined variable: no_kesht in /var/www/html/prof/Garden/list_Greenhous_nonP.php on line 246
[30-May-2026 07:45:47] PHP Notice:  Undefined variable: no_kesht in /var/www/html/prof/Garden/list_Greenhous_nonP.php on line 247
[30-May-2026 07:45:47] PHP Notice:  Undefined variable: no_gol in /var/www/html/prof/Garden/list_Greenhous_nonP.php on line 257
[30-May-2026 07:45:47] PHP Notice:  Undefined variable: no_gol in /var/www/html/prof/Garden/list_Greenhous_nonP.php on line 258
[30-May-2026 07:45:47] PHP Notice:  Undefined variable: no_gol in /var/www/html/prof/Garden/list_Greenhous_nonP.php on line 259
[30-May-2026 07:45:47] PHP Notice:  Undefined variable: no_gol in /var/www/html/prof/Garden/list_Greenhous_nonP.php on line 260
[30-May-2026 07:45:47] PHP Notice:  Undefined variable: no_saz in /var/www/html/prof/Garden/list_Greenhous_nonP.php on line 267
[30-May-2026 07:45:47] PHP Notice:  Undefined variable: no_saz in /var/www/html/prof/Garden/list_Greenhous_nonP.php on line 268
[30-May-2026 07:45:47] PHP Notice:  Undefined variable: no_saz in /var/www/html/prof/Garden/list_Greenhous_nonP.php on line 269
[30-May-2026 07:45:47] PHP Notice:  Undefined variable: no_saz in /var/www/html/prof/Garden/list_Greenhous_nonP.php on line 270
[30-May-2026 07:45:47] PHP Notice:  Undefined variable: sys_hot in /var/www/html/prof/Garden/list_Greenhous_nonP.php on line 279
[30-May-2026 07:45:47] PHP Notice:  Undefined variable: sys_hot in /var/www/html/prof/Garden/list_Greenhous_nonP.php on line 280
[30-May-2026 07:45:47] PHP Notice:  Undefined variable: sys_hot in /var/www/html/prof/Garden/list_Greenhous_nonP.php on line 281
[30-May-2026 07:45:47] PHP Notice:  Undefined variable: no_moj in /var/www/html/prof/Garden/list_Greenhous_nonP.php on line 288
[30-May-2026 07:45:47] PHP Notice:  Undefined variable: no_moj in /var/www/html/prof/Garden/list_Greenhous_nonP.php on line 289
[30-May-2026 07:45:47] PHP Notice:  Undefined variable: no_moj in /var/www/html/prof/Garden/list_Greenhous_nonP.php on line 290
[30-May-2026 07:45:47] PHP Notice:  Undefined variable: no_moj in /var/www/html/prof/Garden/list_Greenhous_nonP.php on line 291
[30-May-2026 07:45:47] PHP Notice:  Undefined variable: no_moj in /var/www/html/prof/Garden/list_Greenhous_nonP.php on line 292
[30-May-2026 07:45:47] PHP Notice:  Undefined variable: query1 in /var/www/html/prof/Garden/list_Greenhous_nonP.php on line 450
[30-May-2026 07:45:47] PHP Notice:  Undefined variable: limit in /var/www/html/prof/Garden/list_Greenhous_nonP.php on line 453
[30-May-2026 07:45:47] PHP Warning:  Division by zero in /var/www/html/prof/Garden/list_Greenhous_nonP.php on line 453
[30-May-2026 07:45:47] PHP Notice:  Undefined variable: id in /var/www/html/prof/Garden/list_Greenhous_nonP.php on line 454
[30-May-2026 07:45:47] PHP Notice:  Undefined variable: id in /var/www/html/prof/Garden/list_Greenhous_nonP.php on line 479
[30-May-2026 07:45:48] PHP Notice:  Undefined variable: mess in /var/www/html/prof/Garden/Greenhous_prodi.php on line 43
[30-May-2026 07:45:48] PHP Notice:  Undefined variable: mess in /var/www/html/prof/Garden/Greenhous_prodi.php on line 58
[30-May-2026 07:45:48] PHP Notice:  Undefined variable: mess in /var/www/html/prof/Garden/Greenhous_prodi.php on line 135
[30-May-2026 07:45:48] PHP Notice:  Undefined variable: add_abadi in /var/www/html/prof/Garden/Greenhous_prodi.php on line 222
[30-May-2026 07:45:48] PHP Notice:  Undefined variable: add_city in /var/www/html/prof/Garden/Greenhous_prodi.php on line 223
[30-May-2026 07:45:48] PHP Notice:  Undefined variable: t_mar in /var/www/html/prof/Garden/Greenh_prod.php on line 332
[30-May-2026 07:45:48] PHP Notice:  Undefined variable: z_dep in /var/www/html/prof/Garden/Greenh_prod.php on line 337
[30-May-2026 07:45:48] PHP Notice:  Undefined variable: t_zan in /var/www/html/prof/Garden/Greenh_prod.php on line 343
[30-May-2026 07:45:48] PHP Notice:  Undefined variable: lisan in /var/www/html/prof/Garden/Greenh_prod.php on line 347
[30-May-2026 07:45:48] PHP Notice:  Undefined variable: m_fani in /var/www/html/prof/Garden/Greenh_prod.php on line 355
[30-May-2026 07:45:48] PHP Notice:  Undefined variable: m_fani in /var/www/html/prof/Garden/Greenh_prod.php on line 356
[30-May-2026 07:45:48] PHP Notice:  Undefined variable: t_mar in /var/www/html/prof/Garden/Greenh_prod.php on line 361
[30-May-2026 07:45:48] PHP Notice:  Undefined variable: gar_ma in /var/www/html/prof/Garden/Greenh_prod.php on line 380
[30-May-2026 07:45:48] PHP Notice:  Undefined variable: gar_m in /var/www/html/prof/Garden/Greenh_prod.php on line 383
[30-May-2026 07:45:48] PHP Notice:  Undefined variable: gar_ja in /var/www/html/prof/Garden/Greenh_prod.php on line 386
[30-May-2026 07:45:48] PHP Notice:  Undefined variable: gar_j in /var/www/html/prof/Garden/Greenh_prod.php on line 389
[30-May-2026 07:45:48] PHP Notice:  Undefined variable: hash_ma in /var/www/html/prof/Garden/Greenh_prod.php on line 395
[30-May-2026 07:45:48] PHP Notice:  Undefined variable: hash_m in /var/www/html/prof/Garden/Greenh_prod.php on line 398
[30-May-2026 07:45:48] PHP Notice:  Undefined variable: hash_ja in /var/www/html/prof/Garden/Greenh_prod.php on line 401
[30-May-2026 07:45:48] PHP Notice:  Undefined variable: hash_j in /var/www/html/prof/Garden/Greenh_prod.php on line 404
[30-May-2026 07:45:48] PHP Notice:  Undefined variable: zof_ma in /var/www/html/prof/Garden/Greenh_prod.php on line 410
[30-May-2026 07:45:48] PHP Notice:  Undefined variable: zof_m in /var/www/html/prof/Garden/Greenh_prod.php on line 413
[30-May-2026 07:45:48] PHP Notice:  Undefined variable: zof_ja in /var/www/html/prof/Garden/Greenh_prod.php on line 416
[30-May-2026 07:45:48] PHP Notice:  Undefined variable: zof_j in /var/www/html/prof/Garden/Greenh_prod.php on line 419
[30-May-2026 07:45:48] PHP Notice:  Undefined variable: kod_h3_a in /var/www/html/prof/Garden/Greenh_prod.php on line 446
[30-May-2026 07:45:48] PHP Notice:  Undefined variable: kod_h3_m in /var/www/html/prof/Garden/Greenh_prod.php on line 449
[30-May-2026 07:45:48] PHP Notice:  Undefined variable: kod_h2_a in /var/www/html/prof/Garden/Greenh_prod.php on line 453
[30-May-2026 07:45:48] PHP Notice:  Undefined variable: kod_h2_m in /var/www/html/prof/Garden/Greenh_prod.php on line 456
[30-May-2026 07:45:48] PHP Notice:  Undefined variable: kod_h1_a in /var/www/html/prof/Garden/Greenh_prod.php on line 460
[30-May-2026 07:45:48] PHP Notice:  Undefined variable: kod_h1_m in /var/www/html/prof/Garden/Greenh_prod.php on line 463
[30-May-2026 07:45:48] PHP Notice:  Undefined variable: kod_sh3_a in /var/www/html/prof/Garden/Greenh_prod.php on line 470
[30-May-2026 07:45:48] PHP Notice:  Undefined variable: kod_sh3_m in /var/www/html/prof/Garden/Greenh_prod.php on line 473
[30-May-2026 07:45:48] PHP Notice:  Undefined variable: kod_sh2_a in /var/www/html/prof/Garden/Greenh_prod.php on line 477
[30-May-2026 07:45:48] PHP Notice:  Undefined variable: kod_sh2_m in /var/www/html/prof/Garden/Greenh_prod.php on line 480
[30-May-2026 07:45:48] PHP Notice:  Undefined variable: kod_sh1_a in /var/www/html/prof/Garden/Greenh_prod.php on line 484
[30-May-2026 07:45:48] PHP Notice:  Undefined variable: kod_sh1_m in /var/www/html/prof/Garden/Greenh_prod.php on line 487
[30-May-2026 07:45:48] PHP Notice:  Undefined variable: kod_bio3_a in /var/www/html/prof/Garden/Greenh_prod.php on line 494
[30-May-2026 07:45:48] PHP Notice:  Undefined variable: kod_bio3_m in /var/www/html/prof/Garden/Greenh_prod.php on line 497
[30-May-2026 07:45:48] PHP Notice:  Undefined variable: kod_bio2_a in /var/www/html/prof/Garden/Greenh_prod.php on line 501
[30-May-2026 07:45:48] PHP Notice:  Undefined variable: kod_bio2_m in /var/www/html/prof/Garden/Greenh_prod.php on line 504
[30-May-2026 07:45:48] PHP Notice:  Undefined variable: kod_bio1_a in /var/www/html/prof/Garden/Greenh_prod.php on line 508
[30-May-2026 07:45:48] PHP Notice:  Undefined variable: kod_bio1_m in /var/www/html/prof/Garden/Greenh_prod.php on line 511
[30-May-2026 07:45:48] PHP Notice:  Undefined variable: gazoil_m in /var/www/html/prof/Garden/Greenh_prod.php on line 545
[30-May-2026 07:45:48] PHP Notice:  Undefined variable: benz_m in /var/www/html/prof/Garden/Greenh_prod.php on line 548
[30-May-2026 07:45:48] PHP Notice:  Undefined variable: ab_m in /var/www/html/prof/Garden/Greenh_prod.php on line 551
[30-May-2026 07:45:48] PHP Notice:  Undefined variable: gazoil_a in /var/www/html/prof/Garden/Greenh_prod.php on line 567
[30-May-2026 07:45:48] PHP Notice:  Undefined variable: benz_a in /var/www/html/prof/Garden/Greenh_prod.php on line 570
[30-May-2026 07:45:48] PHP Notice:  Undefined variable: ab_a in /var/www/html/prof/Garden/Greenh_prod.php on line 573
[30-May-2026 07:45:48] PHP Notice:  Undefined variable: bazr_a in /var/www/html/prof/Garden/Greenh_prod.php on line 594
[30-May-2026 07:45:48] PHP Notice:  Undefined variable: bazr_m in /var/www/html/prof/Garden/Greenh_prod.php on line 598
[30-May-2026 07:45:48] PHP Notice:  Undefined variable: nesha_a in /var/www/html/prof/Garden/Greenh_prod.php on line 606
[30-May-2026 07:45:48] PHP Notice:  Undefined variable: nesha_m in /var/www/html/prof/Garden/Greenh_prod.php on line 611
[30-May-2026 07:45:48] PHP Notice:  Undefined variable: t_zgard in /var/www/html/prof/Garden/Greenh_prod.php on line 620
[30-May-2026 07:45:48] PHP Notice:  Undefined variable: t_hshekar in /var/www/html/prof/Garden/Greenh_prod.php on line 625
[30-May-2026 07:45:48] PHP Notice:  Undefined variable: b_say in /var/www/html/prof/Garden/Greenh_prod.php on line 647
[30-May-2026 07:45:48] PHP Notice:  Undefined variable: b_pet in /var/www/html/prof/Garden/Greenh_prod.php on line 650
[30-May-2026 07:45:48] PHP Notice:  Undefined variable: b_per in /var/www/html/prof/Garden/Greenh_prod.php on line 653
[30-May-2026 07:45:48] PHP Notice:  Undefined variable: b_mas in /var/www/html/prof/Garden/Greenh_prod.php on line 656
[30-May-2026 07:45:48] PHP Notice:  Undefined variable: b_coco in /var/www/html/prof/Garden/Greenh_prod.php on line 659
[30-May-2026 07:45:48] PHP Notice:  Undefined variable: id in /var/www/html/prof/Garden/Greenh_prod.php on line 697
[30-May-2026 07:45:48] PHP Notice:  Undefined variable: id in /var/www/html/prof/Garden/Greenh_prod.php on line 700
[30-May-2026 07:45:48] PHP Notice:  Undefined variable: id in /var/www/html/prof/Garden/Greenh_prod.php on line 713
[30-May-2026 07:45:48] PHP Notice:  Undefined variable: id in /var/www/html/prof/Garden/Greenh_prod.php on line 723
[30-May-2026 07:45:48] PHP Notice:  Undefined variable: mah_name in /var/www/html/prof/Garden/Greenh_prod.php on line 837
[30-May-2026 07:45:48] PHP Notice:  Undefined variable: mah_name in /var/www/html/prof/Garden/Greenh_prod.php on line 837
[30-May-2026 07:45:48] PHP Notice:  Undefined variable: number in /var/www/html/prof/Garden/Greenh_prod.php on line 887
[30-May-2026 07:45:49] PHP Notice:  Undefined index: bah_cod_m in /var/www/html/prof/Garden/Greenhous_prodi.php on line 9
[30-May-2026 07:45:49] PHP Notice:  Undefined index: unit_id in /var/www/html/prof/Garden/Greenhous_prodi.php on line 10
[30-May-2026 07:45:49] PHP Notice:  Undefined index: y_prod in /var/www/html/prof/Garden/Greenhous_prodi.php on line 14
[30-May-2026 07:45:49] PHP Notice:  Undefined index: v_unit in /var/www/html/prof/Garden/Greenhous_prodi.php on line 15
[30-May-2026 07:45:49] PHP Notice:  Undefined index: unit_id in /var/www/html/prof/Garden/Greenhous_prodi.php on line 16
[30-May-2026 07:45:49] PHP Notice:  Undefined index: num_bah in /var/www/html/prof/Garden/Greenhous_prodi.php on line 17
[30-May-2026 07:45:49] PHP Notice:  Undefined variable: mess in /var/www/html/prof/Garden/Greenhous_prodi.php on line 135
[30-May-2026 07:45:49] PHP Notice:  Undefined variable: row in /var/www/html/prof/Garden/Greenhous_prodi.php on line 197
[30-May-2026 07:45:49] PHP Notice:  Undefined variable: row in /var/www/html/prof/Garden/Greenhous_prodi.php on line 219
[30-May-2026 07:45:49] PHP Notice:  Undefined variable: add_abadi in /var/www/html/prof/Garden/Greenhous_prodi.php on line 222
[30-May-2026 07:45:49] PHP Notice:  Undefined variable: add_city in /var/www/html/prof/Garden/Greenhous_prodi.php on line 223
[30-May-2026 07:45:52] PHP Notice:  Undefined variable: mess in /var/www/html/prof/Garden/Greenhous_prodi.php on line 135
[30-May-2026 07:45:52] PHP Notice:  Undefined variable: add_abadi in /var/www/html/prof/Garden/Greenhous_prodi.php on line 222
[30-May-2026 07:45:52] PHP Notice:  Undefined variable: add_city in /var/www/html/prof/Garden/Greenhous_prodi.php on line 223
[30-May-2026 07:45:57] PHP Notice:  Undefined index: bah_cod_m in /var/www/html/prof/Garden/manager_Garden.php on line 40
[30-May-2026 07:46:00] PHP Notice:  Undefined variable: mess in /var/www/html/prof/Garden/Greenhous_prodi.php on line 43
[30-May-2026 07:46:00] PHP Notice:  Undefined variable: mess in /var/www/html/prof/Garden/Greenhous_prodi.php on line 58
[30-May-2026 07:46:00] PHP Notice:  Undefined variable: mess in /var/www/html/prof/Garden/Greenhous_prodi.php on line 135
[30-May-2026 07:46:00] PHP Notice:  Undefined variable: add_abadi in /var/www/html/prof/Garden/Greenhous_prodi.php on line 222
[30-May-2026 07:46:00] PHP Notice:  Undefined variable: add_city in /var/www/html/prof/Garden/Greenhous_prodi.php on line 223
[30-May-2026 07:46:00] PHP Notice:  Undefined variable: t_mar in /var/www/html/prof/Garden/Greenh_prod.php on line 332
[30-May-2026 07:46:00] PHP Notice:  Undefined variable: z_dep in /var/www/html/prof/Garden/Greenh_prod.php on line 337
[30-May-2026 07:46:00] PHP Notice:  Undefined variable: t_zan in /var/www/html/prof/Garden/Greenh_prod.php on line 343
[30-May-2026 07:46:00] PHP Notice:  Undefined variable: lisan in /var/www/html/prof/Garden/Greenh_prod.php on line 347
[30-May-2026 07:46:00] PHP Notice:  Undefined variable: m_fani in /var/www/html/prof/Garden/Greenh_prod.php on line 355
[30-May-2026 07:46:00] PHP Notice:  Undefined variable: m_fani in /var/www/html/prof/Garden/Greenh_prod.php on line 356
[30-May-2026 07:46:00] PHP Notice:  Undefined variable: t_mar in /var/www/html/prof/Garden/Greenh_prod.php on line 361
[30-May-2026 07:46:00] PHP Notice:  Undefined variable: gar_ma in /var/www/html/prof/Garden/Greenh_prod.php on line 380
[30-May-2026 07:46:00] PHP Notice:  Undefined variable: gar_m in /var/www/html/prof/Garden/Greenh_prod.php on line 383
[30-May-2026 07:46:00] PHP Notice:  Undefined variable: gar_ja in /var/www/html/prof/Garden/Greenh_prod.php on line 386
[30-May-2026 07:46:00] PHP Notice:  Undefined variable: gar_j in /var/www/html/prof/Garden/Greenh_prod.php on line 389
[30-May-2026 07:46:00] PHP Notice:  Undefined variable: hash_ma in /var/www/html/prof/Garden/Greenh_prod.php on line 395
[30-May-2026 07:46:00] PHP Notice:  Undefined variable: hash_m in /var/www/html/prof/Garden/Greenh_prod.php on line 398
[30-May-2026 07:46:00] PHP Notice:  Undefined variable: hash_ja in /var/www/html/prof/Garden/Greenh_prod.php on line 401
[30-May-2026 07:46:00] PHP Notice:  Undefined variable: hash_j in /var/www/html/prof/Garden/Greenh_prod.php on line 404
[30-May-2026 07:46:00] PHP Notice:  Undefined variable: zof_ma in /var/www/html/prof/Garden/Greenh_prod.php on line 410
[30-May-2026 07:46:00] PHP Notice:  Undefined variable: zof_m in /var/www/html/prof/Garden/Greenh_prod.php on line 413
[30-May-2026 07:46:00] PHP Notice:  Undefined variable: zof_ja in /var/www/html/prof/Garden/Greenh_prod.php on line 416
[30-May-2026 07:46:00] PHP Notice:  Undefined variable: zof_j in /var/www/html/prof/Garden/Greenh_prod.php on line 419
[30-May-2026 07:46:00] PHP Notice:  Undefined variable: kod_h3_a in /var/www/html/prof/Garden/Greenh_prod.php on line 446
[30-May-2026 07:46:00] PHP Notice:  Undefined variable: kod_h3_m in /var/www/html/prof/Garden/Greenh_prod.php on line 449
[30-May-2026 07:46:00] PHP Notice:  Undefined variable: kod_h2_a in /var/www/html/prof/Garden/Greenh_prod.php on line 453
[30-May-2026 07:46:00] PHP Notice:  Undefined variable: kod_h2_m in /var/www/html/prof/Garden/Greenh_prod.php on line 456
[30-May-2026 07:46:00] PHP Notice:  Undefined variable: kod_h1_a in /var/www/html/prof/Garden/Greenh_prod.php on line 460
[30-May-2026 07:46:00] PHP Notice:  Undefined variable: kod_h1_m in /var/www/html/prof/Garden/Greenh_prod.php on line 463
[30-May-2026 07:46:00] PHP Notice:  Undefined variable: kod_sh3_a in /var/www/html/prof/Garden/Greenh_prod.php on line 470
[30-May-2026 07:46:00] PHP Notice:  Undefined variable: kod_sh3_m in /var/www/html/prof/Garden/Greenh_prod.php on line 473
[30-May-2026 07:46:00] PHP Notice:  Undefined variable: kod_sh2_a in /var/www/html/prof/Garden/Greenh_prod.php on line 477
[30-May-2026 07:46:00] PHP Notice:  Undefined variable: kod_sh2_m in /var/www/html/prof/Garden/Greenh_prod.php on line 480
[30-May-2026 07:46:00] PHP Notice:  Undefined variable: kod_sh1_a in /var/www/html/prof/Garden/Greenh_prod.php on line 484
[30-May-2026 07:46:00] PHP Notice:  Undefined variable: kod_sh1_m in /var/www/html/prof/Garden/Greenh_prod.php on line 487
[30-May-2026 07:46:00] PHP Notice:  Undefined variable: kod_bio3_a in /var/www/html/prof/Garden/Greenh_prod.php on line 494
[30-May-2026 07:46:00] PHP Notice:  Undefined variable: kod_bio3_m in /var/www/html/prof/Garden/Greenh_prod.php on line 497
[30-May-2026 07:46:00] PHP Notice:  Undefined variable: kod_bio2_a in /var/www/html/prof/Garden/Greenh_prod.php on line 501
[30-May-2026 07:46:00] PHP Notice:  Undefined variable: kod_bio2_m in /var/www/html/prof/Garden/Greenh_prod.php on line 504
[30-May-2026 07:46:00] PHP Notice:  Undefined variable: kod_bio1_a in /var/www/html/prof/Garden/Greenh_prod.php on line 508
[30-May-2026 07:46:00] PHP Notice:  Undefined variable: kod_bio1_m in /var/www/html/prof/Garden/Greenh_prod.php on line 511
[30-May-2026 07:46:00] PHP Notice:  Undefined variable: barg_m in /var/www/html/prof/Garden/Greenh_prod.php on line 541
[30-May-2026 07:46:00] PHP Notice:  Undefined variable: gazoil_m in /var/www/html/prof/Garden/Greenh_prod.php on line 545
[30-May-2026 07:46:00] PHP Notice:  Undefined variable: benz_m in /var/www/html/prof/Garden/Greenh_prod.php on line 548
[30-May-2026 07:46:00] PHP Notice:  Undefined variable: ab_m in /var/www/html/prof/Garden/Greenh_prod.php on line 551
[30-May-2026 07:46:00] PHP Notice:  Undefined variable: barg_a in /var/www/html/prof/Garden/Greenh_prod.php on line 563
[30-May-2026 07:46:00] PHP Notice:  Undefined variable: gazoil_a in /var/www/html/prof/Garden/Greenh_prod.php on line 567
[30-May-2026 07:46:00] PHP Notice:  Undefined variable: benz_a in /var/www/html/prof/Garden/Greenh_prod.php on line 570
[30-May-2026 07:46:00] PHP Notice:  Undefined variable: ab_a in /var/www/html/prof/Garden/Greenh_prod.php on line 573
[30-May-2026 07:46:00] PHP Notice:  Undefined variable: bazr_a in /var/www/html/prof/Garden/Greenh_prod.php on line 594
[30-May-2026 07:46:00] PHP Notice:  Undefined variable: bazr_m in /var/www/html/prof/Garden/Greenh_prod.php on line 598
[30-May-2026 07:46:00] PHP Notice:  Undefined variable: nesha_a in /var/www/html/prof/Garden/Greenh_prod.php on line 606
[30-May-2026 07:46:00] PHP Notice:  Undefined variable: nesha_m in /var/www/html/prof/Garden/Greenh_prod.php on line 611
[30-May-2026 07:46:00] PHP Notice:  Undefined variable: t_zgard in /var/www/html/prof/Garden/Greenh_prod.php on line 620
[30-May-2026 07:46:00] PHP Notice:  Undefined variable: t_hshekar in /var/www/html/prof/Garden/Greenh_prod.php on line 625
[30-May-2026 07:46:00] PHP Notice:  Undefined variable: b_say in /var/www/html/prof/Garden/Greenh_prod.php on line 647
[30-May-2026 07:46:00] PHP Notice:  Undefined variable: b_pet in /var/www/html/prof/Garden/Greenh_prod.php on line 650
[30-May-2026 07:46:00] PHP Notice:  Undefined variable: b_per in /var/www/html/prof/Garden/Greenh_prod.php on line 653
[30-May-2026 07:46:00] PHP Notice:  Undefined variable: b_mas in /var/www/html/prof/Garden/Greenh_prod.php on line 656
[30-May-2026 07:46:00] PHP Notice:  Undefined variable: b_coco in /var/www/html/prof/Garden/Greenh_prod.php on line 659
[30-May-2026 07:46:00] PHP Notice:  Undefined variable: id in /var/www/html/prof/Garden/Greenh_prod.php on line 697
[30-May-2026 07:46:00] PHP Notice:  Undefined variable: id in /var/www/html/prof/Garden/Greenh_prod.php on line 700
[30-May-2026 07:46:00] PHP Notice:  Undefined variable: id in /var/www/html/prof/Garden/Greenh_prod.php on line 713
[30-May-2026 07:46:00] PHP Notice:  Undefined variable: id in /var/www/html/prof/Garden/Greenh_prod.php on line 723
[30-May-2026 07:46:00] PHP Notice:  Undefined variable: mah_name in /var/www/html/prof/Garden/Greenh_prod.php on line 837
[30-May-2026 07:46:00] PHP Notice:  Undefined variable: mah_name in /var/www/html/prof/Garden/Greenh_prod.php on line 837
[30-May-2026 07:46:00] PHP Notice:  Undefined variable: number in /var/www/html/prof/Garden/Greenh_prod.php on line 887
[30-May-2026 07:46:03] PHP Notice:  Undefined index: no_mush in /var/www/html/prof/Garden/list_Greenhous_nonP.php on line 19
[30-May-2026 07:46:03] PHP Notice:  Undefined index: m_ab in /var/www/html/prof/Garden/list_Greenhous_nonP.php on line 20
[30-May-2026 07:46:03] PHP Notice:  Undefined variable: id_ostan1 in /var/www/html/prof/Garden/list_Greenhous_nonP.php on line 138
[30-May-2026 07:46:03] PHP Notice:  Undefined index: no_bah in /var/www/html/prof/Garden/list_Greenhous_nonP.php on line 437
[30-May-2026 07:46:03] PHP Notice:  Undefined index: no_bah in /var/www/html/prof/Garden/list_Greenhous_nonP.php on line 437
[30-May-2026 07:46:03] PHP Notice:  Undefined index: no_bah in /var/www/html/prof/Garden/list_Greenhous_nonP.php on line 437
[30-May-2026 07:46:03] PHP Notice:  Undefined index: no_bah in /var/www/html/prof/Garden/list_Greenhous_nonP.php on line 437
[30-May-2026 07:46:03] PHP Notice:  Undefined index: no_bah in /var/www/html/prof/Garden/list_Greenhous_nonP.php on line 437
[30-May-2026 07:46:03] PHP Notice:  Undefined index: no_bah in /var/www/html/prof/Garden/list_Greenhous_nonP.php on line 437
[30-May-2026 07:46:03] PHP Notice:  Undefined index: no_bah in /var/www/html/prof/Garden/list_Greenhous_nonP.php on line 437
[30-May-2026 07:46:03] PHP Notice:  Undefined index: no_bah in /var/www/html/prof/Garden/list_Greenhous_nonP.php on line 437
[30-May-2026 07:46:03] PHP Notice:  Undefined index: no_bah in /var/www/html/prof/Garden/list_Greenhous_nonP.php on line 437
[30-May-2026 07:46:03] PHP Notice:  Undefined index: no_bah in /var/www/html/prof/Garden/list_Greenhous_nonP.php on line 437
[30-May-2026 07:46:03] PHP Notice:  Undefined index: no_bah in /var/www/html/prof/Garden/list_Greenhous_nonP.php on line 437
[30-May-2026 07:46:03] PHP Notice:  Undefined index: no_bah in /var/www/html/prof/Garden/list_Greenhous_nonP.php on line 437
[30-May-2026 07:46:03] PHP Notice:  Undefined index: no_bah in /var/www/html/prof/Garden/list_Greenhous_nonP.php on line 437
[30-May-2026 07:46:03] PHP Notice:  Undefined index: no_bah in /var/www/html/prof/Garden/list_Greenhous_nonP.php on line 437
[30-May-2026 07:46:03] PHP Notice:  Undefined index: no_bah in /var/www/html/prof/Garden/list_Greenhous_nonP.php on line 437
[30-May-2026 07:46:03] PHP Notice:  Undefined index: no_bah in /var/www/html/prof/Garden/list_Greenhous_nonP.php on line 437
[30-May-2026 07:46:03] PHP Notice:  Undefined index: no_bah in /var/www/html/prof/Garden/list_Greenhous_nonP.php on line 437
[30-May-2026 07:46:03] PHP Notice:  Undefined index: no_bah in /var/www/html/prof/Garden/list_Greenhous_nonP.php on line 437
[30-May-2026 07:46:03] PHP Notice:  Undefined index: no_bah in /var/www/html/prof/Garden/list_Greenhous_nonP.php on line 437
[30-May-2026 07:46:03] PHP Notice:  Undefined index: no_bah in /var/www/html/prof/Garden/list_Greenhous_nonP.php on line 437
[30-May-2026 07:46:03] PHP Notice:  Undefined index: no_bah in /var/www/html/prof/Garden/list_Greenhous_nonP.php on line 437
[30-May-2026 07:46:03] PHP Notice:  Undefined index: no_bah in /var/www/html/prof/Garden/list_Greenhous_nonP.php on line 437
[30-May-2026 07:46:03] PHP Notice:  Undefined index: no_bah in /var/www/html/prof/Garden/list_Greenhous_nonP.php on line 437
[30-May-2026 07:46:03] PHP Notice:  Undefined index: no_bah in /var/www/html/prof/Garden/list_Greenhous_nonP.php on line 437
[30-May-2026 07:46:03] PHP Notice:  Undefined index: no_bah in /var/www/html/prof/Garden/list_Greenhous_nonP.php on line 437
[30-May-2026 07:46:03] PHP Notice:  Undefined variable: id in /var/www/html/prof/Garden/list_Greenhous_nonP.php on line 454
[30-May-2026 07:46:03] PHP Notice:  Undefined variable: id in /var/www/html/prof/Garden/list_Greenhous_nonP.php on line 479
[30-May-2026 07:46:03] PHP Notice:  Undefined variable: id in /var/www/html/prof/Garden/list_Greenhous_nonP.php on line 482
[30-May-2026 07:46:03] PHP Notice:  Undefined variable: id in /var/www/html/prof/Garden/list_Greenhous_nonP.php on line 507
[30-May-2026 07:46:03] PHP Notice:  Undefined variable: id in /var/www/html/prof/Garden/list_Greenhous_nonP.php on line 507
[30-May-2026 07:46:03] PHP Notice:  Undefined variable: id in /var/www/html/prof/Garden/list_Greenhous_nonP.php on line 507
[30-May-2026 07:46:03] PHP Notice:  Undefined variable: id in /var/www/html/prof/Garden/list_Greenhous_nonP.php on line 507
[30-May-2026 07:46:03] PHP Notice:  Undefined variable: id in /var/www/html/prof/Garden/list_Greenhous_nonP.php on line 507
[30-May-2026 07:46:15] PHP Notice:  Undefined index: pt_no in /var/www/html/prof/Garden/Greenhous_data.php on line 70
[30-May-2026 07:46:15] PHP Notice:  Undefined index: pt_date in /var/www/html/prof/Garden/Greenhous_data.php on line 71
[30-May-2026 07:46:15] PHP Notice:  Undefined index: m_poul in /var/www/html/prof/Garden/Greenhous_data.php on line 199
[30-May-2026 07:46:15] PHP Notice:  Undefined variable: nah_kesh in /var/www/html/prof/Garden/Greenhous_data.php on line 355
[30-May-2026 07:46:15] PHP Notice:  Undefined variable: lng_ds in /var/www/html/prof/Garden/Greenhous_data.php on line 369
[30-May-2026 07:46:15] PHP Notice:  Undefined variable: lng_s in /var/www/html/prof/Garden/Greenhous_data.php on line 370
[30-May-2026 07:46:15] PHP Notice:  Undefined variable: lng_m in /var/www/html/prof/Garden/Greenhous_data.php on line 371
[30-May-2026 07:46:15] PHP Notice:  Undefined variable: lng_d in /var/www/html/prof/Garden/Greenhous_data.php on line 372
[30-May-2026 07:46:15] PHP Notice:  Undefined variable: lat_ds in /var/www/html/prof/Garden/Greenhous_data.php on line 376
[30-May-2026 07:46:15] PHP Notice:  Undefined variable: lat_s in /var/www/html/prof/Garden/Greenhous_data.php on line 377
[30-May-2026 07:46:15] PHP Notice:  Undefined variable: lat_m in /var/www/html/prof/Garden/Greenhous_data.php on line 378
[30-May-2026 07:46:15] PHP Notice:  Undefined variable: lat_d in /var/www/html/prof/Garden/Greenhous_data.php on line 379
[30-May-2026 07:46:15] PHP Notice:  Undefined variable: m_zamin_gol in /var/www/html/prof/Garden/Greenhous_data.php on line 389
[30-May-2026 07:46:15] PHP Notice:  Undefined variable: m_zamin in /var/www/html/prof/Garden/Greenhous_data.php on line 399
[30-May-2026 07:46:15] PHP Notice:  Undefined variable: m_vaz_sok in /var/www/html/prof/Garden/Greenhous_data.php on line 463
[30-May-2026 07:46:15] PHP Notice:  Undefined variable: m_vaz_sok in /var/www/html/prof/Garden/Greenhous_data.php on line 464
[30-May-2026 07:46:15] PHP Notice:  Undefined variable: unit_name in /var/www/html/prof/Garden/Greenhous_data.php on line 497
[30-May-2026 07:46:15] PHP Notice:  Undefined variable: pb_date in /var/www/html/prof/Garden/Greenhous_data.php on line 520
[30-May-2026 07:46:15] PHP Notice:  Undefined variable: pb_no in /var/www/html/prof/Garden/Greenhous_data.php on line 526
[30-May-2026 07:46:15] PHP Notice:  Undefined variable: sar_kol in /var/www/html/prof/Garden/Greenhous_data.php on line 534
[30-May-2026 07:46:15] PHP Notice:  Undefined variable: sal_tas in /var/www/html/prof/Garden/Greenhous_data.php on line 540
[30-May-2026 07:46:15] PHP Notice:  Undefined variable: num_ab in /var/www/html/prof/Garden/Greenhous_data.php on line 677
[30-May-2026 07:46:15] PHP Notice:  Undefined variable: m_ab in /var/www/html/prof/Garden/Greenhous_data.php on line 684
[30-May-2026 07:46:15] PHP Notice:  Undefined variable: m_ab in /var/www/html/prof/Garden/Greenhous_data.php on line 685
[30-May-2026 07:46:15] PHP Notice:  Undefined variable: m_ab in /var/www/html/prof/Garden/Greenhous_data.php on line 686
[30-May-2026 07:46:15] PHP Notice:  Undefined variable: m_ab in /var/www/html/prof/Garden/Greenhous_data.php on line 687
[30-May-2026 07:46:15] PHP Notice:  Undefined variable: m_ab in /var/www/html/prof/Garden/Greenhous_data.php on line 688
[30-May-2026 07:46:15] PHP Notice:  Undefined variable: m_ab in /var/www/html/prof/Garden/Greenhous_data.php on line 689
[30-May-2026 07:46:15] PHP Notice:  Undefined variable: m_ab in /var/www/html/prof/Garden/Greenhous_data.php on line 690
[30-May-2026 07:46:15] PHP Notice:  Undefined variable: m_ab in /var/www/html/prof/Garden/Greenhous_data.php on line 691
[30-May-2026 07:46:15] PHP Notice:  Undefined variable: m_ab in /var/www/html/prof/Garden/Greenhous_data.php on line 692
[30-May-2026 07:46:15] PHP Notice:  Undefined variable: m_ab in /var/www/html/prof/Garden/Greenhous_data.php on line 693
[30-May-2026 07:46:15] PHP Notice:  Undefined variable: m_ab in /var/www/html/prof/Garden/Greenhous_data.php on line 694
[30-May-2026 07:46:18] PHP Notice:  Undefined index: bah_cod_m in /var/www/html/prof/Garden/Greenhous_prodi.php on line 9
[30-May-2026 07:46:18] PHP Notice:  Undefined index: unit_id in /var/www/html/prof/Garden/Greenhous_prodi.php on line 10
[30-May-2026 07:46:18] PHP Notice:  Undefined index: y_prod in /var/www/html/prof/Garden/Greenhous_prodi.php on line 14
[30-May-2026 07:46:18] PHP Notice:  Undefined index: v_unit in /var/www/html/prof/Garden/Greenhous_prodi.php on line 15
[30-May-2026 07:46:18] PHP Notice:  Undefined index: unit_id in /var/www/html/prof/Garden/Greenhous_prodi.php on line 16
[30-May-2026 07:46:18] PHP Notice:  Undefined index: num_bah in /var/www/html/prof/Garden/Greenhous_prodi.php on line 17
[30-May-2026 07:46:18] PHP Notice:  Undefined variable: mess in /var/www/html/prof/Garden/Greenhous_prodi.php on line 135
[30-May-2026 07:46:18] PHP Notice:  Undefined variable: row in /var/www/html/prof/Garden/Greenhous_prodi.php on line 197
[30-May-2026 07:46:18] PHP Notice:  Undefined variable: row in /var/www/html/prof/Garden/Greenhous_prodi.php on line 219
[30-May-2026 07:46:18] PHP Notice:  Undefined variable: add_abadi in /var/www/html/prof/Garden/Greenhous_prodi.php on line 222
[30-May-2026 07:46:18] PHP Notice:  Undefined variable: add_city in /var/www/html/prof/Garden/Greenhous_prodi.php on line 223
[30-May-2026 07:46:23] PHP Notice:  Undefined variable: mess in /var/www/html/prof/Garden/Greenhous_prodi.php on line 135
[30-May-2026 07:46:23] PHP Notice:  Undefined variable: add_abadi in /var/www/html/prof/Garden/Greenhous_prodi.php on line 222
[30-May-2026 07:46:23] PHP Notice:  Undefined variable: add_city in /var/www/html/prof/Garden/Greenhous_prodi.php on line 223
[30-May-2026 07:46:23] PHP Notice:  Undefined variable: query1 in /var/www/html/prof/Garden/Garden_edit_T_new.php on line 457
[30-May-2026 07:46:23] PHP Notice:  Undefined variable: limit in /var/www/html/prof/Garden/Garden_edit_T_new.php on line 460
[30-May-2026 07:46:23] PHP Warning:  Division by zero in /var/www/html/prof/Garden/Garden_edit_T_new.php on line 460
[30-May-2026 07:46:23] PHP Notice:  Undefined variable: id in /var/www/html/prof/Garden/Garden_edit_T_new.php on line 486
[30-May-2026 07:46:23] PHP Notice:  Undefined variable: id in /var/www/html/prof/Garden/Garden_edit_T_new.php on line 487
[30-May-2026 07:46:23] PHP Notice:  Undefined variable: id in /var/www/html/prof/Garden/Garden_edit_T_new.php on line 492
[30-May-2026 07:46:23] PHP Notice:  Undefined variable: id in /var/www/html/prof/Garden/Garden_edit_T_new.php on line 538
[30-May-2026 07:46:24] PHP Notice:  Undefined index: m_poul in /var/www/html/prof/Garden/Garden_edit.php on line 6
[30-May-2026 07:46:24] PHP Notice:  Undefined variable: mess in /var/www/html/prof/Garden/Garden_edit.php on line 149
[30-May-2026 07:46:27] PHP Notice:  Undefined variable: mess in /var/www/html/prof/Garden/Garden_edit.php on line 46
[30-May-2026 07:46:27] PHP Notice:  Undefined variable: mess in /var/www/html/prof/Garden/Garden_edit.php on line 149
[30-May-2026 07:46:27] PHP Notice:  Undefined index: jens in /var/www/html/prof/Garden/Gardendata_edit.php on line 452
[30-May-2026 07:46:27] PHP Notice:  Undefined index: jens in /var/www/html/prof/Garden/Gardendata_edit.php on line 453
[30-May-2026 07:46:36] PHP Notice:  Undefined variable: mess in /var/www/html/prof/Garden/Greenhous_prodi.php on line 43
[30-May-2026 07:46:36] PHP Notice:  Undefined variable: mess in /var/www/html/prof/Garden/Greenhous_prodi.php on line 58
[30-May-2026 07:46:36] PHP Notice:  Undefined variable: mess in /var/www/html/prof/Garden/Greenhous_prodi.php on line 135
[30-May-2026 07:46:36] PHP Notice:  Undefined variable: add_abadi in /var/www/html/prof/Garden/Greenhous_prodi.php on line 222
[30-May-2026 07:46:36] PHP Notice:  Undefined variable: add_city in /var/www/html/prof/Garden/Greenhous_prodi.php on line 223
[30-May-2026 07:46:36] PHP Notice:  Undefined variable: t_mar in /var/www/html/prof/Garden/Greenh_prod.php on line 332
[30-May-2026 07:46:36] PHP Notice:  Undefined variable: z_dep in /var/www/html/prof/Garden/Greenh_prod.php on line 337
[30-May-2026 07:46:36] PHP Notice:  Undefined variable: t_zan in /var/www/html/prof/Garden/Greenh_prod.php on line 343
[30-May-2026 07:46:36] PHP Notice:  Undefined variable: lisan in /var/www/html/prof/Garden/Greenh_prod.php on line 347
[30-May-2026 07:46:36] PHP Notice:  Undefined variable: m_fani in /var/www/html/prof/Garden/Greenh_prod.php on line 355
[30-May-2026 07:46:36] PHP Notice:  Undefined variable: m_fani in /var/www/html/prof/Garden/Greenh_prod.php on line 356
[30-May-2026 07:46:36] PHP Notice:  Undefined variable: t_mar in /var/www/html/prof/Garden/Greenh_prod.php on line 361
[30-May-2026 07:46:36] PHP Notice:  Undefined variable: gar_ma in /var/www/html/prof/Garden/Greenh_prod.php on line 380
[30-May-2026 07:46:36] PHP Notice:  Undefined variable: gar_m in /var/www/html/prof/Garden/Greenh_prod.php on line 383
[30-May-2026 07:46:36] PHP Notice:  Undefined variable: gar_ja in /var/www/html/prof/Garden/Greenh_prod.php on line 386
[30-May-2026 07:46:36] PHP Notice:  Undefined variable: gar_j in /var/www/html/prof/Garden/Greenh_prod.php on line 389
[30-May-2026 07:46:36] PHP Notice:  Undefined variable: hash_ma in /var/www/html/prof/Garden/Greenh_prod.php on line 395
[30-May-2026 07:46:36] PHP Notice:  Undefined variable: hash_m in /var/www/html/prof/Garden/Greenh_prod.php on line 398
[30-May-2026 07:46:36] PHP Notice:  Undefined variable: hash_ja in /var/www/html/prof/Garden/Greenh_prod.php on line 401
[30-May-2026 07:46:36] PHP Notice:  Undefined variable: hash_j in /var/www/html/prof/Garden/Greenh_prod.php on line 404
[30-May-2026 07:46:36] PHP Notice:  Undefined variable: zof_ma in /var/www/html/prof/Garden/Greenh_prod.php on line 410
[30-May-2026 07:46:36] PHP Notice:  Undefined variable: zof_m in /var/www/html/prof/Garden/Greenh_prod.php on line 413
[30-May-2026 07:46:36] PHP Notice:  Undefined variable: zof_ja in /var/www/html/prof/Garden/Greenh_prod.php on line 416
[30-May-2026 07:46:36] PHP Notice:  Undefined variable: zof_j in /var/www/html/prof/Garden/Greenh_prod.php on line 419
[30-May-2026 07:46:36] PHP Notice:  Undefined variable: kod_h3_a in /var/www/html/prof/Garden/Greenh_prod.php on line 446
[30-May-2026 07:46:36] PHP Notice:  Undefined variable: kod_h3_m in /var/www/html/prof/Garden/Greenh_prod.php on line 449
[30-May-2026 07:46:36] PHP Notice:  Undefined variable: kod_h2_a in /var/www/html/prof/Garden/Greenh_prod.php on line 453
[30-May-2026 07:46:36] PHP Notice:  Undefined variable: kod_h2_m in /var/www/html/prof/Garden/Greenh_prod.php on line 456
[30-May-2026 07:46:36] PHP Notice:  Undefined variable: kod_h1_a in /var/www/html/prof/Garden/Greenh_prod.php on line 460
[30-May-2026 07:46:36] PHP Notice:  Undefined variable: kod_h1_m in /var/www/html/prof/Garden/Greenh_prod.php on line 463
[30-May-2026 07:46:36] PHP Notice:  Undefined variable: kod_sh3_a in /var/www/html/prof/Garden/Greenh_prod.php on line 470
[30-May-2026 07:46:36] PHP Notice:  Undefined variable: kod_sh3_m in /var/www/html/prof/Garden/Greenh_prod.php on line 473
[30-May-2026 07:46:36] PHP Notice:  Undefined variable: kod_sh2_a in /var/www/html/prof/Garden/Greenh_prod.php on line 477
[30-May-2026 07:46:36] PHP Notice:  Undefined variable: kod_sh2_m in /var/www/html/prof/Garden/Greenh_prod.php on line 480
[30-May-2026 07:46:36] PHP Notice:  Undefined variable: kod_sh1_a in /var/www/html/prof/Garden/Greenh_prod.php on line 484
[30-May-2026 07:46:36] PHP Notice:  Undefined variable: kod_sh1_m in /var/www/html/prof/Garden/Greenh_prod.php on line 487
[30-May-2026 07:46:36] PHP Notice:  Undefined variable: kod_bio3_a in /var/www/html/prof/Garden/Greenh_prod.php on line 494
[30-May-2026 07:46:36] PHP Notice:  Undefined variable: kod_bio3_m in /var/www/html/prof/Garden/Greenh_prod.php on line 497
[30-May-2026 07:46:36] PHP Notice:  Undefined variable: kod_bio2_a in /var/www/html/prof/Garden/Greenh_prod.php on line 501
[30-May-2026 07:46:36] PHP Notice:  Undefined variable: kod_bio2_m in /var/www/html/prof/Garden/Greenh_prod.php on line 504
[30-May-2026 07:46:36] PHP Notice:  Undefined variable: kod_bio1_a in /var/www/html/prof/Garden/Greenh_prod.php on line 508
[30-May-2026 07:46:36] PHP Notice:  Undefined variable: kod_bio1_m in /var/www/html/prof/Garden/Greenh_prod.php on line 511
[30-May-2026 07:46:36] PHP Notice:  Undefined variable: gazoil_m in /var/www/html/prof/Garden/Greenh_prod.php on line 545
[30-May-2026 07:46:36] PHP Notice:  Undefined variable: benz_m in /var/www/html/prof/Garden/Greenh_prod.php on line 548
[30-May-2026 07:46:36] PHP Notice:  Undefined variable: ab_m in /var/www/html/prof/Garden/Greenh_prod.php on line 551
[30-May-2026 07:46:36] PHP Notice:  Undefined variable: gazoil_a in /var/www/html/prof/Garden/Greenh_prod.php on line 567
[30-May-2026 07:46:36] PHP Notice:  Undefined variable: benz_a in /var/www/html/prof/Garden/Greenh_prod.php on line 570
[30-May-2026 07:46:36] PHP Notice:  Undefined variable: ab_a in /var/www/html/prof/Garden/Greenh_prod.php on line 573
[30-May-2026 07:46:36] PHP Notice:  Undefined variable: bazr_a in /var/www/html/prof/Garden/Greenh_prod.php on line 594
[30-May-2026 07:46:36] PHP Notice:  Undefined variable: bazr_m in /var/www/html/prof/Garden/Greenh_prod.php on line 598
[30-May-2026 07:46:36] PHP Notice:  Undefined variable: nesha_a in /var/www/html/prof/Garden/Greenh_prod.php on line 606
[30-May-2026 07:46:36] PHP Notice:  Undefined variable: nesha_m in /var/www/html/prof/Garden/Greenh_prod.php on line 611
[30-May-2026 07:46:36] PHP Notice:  Undefined variable: t_zgard in /var/www/html/prof/Garden/Greenh_prod.php on line 620
[30-May-2026 07:46:36] PHP Notice:  Undefined variable: t_hshekar in /var/www/html/prof/Garden/Greenh_prod.php on line 625
[30-May-2026 07:46:36] PHP Notice:  Undefined variable: b_say in /var/www/html/prof/Garden/Greenh_prod.php on line 647
[30-May-2026 07:46:36] PHP Notice:  Undefined variable: b_pet in /var/www/html/prof/Garden/Greenh_prod.php on line 650
[30-May-2026 07:46:36] PHP Notice:  Undefined variable: b_per in /var/www/html/prof/Garden/Greenh_prod.php on line 653
[30-May-2026 07:46:36] PHP Notice:  Undefined variable: b_mas in /var/www/html/prof/Garden/Greenh_prod.php on line 656
[30-May-2026 07:46:36] PHP Notice:  Undefined variable: b_coco in /var/www/html/prof/Garden/Greenh_prod.php on line 659
[30-May-2026 07:46:36] PHP Notice:  Undefined variable: id in /var/www/html/prof/Garden/Greenh_prod.php on line 697
[30-May-2026 07:46:36] PHP Notice:  Undefined variable: id in /var/www/html/prof/Garden/Greenh_prod.php on line 700
[30-May-2026 07:46:36] PHP Notice:  Undefined variable: id in /var/www/html/prof/Garden/Greenh_prod.php on line 713
[30-May-2026 07:46:36] PHP Notice:  Undefined variable: id in /var/www/html/prof/Garden/Greenh_prod.php on line 723
[30-May-2026 07:46:36] PHP Notice:  Undefined variable: mah_name in /var/www/html/prof/Garden/Greenh_prod.php on line 837
[30-May-2026 07:46:36] PHP Notice:  Undefined variable: mah_name in /var/www/html/prof/Garden/Greenh_prod.php on line 837
[30-May-2026 07:46:36] PHP Notice:  Undefined variable: number in /var/www/html/prof/Garden/Greenh_prod.php on line 887
[30-May-2026 07:46:39] PHP Notice:  Undefined variable: no_kesh in /var/www/html/prof/Garden/Greenhous.php on line 103
[30-May-2026 07:46:39] PHP Notice:  Undefined variable: nah_kesh in /var/www/html/prof/Garden/Greenhous_data.php on line 355
[30-May-2026 07:46:39] PHP Notice:  Undefined variable: lng_ds in /var/www/html/prof/Garden/Greenhous_data.php on line 369
[30-May-2026 07:46:39] PHP Notice:  Undefined variable: lng_s in /var/www/html/prof/Garden/Greenhous_data.php on line 370
[30-May-2026 07:46:39] PHP Notice:  Undefined variable: lng_m in /var/www/html/prof/Garden/Greenhous_data.php on line 371
[30-May-2026 07:46:39] PHP Notice:  Undefined variable: lng_d in /var/www/html/prof/Garden/Greenhous_data.php on line 372
[30-May-2026 07:46:39] PHP Notice:  Undefined variable: lat_ds in /var/www/html/prof/Garden/Greenhous_data.php on line 376
[30-May-2026 07:46:39] PHP Notice:  Undefined variable: lat_s in /var/www/html/prof/Garden/Greenhous_data.php on line 377
[30-May-2026 07:46:39] PHP Notice:  Undefined variable: lat_m in /var/www/html/prof/Garden/Greenhous_data.php on line 378
[30-May-2026 07:46:39] PHP Notice:  Undefined variable: lat_d in /var/www/html/prof/Garden/Greenhous_data.php on line 379
[30-May-2026 07:46:39] PHP Notice:  Undefined variable: m_zamin_gol in /var/www/html/prof/Garden/Greenhous_data.php on line 389
[30-May-2026 07:46:39] PHP Notice:  Undefined variable: m_zamin in /var/www/html/prof/Garden/Greenhous_data.php on line 399
[30-May-2026 07:46:39] PHP Notice:  Undefined index: jens in /var/www/html/prof/Garden/Greenhous_data.php on line 414
[30-May-2026 07:46:39] PHP Notice:  Undefined index: jens in /var/www/html/prof/Garden/Greenhous_data.php on line 415
[30-May-2026 07:46:39] PHP Notice:  Undefined variable: m_addres in /var/www/html/prof/Garden/Greenhous_data.php on line 452
[30-May-2026 07:46:39] PHP Notice:  Undefined variable: m_vaz_sok in /var/www/html/prof/Garden/Greenhous_data.php on line 463
[30-May-2026 07:46:39] PHP Notice:  Undefined variable: m_vaz_sok in /var/www/html/prof/Garden/Greenhous_data.php on line 464
[30-May-2026 07:46:39] PHP Notice:  Undefined variable: unit_name in /var/www/html/prof/Garden/Greenhous_data.php on line 497
[30-May-2026 07:46:39] PHP Notice:  Undefined variable: pb_date in /var/www/html/prof/Garden/Greenhous_data.php on line 520
[30-May-2026 07:46:39] PHP Notice:  Undefined variable: pb_no in /var/www/html/prof/Garden/Greenhous_data.php on line 526
[30-May-2026 07:46:39] PHP Notice:  Undefined variable: sar_kol in /var/www/html/prof/Garden/Greenhous_data.php on line 534
[30-May-2026 07:46:39] PHP Notice:  Undefined variable: sal_tas in /var/www/html/prof/Garden/Greenhous_data.php on line 540
[30-May-2026 07:46:39] PHP Notice:  Undefined variable: num_ab in /var/www/html/prof/Garden/Greenhous_data.php on line 677
[30-May-2026 07:46:39] PHP Notice:  Undefined variable: m_ab in /var/www/html/prof/Garden/Greenhous_data.php on line 684
[30-May-2026 07:46:39] PHP Notice:  Undefined variable: m_ab in /var/www/html/prof/Garden/Greenhous_data.php on line 685
[30-May-2026 07:46:39] PHP Notice:  Undefined variable: m_ab in /var/www/html/prof/Garden/Greenhous_data.php on line 686
[30-May-2026 07:46:39] PHP Notice:  Undefined variable: m_ab in /var/www/html/prof/Garden/Greenhous_data.php on line 687
[30-May-2026 07:46:39] PHP Notice:  Undefined variable: m_ab in /var/www/html/prof/Garden/Greenhous_data.php on line 688
[30-May-2026 07:46:39] PHP Notice:  Undefined variable: m_ab in /var/www/html/prof/Garden/Greenhous_data.php on line 689
[30-May-2026 07:46:39] PHP Notice:  Undefined variable: m_ab in /var/www/html/prof/Garden/Greenhous_data.php on line 690
[30-May-2026 07:46:39] PHP Notice:  Undefined variable: m_ab in /var/www/html/prof/Garden/Greenhous_data.php on line 691
[30-May-2026 07:46:39] PHP Notice:  Undefined variable: m_ab in /var/www/html/prof/Garden/Greenhous_data.php on line 692
[30-May-2026 07:46:39] PHP Notice:  Undefined variable: m_ab in /var/www/html/prof/Garden/Greenhous_data.php on line 693
[30-May-2026 07:46:39] PHP Notice:  Undefined variable: m_ab in /var/www/html/prof/Garden/Greenhous_data.php on line 694
[30-May-2026 07:46:45] PHP Notice:  Undefined index: m_poul in /var/www/html/prof/Garden/Garden_edit.php on line 6
[30-May-2026 07:46:45] PHP Notice:  Undefined variable: id_page in /var/www/html/prof/Garden/Garden_edit.php on line 9
[30-May-2026 07:46:45] PHP Notice:  Undefined variable: mess in /var/www/html/prof/Garden/Garden_edit.php on line 149
[30-May-2026 07:47:02] PHP Notice:  Undefined variable: id in /var/www/html/prof/Garden/Greenh_prod.php on line 697
[30-May-2026 07:47:02] PHP Notice:  Undefined variable: id in /var/www/html/prof/Garden/Greenh_prod.php on line 700
[30-May-2026 07:47:02] PHP Notice:  Undefined variable: mah_name in /var/www/html/prof/Garden/Greenh_prod.php on line 837
[30-May-2026 07:47:02] PHP Notice:  Undefined variable: mah_name in /var/www/html/prof/Garden/Greenh_prod.php on line 837
[30-May-2026 07:47:02] PHP Notice:  Undefined variable: number in /var/www/html/prof/Garden/Greenh_prod.php on line 887
[30-May-2026 07:47:09] PHP Notice:  Undefined variable: query1 in /var/www/html/prof/Garden/Garden_edit_T_new.php on line 457
[30-May-2026 07:47:09] PHP Notice:  Undefined variable: limit in /var/www/html/prof/Garden/Garden_edit_T_new.php on line 460
[30-May-2026 07:47:09] PHP Warning:  Division by zero in /var/www/html/prof/Garden/Garden_edit_T_new.php on line 460
[30-May-2026 07:47:09] PHP Notice:  Undefined variable: id in /var/www/html/prof/Garden/Garden_edit_T_new.php on line 486
[30-May-2026 07:47:09] PHP Notice:  Undefined variable: id in /var/www/html/prof/Garden/Garden_edit_T_new.php on line 487
[30-May-2026 07:47:09] PHP Notice:  Undefined variable: id in /var/www/html/prof/Garden/Garden_edit_T_new.php on line 492
[30-May-2026 07:47:09] PHP Notice:  Undefined variable: id in /var/www/html/prof/Garden/Garden_edit_T_new.php on line 538
[30-May-2026 07:47:14] PHP Notice:  Undefined index: bah_cod_m in /var/www/html/prof/Garden/Greenhous_prodi.php on line 9
[30-May-2026 07:47:14] PHP Notice:  Undefined index: unit_id in /var/www/html/prof/Garden/Greenhous_prodi.php on line 10
[30-May-2026 07:47:14] PHP Notice:  Undefined index: y_prod in /var/www/html/prof/Garden/Greenhous_prodi.php on line 14
[30-May-2026 07:47:14] PHP Notice:  Undefined index: v_unit in /var/www/html/prof/Garden/Greenhous_prodi.php on line 15
[30-May-2026 07:47:14] PHP Notice:  Undefined index: unit_id in /var/www/html/prof/Garden/Greenhous_prodi.php on line 16
[30-May-2026 07:47:14] PHP Notice:  Undefined index: num_bah in /var/www/html/prof/Garden/Greenhous_prodi.php on line 17
[30-May-2026 07:47:14] PHP Notice:  Undefined variable: mess in /var/www/html/prof/Garden/Greenhous_prodi.php on line 135
[30-May-2026 07:47:14] PHP Notice:  Undefined variable: row in /var/www/html/prof/Garden/Greenhous_prodi.php on line 197
[30-May-2026 07:47:14] PHP Notice:  Undefined variable: row in /var/www/html/prof/Garden/Greenhous_prodi.php on line 219
[30-May-2026 07:47:14] PHP Notice:  Undefined variable: id_city in /var/www/html/prof/Garden/Greenhous_prodi.php on line 221
[30-May-2026 07:47:14] PHP Notice:  Undefined variable: add_abadi in /var/www/html/prof/Garden/Greenhous_prodi.php on line 222
[30-May-2026 07:47:14] PHP Notice:  Undefined variable: add_city in /var/www/html/prof/Garden/Greenhous_prodi.php on line 223
[30-May-2026 07:47:16] PHP Notice:  Undefined variable: query1 in /var/www/html/prof/Garden/Garden_rep15.php on line 435
[30-May-2026 07:47:16] PHP Notice:  Undefined variable: limit in /var/www/html/prof/Garden/Garden_rep15.php on line 438
[30-May-2026 07:47:16] PHP Warning:  Division by zero in /var/www/html/prof/Garden/Garden_rep15.php on line 438
[30-May-2026 07:47:16] PHP Notice:  Undefined variable: id in /var/www/html/prof/Garden/Garden_rep15.php on line 461
[30-May-2026 07:47:16] PHP Notice:  Undefined variable: id in /var/www/html/prof/Garden/Garden_rep15.php on line 462
[30-May-2026 07:47:16] PHP Notice:  Undefined variable: id in /var/www/html/prof/Garden/Garden_rep15.php on line 467
[30-May-2026 07:47:16] PHP Notice:  Undefined variable: id in /var/www/html/prof/Garden/Garden_rep15.php on line 513
[30-May-2026 07:47:22] PHP Notice:  Undefined index: cod_mah in /var/www/html/prof/Garden/Garden_rep15.php on line 396
[30-May-2026 07:47:22] PHP Notice:  Undefined index: cod_mah in /var/www/html/prof/Garden/Garden_rep15.php on line 396
[30-May-2026 07:47:22] PHP Notice:  Undefined index: cod_mah in /var/www/html/prof/Garden/Garden_rep15.php on line 396
[30-May-2026 07:47:22] PHP Notice:  Undefined index: cod_mah in /var/www/html/prof/Garden/Garden_rep15.php on line 396
[30-May-2026 07:47:22] PHP Notice:  Undefined index: cod_mah in /var/www/html/prof/Garden/Garden_rep15.php on line 396
[30-May-2026 07:47:22] PHP Notice:  Undefined index: cod_mah in /var/www/html/prof/Garden/Garden_rep15.php on line 396
[30-May-2026 07:47:22] PHP Notice:  Undefined index: cod_mah in /var/www/html/prof/Garden/Garden_rep15.php on line 396
[30-May-2026 07:47:22] PHP Notice:  Undefined index: cod_mah in /var/www/html/prof/Garden/Garden_rep15.php on line 396
[30-May-2026 07:47:22] PHP Notice:  Undefined index: cod_mah in /var/www/html/prof/Garden/Garden_rep15.php on line 396
[30-May-2026 07:47:22] PHP Notice:  Undefined index: cod_mah in /var/www/html/prof/Garden/Garden_rep15.php on line 396
[30-May-2026 07:47:22] PHP Notice:  Undefined index: cod_mah in /var/www/html/prof/Garden/Garden_rep15.php on line 396
[30-May-2026 07:47:22] PHP Notice:  Undefined index: cod_mah in /var/www/html/prof/Garden/Garden_rep15.php on line 396
[30-May-2026 07:47:23] PHP Notice:  Undefined variable: id in /var/www/html/prof/Garden/Greenh_prod.php on line 697
[30-May-2026 07:47:23] PHP Notice:  Undefined variable: id in /var/www/html/prof/Garden/Greenh_prod.php on line 700
[30-May-2026 07:47:23] PHP Notice:  Undefined variable: mah_name in /var/www/html/prof/Garden/Greenh_prod.php on line 837
[30-May-2026 07:47:23] PHP Notice:  Undefined variable: mah_name in /var/www/html/prof/Garden/Greenh_prod.php on line 837
[30-May-2026 07:47:23] PHP Notice:  Undefined variable: number in /var/www/html/prof/Garden/Greenh_prod.php on line 887
[30-May-2026 07:47:24] PHP Notice:  Undefined variable: mess in /var/www/html/prof/Garden/Greenhous_prodi.php on line 135
[30-May-2026 07:47:24] PHP Notice:  Undefined variable: id_city in /var/www/html/prof/Garden/Greenhous_prodi.php on line 221
[30-May-2026 07:47:24] PHP Notice:  Undefined variable: add_abadi in /var/www/html/prof/Garden/Greenhous_prodi.php on line 222
[30-May-2026 07:47:24] PHP Notice:  Undefined variable: add_city in /var/www/html/prof/Garden/Greenhous_prodi.php on line 223
[30-May-2026 07:47:29] PHP Notice:  Undefined index: bah_cod_m in /var/www/html/prof/Garden/Greenhous_prodi.php on line 9
[30-May-2026 07:47:29] PHP Notice:  Undefined index: unit_id in /var/www/html/prof/Garden/Greenhous_prodi.php on line 10
[30-May-2026 07:47:29] PHP Notice:  Undefined index: y_prod in /var/www/html/prof/Garden/Greenhous_prodi.php on line 14
[30-May-2026 07:47:29] PHP Notice:  Undefined index: v_unit in /var/www/html/prof/Garden/Greenhous_prodi.php on line 15
[30-May-2026 07:47:29] PHP Notice:  Undefined index: unit_id in /var/www/html/prof/Garden/Greenhous_prodi.php on line 16
[30-May-2026 07:47:29] PHP Notice:  Undefined index: num_bah in /var/www/html/prof/Garden/Greenhous_prodi.php on line 17
[30-May-2026 07:47:29] PHP Notice:  Undefined variable: mess in /var/www/html/prof/Garden/Greenhous_prodi.php on line 135
[30-May-2026 07:47:29] PHP Notice:  Undefined variable: row in /var/www/html/prof/Garden/Greenhous_prodi.php on line 197
[30-May-2026 07:47:29] PHP Notice:  Undefined variable: row in /var/www/html/prof/Garden/Greenhous_prodi.php on line 219
[30-May-2026 07:47:29] PHP Notice:  Undefined variable: add_abadi in /var/www/html/prof/Garden/Greenhous_prodi.php on line 222
[30-May-2026 07:47:29] PHP Notice:  Undefined variable: add_city in /var/www/html/prof/Garden/Greenhous_prodi.php on line 223
[30-May-2026 07:47:46] PHP Notice:  Undefined variable: id in /var/www/html/prof/Garden/Greenh_prod.php on line 697
[30-May-2026 07:47:46] PHP Notice:  Undefined variable: id in /var/www/html/prof/Garden/Greenh_prod.php on line 700
[30-May-2026 07:47:46] PHP Notice:  Undefined variable: mah_name in /var/www/html/prof/Garden/Greenh_prod.php on line 837
[30-May-2026 07:47:46] PHP Notice:  Undefined variable: mah_name in /var/www/html/prof/Garden/Greenh_prod.php on line 837
[30-May-2026 07:47:46] PHP Notice:  Undefined variable: number in /var/www/html/prof/Garden/Greenh_prod.php on line 887
[30-May-2026 07:47:52] PHP Notice:  Undefined variable: id in /var/www/html/prof/Garden/Greenh_prod.php on line 697
[30-May-2026 07:47:52] PHP Notice:  Undefined variable: id in /var/www/html/prof/Garden/Greenh_prod.php on line 700
[30-May-2026 07:47:52] PHP Notice:  Undefined variable: mah_name in /var/www/html/prof/Garden/Greenh_prod.php on line 837
[30-May-2026 07:47:52] PHP Notice:  Undefined variable: mah_name in /var/www/html/prof/Garden/Greenh_prod.php on line 837
[30-May-2026 07:47:52] PHP Notice:  Undefined variable: number in /var/www/html/prof/Garden/Greenh_prod.php on line 887
[30-May-2026 07:47:55] PHP Notice:  Undefined variable: mess in /var/www/html/prof/Garden/Greenhous_prodi.php on line 43
[30-May-2026 07:47:55] PHP Notice:  Undefined variable: mess in /var/www/html/prof/Garden/Greenhous_prodi.php on line 58
[30-May-2026 07:47:55] PHP Notice:  Undefined variable: mess in /var/www/html/prof/Garden/Greenhous_prodi.php on line 135
[30-May-2026 07:47:55] PHP Notice:  Undefined variable: id_city in /var/www/html/prof/Garden/Greenhous_prodi.php on line 221
[30-May-2026 07:47:55] PHP Notice:  Undefined variable: add_abadi in /var/www/html/prof/Garden/Greenhous_prodi.php on line 222
[30-May-2026 07:47:55] PHP Notice:  Undefined variable: add_city in /var/www/html/prof/Garden/Greenhous_prodi.php on line 223
[30-May-2026 07:47:55] PHP Notice:  Undefined variable: mess in /var/www/html/prof/Garden/Greenhous_prodi.php on line 135
[30-May-2026 07:47:55] PHP Notice:  Undefined variable: add_abadi in /var/www/html/prof/Garden/Greenhous_prodi.php on line 222
[30-May-2026 07:47:55] PHP Notice:  Undefined variable: add_city in /var/www/html/prof/Garden/Greenhous_prodi.php on line 223
[30-May-2026 07:47:56] PHP Notice:  Undefined variable: t_mar in /var/www/html/prof/Garden/Greenh_prod.php on line 332
[30-May-2026 07:47:56] PHP Notice:  Undefined variable: z_dep in /var/www/html/prof/Garden/Greenh_prod.php on line 337
[30-May-2026 07:47:56] PHP Notice:  Undefined variable: t_zan in /var/www/html/prof/Garden/Greenh_prod.php on line 343
[30-May-2026 07:47:56] PHP Notice:  Undefined variable: lisan in /var/www/html/prof/Garden/Greenh_prod.php on line 347
[30-May-2026 07:47:56] PHP Notice:  Undefined variable: m_fani in /var/www/html/prof/Garden/Greenh_prod.php on line 355
[30-May-2026 07:47:56] PHP Notice:  Undefined variable: m_fani in /var/www/html/prof/Garden/Greenh_prod.php on line 356
[30-May-2026 07:47:56] PHP Notice:  Undefined variable: t_mar in /var/www/html/prof/Garden/Greenh_prod.php on line 361
[30-May-2026 07:47:56] PHP Notice:  Undefined variable: gar_ma in /var/www/html/prof/Garden/Greenh_prod.php on line 380
[30-May-2026 07:47:56] PHP Notice:  Undefined variable: gar_m in /var/www/html/prof/Garden/Greenh_prod.php on line 383
[30-May-2026 07:47:56] PHP Notice:  Undefined variable: gar_ja in /var/www/html/prof/Garden/Greenh_prod.php on line 386
[30-May-2026 07:47:56] PHP Notice:  Undefined variable: gar_j in /var/www/html/prof/Garden/Greenh_prod.php on line 389
[30-May-2026 07:47:56] PHP Notice:  Undefined variable: hash_ma in /var/www/html/prof/Garden/Greenh_prod.php on line 395
[30-May-2026 07:47:56] PHP Notice:  Undefined variable: hash_m in /var/www/html/prof/Garden/Greenh_prod.php on line 398
[30-May-2026 07:47:56] PHP Notice:  Undefined variable: hash_ja in /var/www/html/prof/Garden/Greenh_prod.php on line 401
[30-May-2026 07:47:56] PHP Notice:  Undefined variable: hash_j in /var/www/html/prof/Garden/Greenh_prod.php on line 404
[30-May-2026 07:47:56] PHP Notice:  Undefined variable: zof_ma in /var/www/html/prof/Garden/Greenh_prod.php on line 410
[30-May-2026 07:47:56] PHP Notice:  Undefined variable: zof_m in /var/www/html/prof/Garden/Greenh_prod.php on line 413
[30-May-2026 07:47:56] PHP Notice:  Undefined variable: zof_ja in /var/www/html/prof/Garden/Greenh_prod.php on line 416
[30-May-2026 07:47:56] PHP Notice:  Undefined variable: zof_j in /var/www/html/prof/Garden/Greenh_prod.php on line 419
[30-May-2026 07:47:56] PHP Notice:  Undefined variable: kod_h3_a in /var/www/html/prof/Garden/Greenh_prod.php on line 446
[30-May-2026 07:47:56] PHP Notice:  Undefined variable: kod_h3_m in /var/www/html/prof/Garden/Greenh_prod.php on line 449
[30-May-2026 07:47:56] PHP Notice:  Undefined variable: kod_h2_a in /var/www/html/prof/Garden/Greenh_prod.php on line 453
[30-May-2026 07:47:56] PHP Notice:  Undefined variable: kod_h2_m in /var/www/html/prof/Garden/Greenh_prod.php on line 456
[30-May-2026 07:47:56] PHP Notice:  Undefined variable: kod_h1_a in /var/www/html/prof/Garden/Greenh_prod.php on line 460
[30-May-2026 07:47:56] PHP Notice:  Undefined variable: kod_h1_m in /var/www/html/prof/Garden/Greenh_prod.php on line 463
[30-May-2026 07:47:56] PHP Notice:  Undefined variable: kod_sh3_a in /var/www/html/prof/Garden/Greenh_prod.php on line 470
[30-May-2026 07:47:56] PHP Notice:  Undefined variable: kod_sh3_m in /var/www/html/prof/Garden/Greenh_prod.php on line 473
[30-May-2026 07:47:56] PHP Notice:  Undefined variable: kod_sh2_a in /var/www/html/prof/Garden/Greenh_prod.php on line 477
[30-May-2026 07:47:56] PHP Notice:  Undefined variable: kod_sh2_m in /var/www/html/prof/Garden/Greenh_prod.php on line 480
[30-May-2026 07:47:56] PHP Notice:  Undefined variable: kod_sh1_a in /var/www/html/prof/Garden/Greenh_prod.php on line 484
[30-May-2026 07:47:56] PHP Notice:  Undefined variable: kod_sh1_m in /var/www/html/prof/Garden/Greenh_prod.php on line 487
[30-May-2026 07:47:56] PHP Notice:  Undefined variable: kod_bio3_a in /var/www/html/prof/Garden/Greenh_prod.php on line 494
[30-May-2026 07:47:56] PHP Notice:  Undefined variable: kod_bio3_m in /var/www/html/prof/Garden/Greenh_prod.php on line 497
[30-May-2026 07:47:56] PHP Notice:  Undefined variable: kod_bio2_a in /var/www/html/prof/Garden/Greenh_prod.php on line 501
[30-May-2026 07:47:56] PHP Notice:  Undefined variable: kod_bio2_m in /var/www/html/prof/Garden/Greenh_prod.php on line 504
[30-May-2026 07:47:56] PHP Notice:  Undefined variable: kod_bio1_a in /var/www/html/prof/Garden/Greenh_prod.php on line 508
[30-May-2026 07:47:56] PHP Notice:  Undefined variable: kod_bio1_m in /var/www/html/prof/Garden/Greenh_prod.php on line 511
[30-May-2026 07:47:56] PHP Notice:  Undefined variable: gazoil_m in /var/www/html/prof/Garden/Greenh_prod.php on line 545
[30-May-2026 07:47:56] PHP Notice:  Undefined variable: benz_m in /var/www/html/prof/Garden/Greenh_prod.php on line 548
[30-May-2026 07:47:56] PHP Notice:  Undefined variable: ab_m in /var/www/html/prof/Garden/Greenh_prod.php on line 551
[30-May-2026 07:47:56] PHP Notice:  Undefined variable: gazoil_a in /var/www/html/prof/Garden/Greenh_prod.php on line 567
[30-May-2026 07:47:56] PHP Notice:  Undefined variable: benz_a in /var/www/html/prof/Garden/Greenh_prod.php on line 570
[30-May-2026 07:47:56] PHP Notice:  Undefined variable: ab_a in /var/www/html/prof/Garden/Greenh_prod.php on line 573
[30-May-2026 07:47:56] PHP Notice:  Undefined variable: bazr_a in /var/www/html/prof/Garden/Greenh_prod.php on line 594
[30-May-2026 07:47:56] PHP Notice:  Undefined variable: bazr_m in /var/www/html/prof/Garden/Greenh_prod.php on line 598
[30-May-2026 07:47:56] PHP Notice:  Undefined variable: nesha_a in /var/www/html/prof/Garden/Greenh_prod.php on line 606
[30-May-2026 07:47:56] PHP Notice:  Undefined variable: nesha_m in /var/www/html/prof/Garden/Greenh_prod.php on line 611
[30-May-2026 07:47:56] PHP Notice:  Undefined variable: t_zgard in /var/www/html/prof/Garden/Greenh_prod.php on line 620
[30-May-2026 07:47:56] PHP Notice:  Undefined variable: t_hshekar in /var/www/html/prof/Garden/Greenh_prod.php on line 625
[30-May-2026 07:47:56] PHP Notice:  Undefined variable: b_say in /var/www/html/prof/Garden/Greenh_prod.php on line 647
[30-May-2026 07:47:56] PHP Notice:  Undefined variable: b_pet in /var/www/html/prof/Garden/Greenh_prod.php on line 650
[30-May-2026 07:47:56] PHP Notice:  Undefined variable: b_per in /var/www/html/prof/Garden/Greenh_prod.php on line 653
[30-May-2026 07:47:56] PHP Notice:  Undefined variable: b_mas in /var/www/html/prof/Garden/Greenh_prod.php on line 656
[30-May-2026 07:47:56] PHP Notice:  Undefined variable: b_coco in /var/www/html/prof/Garden/Greenh_prod.php on line 659
[30-May-2026 07:47:56] PHP Notice:  Undefined variable: id in /var/www/html/prof/Garden/Greenh_prod.php on line 697
[30-May-2026 07:47:56] PHP Notice:  Undefined variable: id in /var/www/html/prof/Garden/Greenh_prod.php on line 700
[30-May-2026 07:47:56] PHP Notice:  Undefined variable: id in /var/www/html/prof/Garden/Greenh_prod.php on line 713
[30-May-2026 07:47:56] PHP Notice:  Undefined variable: id in /var/www/html/prof/Garden/Greenh_prod.php on line 723
[30-May-2026 07:47:56] PHP Notice:  Undefined variable: mah_name in /var/www/html/prof/Garden/Greenh_prod.php on line 837
[30-May-2026 07:47:56] PHP Notice:  Undefined variable: mah_name in /var/www/html/prof/Garden/Greenh_prod.php on line 837
[30-May-2026 07:47:56] PHP Notice:  Undefined variable: number in /var/www/html/prof/Garden/Greenh_prod.php on line 887
[30-May-2026 07:47:56] PHP Notice:  Undefined variable: id_city in /var/www/html/prof/Garden/liste_Greenhousn_old.php on line 153
[30-May-2026 07:47:56] PHP Notice:  Undefined variable: id_city in /var/www/html/prof/Garden/liste_Greenhousn_old.php on line 162
[30-May-2026 07:47:56] PHP Notice:  Undefined variable: id_city in /var/www/html/prof/Garden/liste_Greenhousn_old.php on line 174
[30-May-2026 07:47:56] PHP Notice:  Undefined variable: id_city in /var/www/html/prof/Garden/liste_Greenhousn_old.php on line 174
[30-May-2026 07:47:56] PHP Notice:  Undefined variable: id_city in /var/www/html/prof/Garden/liste_Greenhousn_old.php on line 174
[30-May-2026 07:47:56] PHP Notice:  Undefined variable: id_city in /var/www/html/prof/Garden/liste_Greenhousn_old.php on line 174
[30-May-2026 07:47:56] PHP Notice:  Undefined variable: id_city in /var/www/html/prof/Garden/liste_Greenhousn_old.php on line 174
[30-May-2026 07:47:56] PHP Notice:  Undefined variable: id_city in /var/www/html/prof/Garden/liste_Greenhousn_old.php on line 174
[30-May-2026 07:47:56] PHP Notice:  Undefined variable: id_city in /var/www/html/prof/Garden/liste_Greenhousn_old.php on line 174
[30-May-2026 07:47:56] PHP Notice:  Undefined variable: id_city in /var/www/html/prof/Garden/liste_Greenhousn_old.php on line 174
[30-May-2026 07:47:56] PHP Notice:  Undefined variable: id_city in /var/www/html/prof/Garden/liste_Greenhousn_old.php on line 174
[30-May-2026 07:47:56] PHP Notice:  Undefined variable: id_city in /var/www/html/prof/Garden/liste_Greenhousn_old.php on line 174
[30-May-2026 07:47:56] PHP Notice:  Undefined variable: id_city in /var/www/html/prof/Garden/liste_Greenhousn_old.php on line 174
[30-May-2026 07:47:56] PHP Notice:  Undefined variable: id_city in /var/www/html/prof/Garden/liste_Greenhousn_old.php on line 174
[30-May-2026 07:47:56] PHP Notice:  Undefined variable: id_city in /var/www/html/prof/Garden/liste_Greenhousn_old.php on line 174
[30-May-2026 07:47:56] PHP Notice:  Undefined variable: id_city in /var/www/html/prof/Garden/liste_Greenhousn_old.php on line 174
[30-May-2026 07:47:56] PHP Notice:  Undefined variable: id_city in /var/www/html/prof/Garden/liste_Greenhousn_old.php on line 174
[30-May-2026 07:47:56] PHP Notice:  Undefined variable: id_city in /var/www/html/prof/Garden/liste_Greenhousn_old.php on line 174
[30-May-2026 07:47:56] PHP Notice:  Undefined variable: id_city in /var/www/html/prof/Garden/liste_Greenhousn_old.php on line 174
[30-May-2026 07:47:56] PHP Notice:  Undefined variable: id_city in /var/www/html/prof/Garden/liste_Greenhousn_old.php on line 174
[30-May-2026 07:47:56] PHP Notice:  Undefined variable: id_city in /var/www/html/prof/Garden/liste_Greenhousn_old.php on line 174
[30-May-2026 07:47:56] PHP Notice:  Undefined variable: id_city in /var/www/html/prof/Garden/liste_Greenhousn_old.php on line 174
[30-May-2026 07:47:56] PHP Notice:  Undefined variable: id_city in /var/www/html/prof/Garden/liste_Greenhousn_old.php on line 174
[30-May-2026 07:47:56] PHP Notice:  Undefined variable: id_city in /var/www/html/prof/Garden/liste_Greenhousn_old.php on line 174
[30-May-2026 07:47:56] PHP Notice:  Undefined variable: id_city in /var/www/html/prof/Garden/liste_Greenhousn_old.php on line 174
[30-May-2026 07:47:56] PHP Notice:  Undefined variable: id_city in /var/www/html/prof/Garden/liste_Greenhousn_old.php on line 174
[30-May-2026 07:47:56] PHP Notice:  Undefined variable: id_city in /var/www/html/prof/Garden/liste_Greenhousn_old.php on line 174
[30-May-2026 07:47:56] PHP Notice:  Undefined variable: id_city in /var/www/html/prof/Garden/liste_Greenhousn_old.php on line 174
[30-May-2026 07:47:56] PHP Notice:  Undefined variable: sys_kesh in /var/www/html/prof/Garden/liste_Greenhousn_old.php on line 187
[30-May-2026 07:47:56] PHP Notice:  Undefined variable: sys_kesh in /var/www/html/prof/Garden/liste_Greenhousn_old.php on line 188
[30-May-2026 07:47:56] PHP Notice:  Undefined variable: sys_kesh in /var/www/html/prof/Garden/liste_Greenhousn_old.php on line 189
[30-May-2026 07:47:56] PHP Notice:  Undefined variable: no_kesht in /var/www/html/prof/Garden/liste_Greenhousn_old.php on line 197
[30-May-2026 07:47:56] PHP Notice:  Undefined variable: no_kesht in /var/www/html/prof/Garden/liste_Greenhousn_old.php on line 198
[30-May-2026 07:47:56] PHP Notice:  Undefined variable: no_gol in /var/www/html/prof/Garden/liste_Greenhousn_old.php on line 208
[30-May-2026 07:47:56] PHP Notice:  Undefined variable: no_gol in /var/www/html/prof/Garden/liste_Greenhousn_old.php on line 209
[30-May-2026 07:47:56] PHP Notice:  Undefined variable: no_gol in /var/www/html/prof/Garden/liste_Greenhousn_old.php on line 210
[30-May-2026 07:47:56] PHP Notice:  Undefined variable: no_gol in /var/www/html/prof/Garden/liste_Greenhousn_old.php on line 211
[30-May-2026 07:47:56] PHP Notice:  Undefined variable: no_saz in /var/www/html/prof/Garden/liste_Greenhousn_old.php on line 217
[30-May-2026 07:47:56] PHP Notice:  Undefined variable: no_saz in /var/www/html/prof/Garden/liste_Greenhousn_old.php on line 218
[30-May-2026 07:47:56] PHP Notice:  Undefined variable: no_saz in /var/www/html/prof/Garden/liste_Greenhousn_old.php on line 219
[30-May-2026 07:47:56] PHP Notice:  Undefined variable: no_saz in /var/www/html/prof/Garden/liste_Greenhousn_old.php on line 220
[30-May-2026 07:47:56] PHP Notice:  Undefined variable: sys_hot in /var/www/html/prof/Garden/liste_Greenhousn_old.php on line 229
[30-May-2026 07:47:56] PHP Notice:  Undefined variable: sys_hot in /var/www/html/prof/Garden/liste_Greenhousn_old.php on line 230
[30-May-2026 07:47:56] PHP Notice:  Undefined variable: sys_hot in /var/www/html/prof/Garden/liste_Greenhousn_old.php on line 231
[30-May-2026 07:47:56] PHP Notice:  Undefined variable: no_mal in /var/www/html/prof/Garden/liste_Greenhousn_old.php on line 238
[30-May-2026 07:47:56] PHP Notice:  Undefined variable: no_mal in /var/www/html/prof/Garden/liste_Greenhousn_old.php on line 239
[30-May-2026 07:47:56] PHP Notice:  Undefined variable: no_mal in /var/www/html/prof/Garden/liste_Greenhousn_old.php on line 240
[30-May-2026 07:47:56] PHP Notice:  Undefined variable: no_mal in /var/www/html/prof/Garden/liste_Greenhousn_old.php on line 241
[30-May-2026 07:47:56] PHP Notice:  Undefined variable: no_mal in /var/www/html/prof/Garden/liste_Greenhousn_old.php on line 242
[30-May-2026 07:47:56] PHP Notice:  Undefined variable: no_mal in /var/www/html/prof/Garden/liste_Greenhousn_old.php on line 243
[30-May-2026 07:47:56] PHP Notice:  Undefined variable: no_mal in /var/www/html/prof/Garden/liste_Greenhousn_old.php on line 244
[30-May-2026 07:47:56] PHP Notice:  Undefined variable: bah_cod_m in /var/www/html/prof/Garden/liste_Greenhousn_old.php on line 251
[30-May-2026 07:47:56] PHP Notice:  Undefined variable: query1 in /var/www/html/prof/Garden/liste_Greenhousn_old.php on line 428
[30-May-2026 07:47:56] PHP Notice:  Undefined variable: limit in /var/www/html/prof/Garden/liste_Greenhousn_old.php on line 431
[30-May-2026 07:47:56] PHP Warning:  Division by zero in /var/www/html/prof/Garden/liste_Greenhousn_old.php on line 431
[30-May-2026 07:47:56] PHP Notice:  Undefined variable: id in /var/www/html/prof/Garden/liste_Greenhousn_old.php on line 432
[30-May-2026 07:47:56] PHP Notice:  Undefined variable: id in /var/www/html/prof/Garden/liste_Greenhousn_old.php on line 452
[30-May-2026 07:47:56] PHP Warning:  session_regenerate_id(): Cannot regenerate session id - headers already sent in /var/www/html/prof/Garden/liste_Greenhousn_old.php on line 513
[30-May-2026 07:47:57] PHP Notice:  Undefined index: bah_cod_m in /var/www/html/prof/Garden/manager_Garden.php on line 40
[30-May-2026 07:47:59] PHP Notice:  Undefined index: m_poul in /var/www/html/prof/Garden/Garden_edit.php on line 6
[30-May-2026 07:47:59] PHP Notice:  Undefined variable: mess in /var/www/html/prof/Garden/Garden_edit.php on line 149
[30-May-2026 07:48:00] PHP Notice:  Undefined index: bah_cod_m in /var/www/html/prof/Garden/Greenhous_prodi.php on line 9
[30-May-2026 07:48:00] PHP Notice:  Undefined index: unit_id in /var/www/html/prof/Garden/Greenhous_prodi.php on line 10
[30-May-2026 07:48:00] PHP Notice:  Undefined index: y_prod in /var/www/html/prof/Garden/Greenhous_prodi.php on line 14
[30-May-2026 07:48:00] PHP Notice:  Undefined index: v_unit in /var/www/html/prof/Garden/Greenhous_prodi.php on line 15
[30-May-2026 07:48:00] PHP Notice:  Undefined index: unit_id in /var/www/html/prof/Garden/Greenhous_prodi.php on line 16
[30-May-2026 07:48:00] PHP Notice:  Undefined index: num_bah in /var/www/html/prof/Garden/Greenhous_prodi.php on line 17
[30-May-2026 07:48:00] PHP Notice:  Undefined variable: mess in /var/www/html/prof/Garden/Greenhous_prodi.php on line 135
[30-May-2026 07:48:00] PHP Notice:  Undefined variable: row in /var/www/html/prof/Garden/Greenhous_prodi.php on line 197
[30-May-2026 07:48:00] PHP Notice:  Undefined variable: row in /var/www/html/prof/Garden/Greenhous_prodi.php on line 219
[30-May-2026 07:48:00] PHP Notice:  Undefined variable: add_abadi in /var/www/html/prof/Garden/Greenhous_prodi.php on line 222
[30-May-2026 07:48:00] PHP Notice:  Undefined variable: add_city in /var/www/html/prof/Garden/Greenhous_prodi.php on line 223
[30-May-2026 07:48:01] PHP Notice:  Undefined variable: mess in /var/www/html/prof/Garden/Garden_edit.php on line 46
[30-May-2026 07:48:01] PHP Notice:  Undefined variable: mess in /var/www/html/prof/Garden/Garden_edit.php on line 149
[30-May-2026 07:48:01] PHP Notice:  Undefined index: jens in /var/www/html/prof/Garden/Gardendata_edit.php on line 452
[30-May-2026 07:48:01] PHP Notice:  Undefined index: jens in /var/www/html/prof/Garden/Gardendata_edit.php on line 453
[30-May-2026 07:48:01] PHP Notice:  Undefined variable: mess in /var/www/html/prof/Garden/Garden_edit.php on line 46
[30-May-2026 07:48:02] PHP Notice:  Undefined index: m_poul in /var/www/html/prof/Garden/Garden_edit.php on line 6
[30-May-2026 07:48:02] PHP Notice:  Undefined variable: id_page in /var/www/html/prof/Garden/Garden_edit.php on line 9
[30-May-2026 07:48:02] PHP Notice:  Undefined variable: mess in /var/www/html/prof/Garden/Garden_edit.php on line 149
[30-May-2026 07:48:02] PHP Notice:  Undefined variable: mess in /var/www/html/prof/Garden/Garden_edit.php on line 149
[30-May-2026 07:48:02] PHP Notice:  Undefined index: m_poul in /var/www/html/prof/Garden/Garden_edit.php on line 6
[30-May-2026 07:48:02] PHP Notice:  Undefined variable: mess in /var/www/html/prof/Garden/Garden_edit.php on line 149
[30-May-2026 07:48:02] PHP Notice:  Undefined index: jens in /var/www/html/prof/Garden/Gardendata_edit.php on line 452
[30-May-2026 07:48:02] PHP Notice:  Undefined index: jens in /var/www/html/prof/Garden/Gardendata_edit.php on line 453
[30-May-2026 07:48:04] PHP Notice:  Undefined variable: mess in /var/www/html/prof/Garden/Garden_edit.php on line 46
[30-May-2026 07:48:04] PHP Notice:  Undefined variable: mess in /var/www/html/prof/Garden/Garden_edit.php on line 149
[30-May-2026 07:48:04] PHP Notice:  Undefined index: jens in /var/www/html/prof/Garden/Gardendata_edit.php on line 452
[30-May-2026 07:48:04] PHP Notice:  Undefined index: jens in /var/www/html/prof/Garden/Gardendata_edit.php on line 453
[30-May-2026 07:48:04] PHP Notice:  Undefined index: bah_cod_m in /var/www/html/prof/Garden/Greenhous_prodi.php on line 9
[30-May-2026 07:48:04] PHP Notice:  Undefined index: unit_id in /var/www/html/prof/Garden/Greenhous_prodi.php on line 10
[30-May-2026 07:48:04] PHP Notice:  Undefined index: y_prod in /var/www/html/prof/Garden/Greenhous_prodi.php on line 14
[30-May-2026 07:48:04] PHP Notice:  Undefined index: v_unit in /var/www/html/prof/Garden/Greenhous_prodi.php on line 15
[30-May-2026 07:48:04] PHP Notice:  Undefined index: unit_id in /var/www/html/prof/Garden/Greenhous_prodi.php on line 16
[30-May-2026 07:48:04] PHP Notice:  Undefined index: num_bah in /var/www/html/prof/Garden/Greenhous_prodi.php on line 17
[30-May-2026 07:48:04] PHP Notice:  Undefined variable: mess in /var/www/html/prof/Garden/Greenhous_prodi.php on line 135
[30-May-2026 07:48:04] PHP Notice:  Undefined variable: row in /var/www/html/prof/Garden/Greenhous_prodi.php on line 197
[30-May-2026 07:48:04] PHP Notice:  Undefined variable: row in /var/www/html/prof/Garden/Greenhous_prodi.php on line 219
[30-May-2026 07:48:04] PHP Notice:  Undefined variable: add_abadi in /var/www/html/prof/Garden/Greenhous_prodi.php on line 222
[30-May-2026 07:48:04] PHP Notice:  Undefined variable: add_city in /var/www/html/prof/Garden/Greenhous_prodi.php on line 223
[30-May-2026 07:48:04] PHP Notice:  Undefined variable: mess in /var/www/html/prof/Garden/Greenhous_prodi.php on line 43
[30-May-2026 07:48:04] PHP Notice:  Undefined variable: mess in /var/www/html/prof/Garden/Greenhous_prodi.php on line 58
[30-May-2026 07:48:04] PHP Notice:  Undefined variable: mess in /var/www/html/prof/Garden/Greenhous_prodi.php on line 135
[30-May-2026 07:48:04] PHP Notice:  Undefined variable: add_abadi in /var/www/html/prof/Garden/Greenhous_prodi.php on line 222
[30-May-2026 07:48:04] PHP Notice:  Undefined variable: add_city in /var/www/html/prof/Garden/Greenhous_prodi.php on line 223
[30-May-2026 07:48:05] PHP Notice:  Undefined variable: t_mar in /var/www/html/prof/Garden/Greenh_prod.php on line 332
[30-May-2026 07:48:05] PHP Notice:  Undefined variable: z_dep in /var/www/html/prof/Garden/Greenh_prod.php on line 337
[30-May-2026 07:48:05] PHP Notice:  Undefined variable: t_zan in /var/www/html/prof/Garden/Greenh_prod.php on line 343
[30-May-2026 07:48:05] PHP Notice:  Undefined variable: lisan in /var/www/html/prof/Garden/Greenh_prod.php on line 347
[30-May-2026 07:48:05] PHP Notice:  Undefined variable: m_fani in /var/www/html/prof/Garden/Greenh_prod.php on line 355
[30-May-2026 07:48:05] PHP Notice:  Undefined variable: m_fani in /var/www/html/prof/Garden/Greenh_prod.php on line 356
[30-May-2026 07:48:05] PHP Notice:  Undefined variable: t_mar in /var/www/html/prof/Garden/Greenh_prod.php on line 361
[30-May-2026 07:48:05] PHP Notice:  Undefined variable: gar_ma in /var/www/html/prof/Garden/Greenh_prod.php on line 380
[30-May-2026 07:48:05] PHP Notice:  Undefined variable: gar_m in /var/www/html/prof/Garden/Greenh_prod.php on line 383
[30-May-2026 07:48:05] PHP Notice:  Undefined variable: gar_ja in /var/www/html/prof/Garden/Greenh_prod.php on line 386
[30-May-2026 07:48:05] PHP Notice:  Undefined variable: gar_j in /var/www/html/prof/Garden/Greenh_prod.php on line 389
[30-May-2026 07:48:05] PHP Notice:  Undefined variable: hash_ma in /var/www/html/prof/Garden/Greenh_prod.php on line 395
[30-May-2026 07:48:05] PHP Notice:  Undefined variable: hash_m in /var/www/html/prof/Garden/Greenh_prod.php on line 398
[30-May-2026 07:48:05] PHP Notice:  Undefined variable: hash_ja in /var/www/html/prof/Garden/Greenh_prod.php on line 401
[30-May-2026 07:48:05] PHP Notice:  Undefined variable: hash_j in /var/www/html/prof/Garden/Greenh_prod.php on line 404
[30-May-2026 07:48:05] PHP Notice:  Undefined variable: zof_ma in /var/www/html/prof/Garden/Greenh_prod.php on line 410
[30-May-2026 07:48:05] PHP Notice:  Undefined variable: zof_m in /var/www/html/prof/Garden/Greenh_prod.php on line 413
[30-May-2026 07:48:05] PHP Notice:  Undefined variable: zof_ja in /var/www/html/prof/Garden/Greenh_prod.php on line 416
[30-May-2026 07:48:05] PHP Notice:  Undefined variable: zof_j in /var/www/html/prof/Garden/Greenh_prod.php on line 419
[30-May-2026 07:48:05] PHP Notice:  Undefined variable: kod_h3_a in /var/www/html/prof/Garden/Greenh_prod.php on line 446
[30-May-2026 07:48:05] PHP Notice:  Undefined variable: kod_h3_m in /var/www/html/prof/Garden/Greenh_prod.php on line 449
[30-May-2026 07:48:05] PHP Notice:  Undefined variable: kod_h2_a in /var/www/html/prof/Garden/Greenh_prod.php on line 453
[30-May-2026 07:48:05] PHP Notice:  Undefined variable: kod_h2_m in /var/www/html/prof/Garden/Greenh_prod.php on line 456
[30-May-2026 07:48:05] PHP Notice:  Undefined variable: kod_h1_a in /var/www/html/prof/Garden/Greenh_prod.php on line 460
[30-May-2026 07:48:05] PHP Notice:  Undefined variable: kod_h1_m in /var/www/html/prof/Garden/Greenh_prod.php on line 463
[30-May-2026 07:48:05] PHP Notice:  Undefined variable: kod_sh3_a in /var/www/html/prof/Garden/Greenh_prod.php on line 470
[30-May-2026 07:48:05] PHP Notice:  Undefined variable: kod_sh3_m in /var/www/html/prof/Garden/Greenh_prod.php on line 473
[30-May-2026 07:48:05] PHP Notice:  Undefined variable: kod_sh2_a in /var/www/html/prof/Garden/Greenh_prod.php on line 477
[30-May-2026 07:48:05] PHP Notice:  Undefined variable: kod_sh2_m in /var/www/html/prof/Garden/Greenh_prod.php on line 480
[30-May-2026 07:48:05] PHP Notice:  Undefined variable: kod_sh1_a in /var/www/html/prof/Garden/Greenh_prod.php on line 484
[30-May-2026 07:48:05] PHP Notice:  Undefined variable: kod_sh1_m in /var/www/html/prof/Garden/Greenh_prod.php on line 487
[30-May-2026 07:48:05] PHP Notice:  Undefined variable: kod_bio3_a in /var/www/html/prof/Garden/Greenh_prod.php on line 494
[30-May-2026 07:48:05] PHP Notice:  Undefined variable: kod_bio3_m in /var/www/html/prof/Garden/Greenh_prod.php on line 497
[30-May-2026 07:48:05] PHP Notice:  Undefined variable: kod_bio2_a in /var/www/html/prof/Garden/Greenh_prod.php on line 501
[30-May-2026 07:48:05] PHP Notice:  Undefined variable: kod_bio2_m in /var/www/html/prof/Garden/Greenh_prod.php on line 504
[30-May-2026 07:48:05] PHP Notice:  Undefined variable: kod_bio1_a in /var/www/html/prof/Garden/Greenh_prod.php on line 508
[30-May-2026 07:48:05] PHP Notice:  Undefined variable: kod_bio1_m in /var/www/html/prof/Garden/Greenh_prod.php on line 511
[30-May-2026 07:48:05] PHP Notice:  Undefined variable: barg_m in /var/www/html/prof/Garden/Greenh_prod.php on line 541
[30-May-2026 07:48:05] PHP Notice:  Undefined variable: gazoil_m in /var/www/html/prof/Garden/Greenh_prod.php on line 545
[30-May-2026 07:48:05] PHP Notice:  Undefined variable: benz_m in /var/www/html/prof/Garden/Greenh_prod.php on line 548
[30-May-2026 07:48:05] PHP Notice:  Undefined variable: ab_m in /var/www/html/prof/Garden/Greenh_prod.php on line 551
[30-May-2026 07:48:05] PHP Notice:  Undefined variable: barg_a in /var/www/html/prof/Garden/Greenh_prod.php on line 563
[30-May-2026 07:48:05] PHP Notice:  Undefined variable: gazoil_a in /var/www/html/prof/Garden/Greenh_prod.php on line 567
[30-May-2026 07:48:05] PHP Notice:  Undefined variable: benz_a in /var/www/html/prof/Garden/Greenh_prod.php on line 570
[30-May-2026 07:48:05] PHP Notice:  Undefined variable: ab_a in /var/www/html/prof/Garden/Greenh_prod.php on line 573
[30-May-2026 07:48:05] PHP Notice:  Undefined variable: bazr_a in /var/www/html/prof/Garden/Greenh_prod.php on line 594
[30-May-2026 07:48:05] PHP Notice:  Undefined variable: bazr_m in /var/www/html/prof/Garden/Greenh_prod.php on line 598
[30-May-2026 07:48:05] PHP Notice:  Undefined variable: nesha_a in /var/www/html/prof/Garden/Greenh_prod.php on line 606
[30-May-2026 07:48:05] PHP Notice:  Undefined variable: nesha_m in /var/www/html/prof/Garden/Greenh_prod.php on line 611
[30-May-2026 07:48:05] PHP Notice:  Undefined variable: t_zgard in /var/www/html/prof/Garden/Greenh_prod.php on line 620
[30-May-2026 07:48:05] PHP Notice:  Undefined variable: t_hshekar in /var/www/html/prof/Garden/Greenh_prod.php on line 625
[30-May-2026 07:48:05] PHP Notice:  Undefined variable: b_say in /var/www/html/prof/Garden/Greenh_prod.php on line 647
[30-May-2026 07:48:05] PHP Notice:  Undefined variable: b_pet in /var/www/html/prof/Garden/Greenh_prod.php on line 650
[30-May-2026 07:48:05] PHP Notice:  Undefined variable: b_per in /var/www/html/prof/Garden/Greenh_prod.php on line 653
[30-May-2026 07:48:05] PHP Notice:  Undefined variable: b_mas in /var/www/html/prof/Garden/Greenh_prod.php on line 656
[30-May-2026 07:48:05] PHP Notice:  Undefined variable: b_coco in /var/www/html/prof/Garden/Greenh_prod.php on line 659
[30-May-2026 07:48:05] PHP Notice:  Undefined variable: id in /var/www/html/prof/Garden/Greenh_prod.php on line 697
[30-May-2026 07:48:05] PHP Notice:  Undefined variable: id in /var/www/html/prof/Garden/Greenh_prod.php on line 700
[30-May-2026 07:48:05] PHP Notice:  Undefined variable: id in /var/www/html/prof/Garden/Greenh_prod.php on line 713
[30-May-2026 07:48:05] PHP Notice:  Undefined variable: id in /var/www/html/prof/Garden/Greenh_prod.php on line 723
[30-May-2026 07:48:05] PHP Notice:  Undefined variable: mah_name in /var/www/html/prof/Garden/Greenh_prod.php on line 837
[30-May-2026 07:48:05] PHP Notice:  Undefined variable: mah_name in /var/www/html/prof/Garden/Greenh_prod.php on line 837
[30-May-2026 07:48:05] PHP Notice:  Undefined variable: number in /var/www/html/prof/Garden/Greenh_prod.php on line 887
